timestamp_utc,marginal_es_eur_mwh
2013-12-31 23:00:00+00:00,134.49
2014-01-01 00:00:00+00:00,131.59
2014-01-01 01:00:00+00:00,131.49
2014-01-01 02:00:00+00:00,131.42
2014-01-01 03:00:00+00:00,120.49
2014-01-01 04:00:00+00:00,112.3
2014-01-01 05:00:00+00:00,112.3
2014-01-01 06:00:00+00:00,111.88
2014-01-01 07:00:00+00:00,112.09
2014-01-01 08:00:00+00:00,94.99
2014-01-01 09:00:00+00:00,35.0
2014-01-01 10:00:00+00:00,20.59
2014-01-01 11:00:00+00:00,28.11
2014-01-01 12:00:00+00:00,30.0
2014-01-01 13:00:00+00:00,21.5
2014-01-01 14:00:00+00:00,10.68
2014-01-01 15:00:00+00:00,72.0
2014-01-01 16:00:00+00:00,125.49
2014-01-01 17:00:00+00:00,149.72
2014-01-01 18:00:00+00:00,150.67
2014-01-01 19:00:00+00:00,152.99
2014-01-01 20:00:00+00:00,151.69
2014-01-01 21:00:00+00:00,147.75
2014-01-01 22:00:00+00:00,133.06
2014-01-01 23:00:00+00:00,137.12
2014-01-02 00:00:00+00:00,123.03
2014-01-02 01:00:00+00:00,100.2
2014-01-02 02:00:00+00:00,99.82
2014-01-02 03:00:00+00:00,99.82
2014-01-02 04:00:00+00:00,100.08
2014-01-02 05:00:00+00:00,128.44
2014-01-02 06:00:00+00:00,143.96
2014-01-02 07:00:00+00:00,152.92
2014-01-02 08:00:00+00:00,152.16
2014-01-02 09:00:00+00:00,129.04
2014-01-02 10:00:00+00:00,125.7
2014-01-02 11:00:00+00:00,125.72
2014-01-02 12:00:00+00:00,119.3
2014-01-02 13:00:00+00:00,124.65
2014-01-02 14:00:00+00:00,130.11
2014-01-02 15:00:00+00:00,139.5
2014-01-02 16:00:00+00:00,153.4
2014-01-02 17:00:00+00:00,159.18
2014-01-02 18:00:00+00:00,160.99
2014-01-02 19:00:00+00:00,161.1
2014-01-02 20:00:00+00:00,157.88
2014-01-02 21:00:00+00:00,152.44
2014-01-02 22:00:00+00:00,140.0
2014-01-02 23:00:00+00:00,121.52
2014-01-03 00:00:00+00:00,104.9
2014-01-03 01:00:00+00:00,93.94
2014-01-03 02:00:00+00:00,91.1
2014-01-03 03:00:00+00:00,88.46
2014-01-03 04:00:00+00:00,92.25
2014-01-03 05:00:00+00:00,100.14
2014-01-03 06:00:00+00:00,126.0
2014-01-03 07:00:00+00:00,141.2
2014-01-03 08:00:00+00:00,138.0
2014-01-03 09:00:00+00:00,130.52
2014-01-03 10:00:00+00:00,123.2
2014-01-03 11:00:00+00:00,113.51
2014-01-03 12:00:00+00:00,107.6
2014-01-03 13:00:00+00:00,105.88
2014-01-03 14:00:00+00:00,110.22
2014-01-03 15:00:00+00:00,123.2
2014-01-03 16:00:00+00:00,141.2
2014-01-03 17:00:00+00:00,149.62
2014-01-03 18:00:00+00:00,151.25
2014-01-03 19:00:00+00:00,151.25
2014-01-03 20:00:00+00:00,149.12
2014-01-03 21:00:00+00:00,145.58
2014-01-03 22:00:00+00:00,136.42
2014-01-03 23:00:00+00:00,109.06
2014-01-04 00:00:00+00:00,101.0
2014-01-04 01:00:00+00:00,95.53
2014-01-04 02:00:00+00:00,94.33
2014-01-04 03:00:00+00:00,96.62
2014-01-04 04:00:00+00:00,102.63
2014-01-04 05:00:00+00:00,110.89
2014-01-04 06:00:00+00:00,120.25
2014-01-04 07:00:00+00:00,128.39
2014-01-04 08:00:00+00:00,128.41
2014-01-04 09:00:00+00:00,118.99
2014-01-04 10:00:00+00:00,99.0
2014-01-04 11:00:00+00:00,82.52
2014-01-04 12:00:00+00:00,82.27
2014-01-04 13:00:00+00:00,88.22
2014-01-04 14:00:00+00:00,97.35
2014-01-04 15:00:00+00:00,119.47
2014-01-04 16:00:00+00:00,134.63
2014-01-04 17:00:00+00:00,145.0
2014-01-04 18:00:00+00:00,139.73
2014-01-04 19:00:00+00:00,130.49
2014-01-04 20:00:00+00:00,123.82
2014-01-04 21:00:00+00:00,119.23
2014-01-04 22:00:00+00:00,109.9
2014-01-04 23:00:00+00:00,101.77
2014-01-05 00:00:00+00:00,70.5
2014-01-05 01:00:00+00:00,64.81
2014-01-05 02:00:00+00:00,46.7
2014-01-05 03:00:00+00:00,43.87
2014-01-05 04:00:00+00:00,36.61
2014-01-05 05:00:00+00:00,34.04
2014-01-05 06:00:00+00:00,44.0
2014-01-05 07:00:00+00:00,51.27
2014-01-05 08:00:00+00:00,50.0
2014-01-05 09:00:00+00:00,49.81
2014-01-05 10:00:00+00:00,43.05
2014-01-05 11:00:00+00:00,45.74
2014-01-05 12:00:00+00:00,35.19
2014-01-05 13:00:00+00:00,30.0
2014-01-05 14:00:00+00:00,28.0
2014-01-05 15:00:00+00:00,35.22
2014-01-05 16:00:00+00:00,57.72
2014-01-05 17:00:00+00:00,64.81
2014-01-05 18:00:00+00:00,64.81
2014-01-05 19:00:00+00:00,65.2
2014-01-05 20:00:00+00:00,68.5
2014-01-05 21:00:00+00:00,60.0
2014-01-05 22:00:00+00:00,43.01
2014-01-05 23:00:00+00:00,13.28
2014-01-06 00:00:00+00:00,8.35
2014-01-06 01:00:00+00:00,5.23
2014-01-06 02:00:00+00:00,3.52
2014-01-06 03:00:00+00:00,3.52
2014-01-06 04:00:00+00:00,5.61
2014-01-06 05:00:00+00:00,11.27
2014-01-06 06:00:00+00:00,37.0
2014-01-06 07:00:00+00:00,58.15
2014-01-06 08:00:00+00:00,51.15
2014-01-06 09:00:00+00:00,40.81
2014-01-06 10:00:00+00:00,32.83
2014-01-06 11:00:00+00:00,31.28
2014-01-06 12:00:00+00:00,22.99
2014-01-06 13:00:00+00:00,14.0
2014-01-06 14:00:00+00:00,14.0
2014-01-06 15:00:00+00:00,38.49
2014-01-06 16:00:00+00:00,67.5
2014-01-06 17:00:00+00:00,91.4
2014-01-06 18:00:00+00:00,110.0
2014-01-06 19:00:00+00:00,116.2
2014-01-06 20:00:00+00:00,117.78
2014-01-06 21:00:00+00:00,105.93
2014-01-06 22:00:00+00:00,90.0
2014-01-06 23:00:00+00:00,64.07
2014-01-07 00:00:00+00:00,60.0
2014-01-07 01:00:00+00:00,49.9
2014-01-07 02:00:00+00:00,38.41
2014-01-07 03:00:00+00:00,19.2
2014-01-07 04:00:00+00:00,38.7
2014-01-07 05:00:00+00:00,60.08
2014-01-07 06:00:00+00:00,97.56
2014-01-07 07:00:00+00:00,115.0
2014-01-07 08:00:00+00:00,105.18
2014-01-07 09:00:00+00:00,93.49
2014-01-07 10:00:00+00:00,74.93
2014-01-07 11:00:00+00:00,71.25
2014-01-07 12:00:00+00:00,71.62
2014-01-07 13:00:00+00:00,72.57
2014-01-07 14:00:00+00:00,85.0
2014-01-07 15:00:00+00:00,100.64
2014-01-07 16:00:00+00:00,118.34
2014-01-07 17:00:00+00:00,128.87
2014-01-07 18:00:00+00:00,125.0
2014-01-07 19:00:00+00:00,113.97
2014-01-07 20:00:00+00:00,110.76
2014-01-07 21:00:00+00:00,98.53
2014-01-07 22:00:00+00:00,89.27
2014-01-07 23:00:00+00:00,74.23
2014-01-08 00:00:00+00:00,69.5
2014-01-08 01:00:00+00:00,59.97
2014-01-08 02:00:00+00:00,53.0
2014-01-08 03:00:00+00:00,59.52
2014-01-08 04:00:00+00:00,70.2
2014-01-08 05:00:00+00:00,97.41
2014-01-08 06:00:00+00:00,124.39
2014-01-08 07:00:00+00:00,135.01
2014-01-08 08:00:00+00:00,130.01
2014-01-08 09:00:00+00:00,108.8
2014-01-08 10:00:00+00:00,104.46
2014-01-08 11:00:00+00:00,97.57
2014-01-08 12:00:00+00:00,90.79
2014-01-08 13:00:00+00:00,88.81
2014-01-08 14:00:00+00:00,90.01
2014-01-08 15:00:00+00:00,105.48
2014-01-08 16:00:00+00:00,113.75
2014-01-08 17:00:00+00:00,122.0
2014-01-08 18:00:00+00:00,131.0
2014-01-08 19:00:00+00:00,124.81
2014-01-08 20:00:00+00:00,112.66
2014-01-08 21:00:00+00:00,111.9
2014-01-08 22:00:00+00:00,98.77
2014-01-08 23:00:00+00:00,60.38
2014-01-09 00:00:00+00:00,49.9
2014-01-09 01:00:00+00:00,40.52
2014-01-09 02:00:00+00:00,25.61
2014-01-09 03:00:00+00:00,13.01
2014-01-09 04:00:00+00:00,30.29
2014-01-09 05:00:00+00:00,60.08
2014-01-09 06:00:00+00:00,90.79
2014-01-09 07:00:00+00:00,100.99
2014-01-09 08:00:00+00:00,102.44
2014-01-09 09:00:00+00:00,97.45
2014-01-09 10:00:00+00:00,90.41
2014-01-09 11:00:00+00:00,88.34
2014-01-09 12:00:00+00:00,79.9
2014-01-09 13:00:00+00:00,79.05
2014-01-09 14:00:00+00:00,85.09
2014-01-09 15:00:00+00:00,109.4
2014-01-09 16:00:00+00:00,131.62
2014-01-09 17:00:00+00:00,135.73
2014-01-09 18:00:00+00:00,135.01
2014-01-09 19:00:00+00:00,141.27
2014-01-09 20:00:00+00:00,135.01
2014-01-09 21:00:00+00:00,114.38
2014-01-09 22:00:00+00:00,101.0
2014-01-09 23:00:00+00:00,98.11
2014-01-10 00:00:00+00:00,80.25
2014-01-10 01:00:00+00:00,72.09
2014-01-10 02:00:00+00:00,69.94
2014-01-10 03:00:00+00:00,70.07
2014-01-10 04:00:00+00:00,85.06
2014-01-10 05:00:00+00:00,101.8
2014-01-10 06:00:00+00:00,126.12
2014-01-10 07:00:00+00:00,140.33
2014-01-10 08:00:00+00:00,137.22
2014-01-10 09:00:00+00:00,123.57
2014-01-10 10:00:00+00:00,113.59
2014-01-10 11:00:00+00:00,107.43
2014-01-10 12:00:00+00:00,105.01
2014-01-10 13:00:00+00:00,108.18
2014-01-10 14:00:00+00:00,111.61
2014-01-10 15:00:00+00:00,118.76
2014-01-10 16:00:00+00:00,132.58
2014-01-10 17:00:00+00:00,144.28
2014-01-10 18:00:00+00:00,141.27
2014-01-10 19:00:00+00:00,134.83
2014-01-10 20:00:00+00:00,122.51
2014-01-10 21:00:00+00:00,119.79
2014-01-10 22:00:00+00:00,112.0
2014-01-10 23:00:00+00:00,112.0
2014-01-11 00:00:00+00:00,100.61
2014-01-11 01:00:00+00:00,96.32
2014-01-11 02:00:00+00:00,84.49
2014-01-11 03:00:00+00:00,79.78
2014-01-11 04:00:00+00:00,84.1
2014-01-11 05:00:00+00:00,95.46
2014-01-11 06:00:00+00:00,84.9
2014-01-11 07:00:00+00:00,97.0
2014-01-11 08:00:00+00:00,105.53
2014-01-11 09:00:00+00:00,109.71
2014-01-11 10:00:00+00:00,87.14
2014-01-11 11:00:00+00:00,78.78
2014-01-11 12:00:00+00:00,70.0
2014-01-11 13:00:00+00:00,64.75
2014-01-11 14:00:00+00:00,60.3
2014-01-11 15:00:00+00:00,78.91
2014-01-11 16:00:00+00:00,113.3
2014-01-11 17:00:00+00:00,118.87
2014-01-11 18:00:00+00:00,123.55
2014-01-11 19:00:00+00:00,119.95
2014-01-11 20:00:00+00:00,116.2
2014-01-11 21:00:00+00:00,113.27
2014-01-11 22:00:00+00:00,106.1
2014-01-11 23:00:00+00:00,110.36
2014-01-12 00:00:00+00:00,97.57
2014-01-12 01:00:00+00:00,90.0
2014-01-12 02:00:00+00:00,85.91
2014-01-12 03:00:00+00:00,85.0
2014-01-12 04:00:00+00:00,85.2
2014-01-12 05:00:00+00:00,85.65
2014-01-12 06:00:00+00:00,79.63
2014-01-12 07:00:00+00:00,85.2
2014-01-12 08:00:00+00:00,77.24
2014-01-12 09:00:00+00:00,40.0
2014-01-12 10:00:00+00:00,12.17
2014-01-12 11:00:00+00:00,3.6
2014-01-12 12:00:00+00:00,3.52
2014-01-12 13:00:00+00:00,3.52
2014-01-12 14:00:00+00:00,2.4
2014-01-12 15:00:00+00:00,10.96
2014-01-12 16:00:00+00:00,89.07
2014-01-12 17:00:00+00:00,116.28
2014-01-12 18:00:00+00:00,126.8
2014-01-12 19:00:00+00:00,124.0
2014-01-12 20:00:00+00:00,123.67
2014-01-12 21:00:00+00:00,116.73
2014-01-12 22:00:00+00:00,114.9
2014-01-12 23:00:00+00:00,112.39
2014-01-13 00:00:00+00:00,105.07
2014-01-13 01:00:00+00:00,104.46
2014-01-13 02:00:00+00:00,100.37
2014-01-13 03:00:00+00:00,100.0
2014-01-13 04:00:00+00:00,109.13
2014-01-13 05:00:00+00:00,127.14
2014-01-13 06:00:00+00:00,141.29
2014-01-13 07:00:00+00:00,180.0
2014-01-13 08:00:00+00:00,145.67
2014-01-13 09:00:00+00:00,128.38
2014-01-13 10:00:00+00:00,111.92
2014-01-13 11:00:00+00:00,105.22
2014-01-13 12:00:00+00:00,100.81
2014-01-13 13:00:00+00:00,104.91
2014-01-13 14:00:00+00:00,110.72
2014-01-13 15:00:00+00:00,126.64
2014-01-13 16:00:00+00:00,145.37
2014-01-13 17:00:00+00:00,157.07
2014-01-13 18:00:00+00:00,158.39
2014-01-13 19:00:00+00:00,146.39
2014-01-13 20:00:00+00:00,143.02
2014-01-13 21:00:00+00:00,135.01
2014-01-13 22:00:00+00:00,120.1
2014-01-13 23:00:00+00:00,122.19
2014-01-14 00:00:00+00:00,117.67
2014-01-14 01:00:00+00:00,114.53
2014-01-14 02:00:00+00:00,112.2
2014-01-14 03:00:00+00:00,112.2
2014-01-14 04:00:00+00:00,114.34
2014-01-14 05:00:00+00:00,138.52
2014-01-14 06:00:00+00:00,156.0
2014-01-14 07:00:00+00:00,186.54
2014-01-14 08:00:00+00:00,152.47
2014-01-14 09:00:00+00:00,133.76
2014-01-14 10:00:00+00:00,114.53
2014-01-14 11:00:00+00:00,112.37
2014-01-14 12:00:00+00:00,111.63
2014-01-14 13:00:00+00:00,114.53
2014-01-14 14:00:00+00:00,115.03
2014-01-14 15:00:00+00:00,132.53
2014-01-14 16:00:00+00:00,160.87
2014-01-14 17:00:00+00:00,188.31
2014-01-14 18:00:00+00:00,189.54
2014-01-14 19:00:00+00:00,165.57
2014-01-14 20:00:00+00:00,152.0
2014-01-14 21:00:00+00:00,148.68
2014-01-14 22:00:00+00:00,141.98
2014-01-14 23:00:00+00:00,132.4
2014-01-15 00:00:00+00:00,122.4
2014-01-15 01:00:00+00:00,118.6
2014-01-15 02:00:00+00:00,118.42
2014-01-15 03:00:00+00:00,118.13
2014-01-15 04:00:00+00:00,118.13
2014-01-15 05:00:00+00:00,135.56
2014-01-15 06:00:00+00:00,167.32
2014-01-15 07:00:00+00:00,225.0
2014-01-15 08:00:00+00:00,160.0
2014-01-15 09:00:00+00:00,138.92
2014-01-15 10:00:00+00:00,132.7
2014-01-15 11:00:00+00:00,126.0
2014-01-15 12:00:00+00:00,122.4
2014-01-15 13:00:00+00:00,115.58
2014-01-15 14:00:00+00:00,117.81
2014-01-15 15:00:00+00:00,135.0
2014-01-15 16:00:00+00:00,143.2
2014-01-15 17:00:00+00:00,167.32
2014-01-15 18:00:00+00:00,178.97
2014-01-15 19:00:00+00:00,168.78
2014-01-15 20:00:00+00:00,150.97
2014-01-15 21:00:00+00:00,138.77
2014-01-15 22:00:00+00:00,123.9
2014-01-15 23:00:00+00:00,124.33
2014-01-16 00:00:00+00:00,118.41
2014-01-16 01:00:00+00:00,114.0
2014-01-16 02:00:00+00:00,108.58
2014-01-16 03:00:00+00:00,108.59
2014-01-16 04:00:00+00:00,118.1
2014-01-16 05:00:00+00:00,130.8
2014-01-16 06:00:00+00:00,148.04
2014-01-16 07:00:00+00:00,199.94
2014-01-16 08:00:00+00:00,155.11
2014-01-16 09:00:00+00:00,129.9
2014-01-16 10:00:00+00:00,114.0
2014-01-16 11:00:00+00:00,116.0
2014-01-16 12:00:00+00:00,120.5
2014-01-16 13:00:00+00:00,115.14
2014-01-16 14:00:00+00:00,119.64
2014-01-16 15:00:00+00:00,120.34
2014-01-16 16:00:00+00:00,148.04
2014-01-16 17:00:00+00:00,184.32
2014-01-16 18:00:00+00:00,179.97
2014-01-16 19:00:00+00:00,159.6
2014-01-16 20:00:00+00:00,148.33
2014-01-16 21:00:00+00:00,136.02
2014-01-16 22:00:00+00:00,124.44
2014-01-16 23:00:00+00:00,124.83
2014-01-17 00:00:00+00:00,121.32
2014-01-17 01:00:00+00:00,118.2
2014-01-17 02:00:00+00:00,117.49
2014-01-17 03:00:00+00:00,117.26
2014-01-17 04:00:00+00:00,119.99
2014-01-17 05:00:00+00:00,137.1
2014-01-17 06:00:00+00:00,150.84
2014-01-17 07:00:00+00:00,200.0
2014-01-17 08:00:00+00:00,155.1
2014-01-17 09:00:00+00:00,129.87
2014-01-17 10:00:00+00:00,116.44
2014-01-17 11:00:00+00:00,115.2
2014-01-17 12:00:00+00:00,108.5
2014-01-17 13:00:00+00:00,106.5
2014-01-17 14:00:00+00:00,115.0
2014-01-17 15:00:00+00:00,118.38
2014-01-17 16:00:00+00:00,145.12
2014-01-17 17:00:00+00:00,175.0
2014-01-17 18:00:00+00:00,174.22
2014-01-17 19:00:00+00:00,157.91
2014-01-17 20:00:00+00:00,153.27
2014-01-17 21:00:00+00:00,139.97
2014-01-17 22:00:00+00:00,137.34
2014-01-17 23:00:00+00:00,135.56
2014-01-18 00:00:00+00:00,130.01
2014-01-18 01:00:00+00:00,129.73
2014-01-18 02:00:00+00:00,124.9
2014-01-18 03:00:00+00:00,117.0
2014-01-18 04:00:00+00:00,119.78
2014-01-18 05:00:00+00:00,120.0
2014-01-18 06:00:00+00:00,133.8
2014-01-18 07:00:00+00:00,145.69
2014-01-18 08:00:00+00:00,144.1
2014-01-18 09:00:00+00:00,131.7
2014-01-18 10:00:00+00:00,110.2
2014-01-18 11:00:00+00:00,113.97
2014-01-18 12:00:00+00:00,114.17
2014-01-18 13:00:00+00:00,114.17
2014-01-18 14:00:00+00:00,113.97
2014-01-18 15:00:00+00:00,120.9
2014-01-18 16:00:00+00:00,145.65
2014-01-18 17:00:00+00:00,167.57
2014-01-18 18:00:00+00:00,167.85
2014-01-18 19:00:00+00:00,156.12
2014-01-18 20:00:00+00:00,149.61
2014-01-18 21:00:00+00:00,147.25
2014-01-18 22:00:00+00:00,142.19
2014-01-18 23:00:00+00:00,134.46
2014-01-19 00:00:00+00:00,125.51
2014-01-19 01:00:00+00:00,123.17
2014-01-19 02:00:00+00:00,121.24
2014-01-19 03:00:00+00:00,120.18
2014-01-19 04:00:00+00:00,120.0
2014-01-19 05:00:00+00:00,121.59
2014-01-19 06:00:00+00:00,123.47
2014-01-19 07:00:00+00:00,123.61
2014-01-19 08:00:00+00:00,125.33
2014-01-19 09:00:00+00:00,103.0
2014-01-19 10:00:00+00:00,102.35
2014-01-19 11:00:00+00:00,103.0
2014-01-19 12:00:00+00:00,105.1
2014-01-19 13:00:00+00:00,105.5
2014-01-19 14:00:00+00:00,108.53
2014-01-19 15:00:00+00:00,115.79
2014-01-19 16:00:00+00:00,140.0
2014-01-19 17:00:00+00:00,159.68
2014-01-19 18:00:00+00:00,157.33
2014-01-19 19:00:00+00:00,151.47
2014-01-19 20:00:00+00:00,150.86
2014-01-19 21:00:00+00:00,138.43
2014-01-19 22:00:00+00:00,123.12
2014-01-19 23:00:00+00:00,122.3
2014-01-20 00:00:00+00:00,119.5
2014-01-20 01:00:00+00:00,116.57
2014-01-20 02:00:00+00:00,114.41
2014-01-20 03:00:00+00:00,115.45
2014-01-20 04:00:00+00:00,116.1
2014-01-20 05:00:00+00:00,137.33
2014-01-20 06:00:00+00:00,151.06
2014-01-20 07:00:00+00:00,154.06
2014-01-20 08:00:00+00:00,154.15
2014-01-20 09:00:00+00:00,153.1
2014-01-20 10:00:00+00:00,154.73
2014-01-20 11:00:00+00:00,155.0
2014-01-20 12:00:00+00:00,155.0
2014-01-20 13:00:00+00:00,155.01
2014-01-20 14:00:00+00:00,155.13
2014-01-20 15:00:00+00:00,153.58
2014-01-20 16:00:00+00:00,153.34
2014-01-20 17:00:00+00:00,154.93
2014-01-20 18:00:00+00:00,159.15
2014-01-20 19:00:00+00:00,165.6
2014-01-20 20:00:00+00:00,170.0
2014-01-20 21:00:00+00:00,153.58
2014-01-20 22:00:00+00:00,139.0
2014-01-20 23:00:00+00:00,136.0
2014-01-21 00:00:00+00:00,130.65
2014-01-21 01:00:00+00:00,124.35
2014-01-21 02:00:00+00:00,117.05
2014-01-21 03:00:00+00:00,115.3
2014-01-21 04:00:00+00:00,123.83
2014-01-21 05:00:00+00:00,138.86
2014-01-21 06:00:00+00:00,147.08
2014-01-21 07:00:00+00:00,160.0
2014-01-21 08:00:00+00:00,155.1
2014-01-21 09:00:00+00:00,147.78
2014-01-21 10:00:00+00:00,146.69
2014-01-21 11:00:00+00:00,144.57
2014-01-21 12:00:00+00:00,140.34
2014-01-21 13:00:00+00:00,135.25
2014-01-21 14:00:00+00:00,135.53
2014-01-21 15:00:00+00:00,145.1
2014-01-21 16:00:00+00:00,147.29
2014-01-21 17:00:00+00:00,150.19
2014-01-21 18:00:00+00:00,164.22
2014-01-21 19:00:00+00:00,159.5
2014-01-21 20:00:00+00:00,147.08
2014-01-21 21:00:00+00:00,137.0
2014-01-21 22:00:00+00:00,125.75
2014-01-21 23:00:00+00:00,123.53
2014-01-22 00:00:00+00:00,116.3
2014-01-22 01:00:00+00:00,106.78
2014-01-22 02:00:00+00:00,104.45
2014-01-22 03:00:00+00:00,103.6
2014-01-22 04:00:00+00:00,107.0
2014-01-22 05:00:00+00:00,120.57
2014-01-22 06:00:00+00:00,140.33
2014-01-22 07:00:00+00:00,153.0
2014-01-22 08:00:00+00:00,152.19
2014-01-22 09:00:00+00:00,144.38
2014-01-22 10:00:00+00:00,137.0
2014-01-22 11:00:00+00:00,132.61
2014-01-22 12:00:00+00:00,127.14
2014-01-22 13:00:00+00:00,126.99
2014-01-22 14:00:00+00:00,131.35
2014-01-22 15:00:00+00:00,139.57
2014-01-22 16:00:00+00:00,149.03
2014-01-22 17:00:00+00:00,159.6
2014-01-22 18:00:00+00:00,167.72
2014-01-22 19:00:00+00:00,155.82
2014-01-22 20:00:00+00:00,155.1
2014-01-22 21:00:00+00:00,145.0
2014-01-22 22:00:00+00:00,139.87
2014-01-22 23:00:00+00:00,125.01
2014-01-23 00:00:00+00:00,120.53
2014-01-23 01:00:00+00:00,118.7
2014-01-23 02:00:00+00:00,113.1
2014-01-23 03:00:00+00:00,112.97
2014-01-23 04:00:00+00:00,118.08
2014-01-23 05:00:00+00:00,130.01
2014-01-23 06:00:00+00:00,142.28
2014-01-23 07:00:00+00:00,160.34
2014-01-23 08:00:00+00:00,157.26
2014-01-23 09:00:00+00:00,147.32
2014-01-23 10:00:00+00:00,142.28
2014-01-23 11:00:00+00:00,135.72
2014-01-23 12:00:00+00:00,125.1
2014-01-23 13:00:00+00:00,121.2
2014-01-23 14:00:00+00:00,123.54
2014-01-23 15:00:00+00:00,135.72
2014-01-23 16:00:00+00:00,152.4
2014-01-23 17:00:00+00:00,165.0
2014-01-23 18:00:00+00:00,196.51
2014-01-23 19:00:00+00:00,187.92
2014-01-23 20:00:00+00:00,162.27
2014-01-23 21:00:00+00:00,150.1
2014-01-23 22:00:00+00:00,129.9
2014-01-23 23:00:00+00:00,94.0
2014-01-24 00:00:00+00:00,88.74
2014-01-24 01:00:00+00:00,82.03
2014-01-24 02:00:00+00:00,77.65
2014-01-24 03:00:00+00:00,77.39
2014-01-24 04:00:00+00:00,78.2
2014-01-24 05:00:00+00:00,88.74
2014-01-24 06:00:00+00:00,105.0
2014-01-24 07:00:00+00:00,122.0
2014-01-24 08:00:00+00:00,114.78
2014-01-24 09:00:00+00:00,94.17
2014-01-24 10:00:00+00:00,81.93
2014-01-24 11:00:00+00:00,79.68
2014-01-24 12:00:00+00:00,77.26
2014-01-24 13:00:00+00:00,75.07
2014-01-24 14:00:00+00:00,77.26
2014-01-24 15:00:00+00:00,77.13
2014-01-24 16:00:00+00:00,92.7
2014-01-24 17:00:00+00:00,102.0
2014-01-24 18:00:00+00:00,111.9
2014-01-24 19:00:00+00:00,112.45
2014-01-24 20:00:00+00:00,103.35
2014-01-24 21:00:00+00:00,97.78
2014-01-24 22:00:00+00:00,90.7
2014-01-24 23:00:00+00:00,57.03
2014-01-25 00:00:00+00:00,35.0
2014-01-25 01:00:00+00:00,25.2
2014-01-25 02:00:00+00:00,19.71
2014-01-25 03:00:00+00:00,16.8
2014-01-25 04:00:00+00:00,17.72
2014-01-25 05:00:00+00:00,25.0
2014-01-25 06:00:00+00:00,49.29
2014-01-25 07:00:00+00:00,37.7
2014-01-25 08:00:00+00:00,33.01
2014-01-25 09:00:00+00:00,24.08
2014-01-25 10:00:00+00:00,45.08
2014-01-25 11:00:00+00:00,35.0
2014-01-25 12:00:00+00:00,19.71
2014-01-25 13:00:00+00:00,10.94
2014-01-25 14:00:00+00:00,3.6
2014-01-25 15:00:00+00:00,20.2
2014-01-25 16:00:00+00:00,30.0
2014-01-25 17:00:00+00:00,76.8
2014-01-25 18:00:00+00:00,91.0
2014-01-25 19:00:00+00:00,96.37
2014-01-25 20:00:00+00:00,87.38
2014-01-25 21:00:00+00:00,86.5
2014-01-25 22:00:00+00:00,77.35
2014-01-25 23:00:00+00:00,41.18
2014-01-26 00:00:00+00:00,35.2
2014-01-26 01:00:00+00:00,29.7
2014-01-26 02:00:00+00:00,29.03
2014-01-26 03:00:00+00:00,26.21
2014-01-26 04:00:00+00:00,25.95
2014-01-26 05:00:00+00:00,26.21
2014-01-26 06:00:00+00:00,29.03
2014-01-26 07:00:00+00:00,29.54
2014-01-26 08:00:00+00:00,26.21
2014-01-26 09:00:00+00:00,25.95
2014-01-26 10:00:00+00:00,24.99
2014-01-26 11:00:00+00:00,9.89
2014-01-26 12:00:00+00:00,7.19
2014-01-26 13:00:00+00:00,6.99
2014-01-26 14:00:00+00:00,6.93
2014-01-26 15:00:00+00:00,13.45
2014-01-26 16:00:00+00:00,25.2
2014-01-26 17:00:00+00:00,39.4
2014-01-26 18:00:00+00:00,44.38
2014-01-26 19:00:00+00:00,39.06
2014-01-26 20:00:00+00:00,33.78
2014-01-26 21:00:00+00:00,32.35
2014-01-26 22:00:00+00:00,26.32
2014-01-26 23:00:00+00:00,12.0
2014-01-27 00:00:00+00:00,3.52
2014-01-27 01:00:00+00:00,3.52
2014-01-27 02:00:00+00:00,3.52
2014-01-27 03:00:00+00:00,0.65
2014-01-27 04:00:00+00:00,3.52
2014-01-27 05:00:00+00:00,6.99
2014-01-27 06:00:00+00:00,31.84
2014-01-27 07:00:00+00:00,48.01
2014-01-27 08:00:00+00:00,43.06
2014-01-27 09:00:00+00:00,35.72
2014-01-27 10:00:00+00:00,26.23
2014-01-27 11:00:00+00:00,14.53
2014-01-27 12:00:00+00:00,4.31
2014-01-27 13:00:00+00:00,3.6
2014-01-27 14:00:00+00:00,5.0
2014-01-27 15:00:00+00:00,14.0
2014-01-27 16:00:00+00:00,32.0
2014-01-27 17:00:00+00:00,40.78
2014-01-27 18:00:00+00:00,53.37
2014-01-27 19:00:00+00:00,40.9
2014-01-27 20:00:00+00:00,37.68
2014-01-27 21:00:00+00:00,32.0
2014-01-27 22:00:00+00:00,26.23
2014-01-27 23:00:00+00:00,3.52
2014-01-28 00:00:00+00:00,2.0
2014-01-28 01:00:00+00:00,0.65
2014-01-28 02:00:00+00:00,0.66
2014-01-28 03:00:00+00:00,0.65
2014-01-28 04:00:00+00:00,0.65
2014-01-28 05:00:00+00:00,3.52
2014-01-28 06:00:00+00:00,14.0
2014-01-28 07:00:00+00:00,30.54
2014-01-28 08:00:00+00:00,23.54
2014-01-28 09:00:00+00:00,3.52
2014-01-28 10:00:00+00:00,2.0
2014-01-28 11:00:00+00:00,0.65
2014-01-28 12:00:00+00:00,0.65
2014-01-28 13:00:00+00:00,0.65
2014-01-28 14:00:00+00:00,0.65
2014-01-28 15:00:00+00:00,3.52
2014-01-28 16:00:00+00:00,14.0
2014-01-28 17:00:00+00:00,51.32
2014-01-28 18:00:00+00:00,69.5
2014-01-28 19:00:00+00:00,60.0
2014-01-28 20:00:00+00:00,48.03
2014-01-28 21:00:00+00:00,34.22
2014-01-28 22:00:00+00:00,26.28
2014-01-28 23:00:00+00:00,17.47
2014-01-29 00:00:00+00:00,7.4
2014-01-29 01:00:00+00:00,3.52
2014-01-29 02:00:00+00:00,3.52
2014-01-29 03:00:00+00:00,3.52
2014-01-29 04:00:00+00:00,3.52
2014-01-29 05:00:00+00:00,38.16
2014-01-29 06:00:00+00:00,76.46
2014-01-29 07:00:00+00:00,103.61
2014-01-29 08:00:00+00:00,69.2
2014-01-29 09:00:00+00:00,45.0
2014-01-29 10:00:00+00:00,46.02
2014-01-29 11:00:00+00:00,29.9
2014-01-29 12:00:00+00:00,10.21
2014-01-29 13:00:00+00:00,9.23
2014-01-29 14:00:00+00:00,12.18
2014-01-29 15:00:00+00:00,36.66
2014-01-29 16:00:00+00:00,50.1
2014-01-29 17:00:00+00:00,83.06
2014-01-29 18:00:00+00:00,123.99
2014-01-29 19:00:00+00:00,133.85
2014-01-29 20:00:00+00:00,118.57
2014-01-29 21:00:00+00:00,94.67
2014-01-29 22:00:00+00:00,51.08
2014-01-29 23:00:00+00:00,60.08
2014-01-30 00:00:00+00:00,45.7
2014-01-30 01:00:00+00:00,38.34
2014-01-30 02:00:00+00:00,14.0
2014-01-30 03:00:00+00:00,7.44
2014-01-30 04:00:00+00:00,7.4
2014-01-30 05:00:00+00:00,38.34
2014-01-30 06:00:00+00:00,60.3
2014-01-30 07:00:00+00:00,90.35
2014-01-30 08:00:00+00:00,50.24
2014-01-30 09:00:00+00:00,5.0
2014-01-30 10:00:00+00:00,2.4
2014-01-30 11:00:00+00:00,0.1
2014-01-30 12:00:00+00:00,0.01
2014-01-30 13:00:00+00:00,0.0
2014-01-30 14:00:00+00:00,0.13
2014-01-30 15:00:00+00:00,3.52
2014-01-30 16:00:00+00:00,25.17
2014-01-30 17:00:00+00:00,80.3
2014-01-30 18:00:00+00:00,91.66
2014-01-30 19:00:00+00:00,114.0
2014-01-30 20:00:00+00:00,108.04
2014-01-30 21:00:00+00:00,96.02
2014-01-30 22:00:00+00:00,79.0
2014-01-30 23:00:00+00:00,61.0
2014-01-31 00:00:00+00:00,70.47
2014-01-31 01:00:00+00:00,70.21
2014-01-31 02:00:00+00:00,70.34
2014-01-31 03:00:00+00:00,70.47
2014-01-31 04:00:00+00:00,84.0
2014-01-31 05:00:00+00:00,92.85
2014-01-31 06:00:00+00:00,118.86
2014-01-31 07:00:00+00:00,150.0
2014-01-31 08:00:00+00:00,100.0
2014-01-31 09:00:00+00:00,70.21
2014-01-31 10:00:00+00:00,45.3
2014-01-31 11:00:00+00:00,44.12
2014-01-31 12:00:00+00:00,44.97
2014-01-31 13:00:00+00:00,39.0
2014-01-31 14:00:00+00:00,45.19
2014-01-31 15:00:00+00:00,65.0
2014-01-31 16:00:00+00:00,114.89
2014-01-31 17:00:00+00:00,184.48
2014-01-31 18:00:00+00:00,178.99
2014-01-31 19:00:00+00:00,162.66
2014-01-31 20:00:00+00:00,152.7
2014-01-31 21:00:00+00:00,145.02
2014-01-31 22:00:00+00:00,131.29
2014-01-31 23:00:00+00:00,137.18
2014-02-01 00:00:00+00:00,129.61
2014-02-01 01:00:00+00:00,124.38
2014-02-01 02:00:00+00:00,116.96
2014-02-01 03:00:00+00:00,104.73
2014-02-01 04:00:00+00:00,108.17
2014-02-01 05:00:00+00:00,107.49
2014-02-01 06:00:00+00:00,100.85
2014-02-01 07:00:00+00:00,115.28
2014-02-01 08:00:00+00:00,109.93
2014-02-01 09:00:00+00:00,65.27
2014-02-01 10:00:00+00:00,20.1
2014-02-01 11:00:00+00:00,5.3
2014-02-01 12:00:00+00:00,5.2
2014-02-01 13:00:00+00:00,5.06
2014-02-01 14:00:00+00:00,5.2
2014-02-01 15:00:00+00:00,41.88
2014-02-01 16:00:00+00:00,105.0
2014-02-01 17:00:00+00:00,140.34
2014-02-01 18:00:00+00:00,162.98
2014-02-01 19:00:00+00:00,156.6
2014-02-01 20:00:00+00:00,145.24
2014-02-01 21:00:00+00:00,141.73
2014-02-01 22:00:00+00:00,131.74
2014-02-01 23:00:00+00:00,133.26
2014-02-02 00:00:00+00:00,126.91
2014-02-02 01:00:00+00:00,116.91
2014-02-02 02:00:00+00:00,113.64
2014-02-02 03:00:00+00:00,108.0
2014-02-02 04:00:00+00:00,116.91
2014-02-02 05:00:00+00:00,113.5
2014-02-02 06:00:00+00:00,120.42
2014-02-02 07:00:00+00:00,133.56
2014-02-02 08:00:00+00:00,133.38
2014-02-02 09:00:00+00:00,121.75
2014-02-02 10:00:00+00:00,100.08
2014-02-02 11:00:00+00:00,92.88
2014-02-02 12:00:00+00:00,95.0
2014-02-02 13:00:00+00:00,95.0
2014-02-02 14:00:00+00:00,99.45
2014-02-02 15:00:00+00:00,101.26
2014-02-02 16:00:00+00:00,130.78
2014-02-02 17:00:00+00:00,164.14
2014-02-02 18:00:00+00:00,173.95
2014-02-02 19:00:00+00:00,165.5
2014-02-02 20:00:00+00:00,155.77
2014-02-02 21:00:00+00:00,148.44
2014-02-02 22:00:00+00:00,133.24
2014-02-02 23:00:00+00:00,116.41
2014-02-03 00:00:00+00:00,102.53
2014-02-03 01:00:00+00:00,102.19
2014-02-03 02:00:00+00:00,102.53
2014-02-03 03:00:00+00:00,102.45
2014-02-03 04:00:00+00:00,106.87
2014-02-03 05:00:00+00:00,102.19
2014-02-03 06:00:00+00:00,144.3
2014-02-03 07:00:00+00:00,165.0
2014-02-03 08:00:00+00:00,145.1
2014-02-03 09:00:00+00:00,111.0
2014-02-03 10:00:00+00:00,102.6
2014-02-03 11:00:00+00:00,102.49
2014-02-03 12:00:00+00:00,102.45
2014-02-03 13:00:00+00:00,102.45
2014-02-03 14:00:00+00:00,112.0
2014-02-03 15:00:00+00:00,123.52
2014-02-03 16:00:00+00:00,145.05
2014-02-03 17:00:00+00:00,200.73
2014-02-03 18:00:00+00:00,201.1
2014-02-03 19:00:00+00:00,227.51
2014-02-03 20:00:00+00:00,186.0
2014-02-03 21:00:00+00:00,150.92
2014-02-03 22:00:00+00:00,135.81
2014-02-03 23:00:00+00:00,132.4
2014-02-04 00:00:00+00:00,125.54
2014-02-04 01:00:00+00:00,123.18
2014-02-04 02:00:00+00:00,123.99
2014-02-04 03:00:00+00:00,123.25
2014-02-04 04:00:00+00:00,127.63
2014-02-04 05:00:00+00:00,146.18
2014-02-04 06:00:00+00:00,187.5
2014-02-04 07:00:00+00:00,211.99
2014-02-04 08:00:00+00:00,162.11
2014-02-04 09:00:00+00:00,133.32
2014-02-04 10:00:00+00:00,113.99
2014-02-04 11:00:00+00:00,103.77
2014-02-04 12:00:00+00:00,102.5
2014-02-04 13:00:00+00:00,100.39
2014-02-04 14:00:00+00:00,100.52
2014-02-04 15:00:00+00:00,106.5
2014-02-04 16:00:00+00:00,134.32
2014-02-04 17:00:00+00:00,175.0
2014-02-04 18:00:00+00:00,216.38
2014-02-04 19:00:00+00:00,240.0
2014-02-04 20:00:00+00:00,164.07
2014-02-04 21:00:00+00:00,146.18
2014-02-04 22:00:00+00:00,140.56
2014-02-04 23:00:00+00:00,128.44
2014-02-05 00:00:00+00:00,119.39
2014-02-05 01:00:00+00:00,116.59
2014-02-05 02:00:00+00:00,115.64
2014-02-05 03:00:00+00:00,117.33
2014-02-05 04:00:00+00:00,123.05
2014-02-05 05:00:00+00:00,140.34
2014-02-05 06:00:00+00:00,168.48
2014-02-05 07:00:00+00:00,180.81
2014-02-05 08:00:00+00:00,146.13
2014-02-05 09:00:00+00:00,100.21
2014-02-05 10:00:00+00:00,48.0
2014-02-05 11:00:00+00:00,30.3
2014-02-05 12:00:00+00:00,35.2
2014-02-05 13:00:00+00:00,30.0
2014-02-05 14:00:00+00:00,40.0
2014-02-05 15:00:00+00:00,69.99
2014-02-05 16:00:00+00:00,124.71
2014-02-05 17:00:00+00:00,189.9
2014-02-05 18:00:00+00:00,189.63
2014-02-05 19:00:00+00:00,170.0
2014-02-05 20:00:00+00:00,155.42
2014-02-05 21:00:00+00:00,143.7
2014-02-05 22:00:00+00:00,136.95
2014-02-05 23:00:00+00:00,133.67
2014-02-06 00:00:00+00:00,131.51
2014-02-06 01:00:00+00:00,126.48
2014-02-06 02:00:00+00:00,125.01
2014-02-06 03:00:00+00:00,125.01
2014-02-06 04:00:00+00:00,131.33
2014-02-06 05:00:00+00:00,144.92
2014-02-06 06:00:00+00:00,180.09
2014-02-06 07:00:00+00:00,210.56
2014-02-06 08:00:00+00:00,157.59
2014-02-06 09:00:00+00:00,115.97
2014-02-06 10:00:00+00:00,93.49
2014-02-06 11:00:00+00:00,91.5
2014-02-06 12:00:00+00:00,89.99
2014-02-06 13:00:00+00:00,85.3
2014-02-06 14:00:00+00:00,87.0
2014-02-06 15:00:00+00:00,108.56
2014-02-06 16:00:00+00:00,141.02
2014-02-06 17:00:00+00:00,170.78
2014-02-06 18:00:00+00:00,191.81
2014-02-06 19:00:00+00:00,231.0
2014-02-06 20:00:00+00:00,163.0
2014-02-06 21:00:00+00:00,149.86
2014-02-06 22:00:00+00:00,141.02
2014-02-06 23:00:00+00:00,126.05
2014-02-07 00:00:00+00:00,112.7
2014-02-07 01:00:00+00:00,108.82
2014-02-07 02:00:00+00:00,105.0
2014-02-07 03:00:00+00:00,105.85
2014-02-07 04:00:00+00:00,107.23
2014-02-07 05:00:00+00:00,118.01
2014-02-07 06:00:00+00:00,145.68
2014-02-07 07:00:00+00:00,164.3
2014-02-07 08:00:00+00:00,143.28
2014-02-07 09:00:00+00:00,107.0
2014-02-07 10:00:00+00:00,99.0
2014-02-07 11:00:00+00:00,93.49
2014-02-07 12:00:00+00:00,90.34
2014-02-07 13:00:00+00:00,87.89
2014-02-07 14:00:00+00:00,90.34
2014-02-07 15:00:00+00:00,91.0
2014-02-07 16:00:00+00:00,107.94
2014-02-07 17:00:00+00:00,141.26
2014-02-07 18:00:00+00:00,150.93
2014-02-07 19:00:00+00:00,145.36
2014-02-07 20:00:00+00:00,133.8
2014-02-07 21:00:00+00:00,133.06
2014-02-07 22:00:00+00:00,120.55
2014-02-07 23:00:00+00:00,106.74
2014-02-08 00:00:00+00:00,97.67
2014-02-08 01:00:00+00:00,89.5
2014-02-08 02:00:00+00:00,94.34
2014-02-08 03:00:00+00:00,89.69
2014-02-08 04:00:00+00:00,90.99
2014-02-08 05:00:00+00:00,97.15
2014-02-08 06:00:00+00:00,115.0
2014-02-08 07:00:00+00:00,119.08
2014-02-08 08:00:00+00:00,108.0
2014-02-08 09:00:00+00:00,82.0
2014-02-08 10:00:00+00:00,93.49
2014-02-08 11:00:00+00:00,64.0
2014-02-08 12:00:00+00:00,55.0
2014-02-08 13:00:00+00:00,50.0
2014-02-08 14:00:00+00:00,45.04
2014-02-08 15:00:00+00:00,68.71
2014-02-08 16:00:00+00:00,119.0
2014-02-08 17:00:00+00:00,160.49
2014-02-08 18:00:00+00:00,166.9
2014-02-08 19:00:00+00:00,164.04
2014-02-08 20:00:00+00:00,151.09
2014-02-08 21:00:00+00:00,149.1
2014-02-08 22:00:00+00:00,145.31
2014-02-08 23:00:00+00:00,129.97
2014-02-09 00:00:00+00:00,110.82
2014-02-09 01:00:00+00:00,101.86
2014-02-09 02:00:00+00:00,97.0
2014-02-09 03:00:00+00:00,90.0
2014-02-09 04:00:00+00:00,90.2
2014-02-09 05:00:00+00:00,99.0
2014-02-09 06:00:00+00:00,110.21
2014-02-09 07:00:00+00:00,110.47
2014-02-09 08:00:00+00:00,94.47
2014-02-09 09:00:00+00:00,74.85
2014-02-09 10:00:00+00:00,66.7
2014-02-09 11:00:00+00:00,64.0
2014-02-09 12:00:00+00:00,70.0
2014-02-09 13:00:00+00:00,70.0
2014-02-09 14:00:00+00:00,70.0
2014-02-09 15:00:00+00:00,94.31
2014-02-09 16:00:00+00:00,111.14
2014-02-09 17:00:00+00:00,162.96
2014-02-09 18:00:00+00:00,169.86
2014-02-09 19:00:00+00:00,187.99
2014-02-09 20:00:00+00:00,170.14
2014-02-09 21:00:00+00:00,150.3
2014-02-09 22:00:00+00:00,134.04
2014-02-09 23:00:00+00:00,124.35
2014-02-10 00:00:00+00:00,125.05
2014-02-10 01:00:00+00:00,122.01
2014-02-10 02:00:00+00:00,114.75
2014-02-10 03:00:00+00:00,114.48
2014-02-10 04:00:00+00:00,119.98
2014-02-10 05:00:00+00:00,145.78
2014-02-10 06:00:00+00:00,166.14
2014-02-10 07:00:00+00:00,181.36
2014-02-10 08:00:00+00:00,163.18
2014-02-10 09:00:00+00:00,146.02
2014-02-10 10:00:00+00:00,117.44
2014-02-10 11:00:00+00:00,115.61
2014-02-10 12:00:00+00:00,116.52
2014-02-10 13:00:00+00:00,112.5
2014-02-10 14:00:00+00:00,116.8
2014-02-10 15:00:00+00:00,116.79
2014-02-10 16:00:00+00:00,140.83
2014-02-10 17:00:00+00:00,166.34
2014-02-10 18:00:00+00:00,183.73
2014-02-10 19:00:00+00:00,200.0
2014-02-10 20:00:00+00:00,160.89
2014-02-10 21:00:00+00:00,151.69
2014-02-10 22:00:00+00:00,131.51
2014-02-10 23:00:00+00:00,120.0
2014-02-11 00:00:00+00:00,120.0
2014-02-11 01:00:00+00:00,114.65
2014-02-11 02:00:00+00:00,109.91
2014-02-11 03:00:00+00:00,106.01
2014-02-11 04:00:00+00:00,107.0
2014-02-11 05:00:00+00:00,120.13
2014-02-11 06:00:00+00:00,150.79
2014-02-11 07:00:00+00:00,159.06
2014-02-11 08:00:00+00:00,146.54
2014-02-11 09:00:00+00:00,120.62
2014-02-11 10:00:00+00:00,120.62
2014-02-11 11:00:00+00:00,109.99
2014-02-11 12:00:00+00:00,107.5
2014-02-11 13:00:00+00:00,110.0
2014-02-11 14:00:00+00:00,111.7
2014-02-11 15:00:00+00:00,120.62
2014-02-11 16:00:00+00:00,146.54
2014-02-11 17:00:00+00:00,174.57
2014-02-11 18:00:00+00:00,190.0
2014-02-11 19:00:00+00:00,194.5
2014-02-11 20:00:00+00:00,158.02
2014-02-11 21:00:00+00:00,146.38
2014-02-11 22:00:00+00:00,130.58
2014-02-11 23:00:00+00:00,121.06
2014-02-12 00:00:00+00:00,110.0
2014-02-12 01:00:00+00:00,105.0
2014-02-12 02:00:00+00:00,107.35
2014-02-12 03:00:00+00:00,104.5
2014-02-12 04:00:00+00:00,108.56
2014-02-12 05:00:00+00:00,115.0
2014-02-12 06:00:00+00:00,157.55
2014-02-12 07:00:00+00:00,180.0
2014-02-12 08:00:00+00:00,148.82
2014-02-12 09:00:00+00:00,107.35
2014-02-12 10:00:00+00:00,82.5
2014-02-12 11:00:00+00:00,70.0
2014-02-12 12:00:00+00:00,78.0
2014-02-12 13:00:00+00:00,63.74
2014-02-12 14:00:00+00:00,62.0
2014-02-12 15:00:00+00:00,81.5
2014-02-12 16:00:00+00:00,104.37
2014-02-12 17:00:00+00:00,148.34
2014-02-12 18:00:00+00:00,194.44
2014-02-12 19:00:00+00:00,177.52
2014-02-12 20:00:00+00:00,157.55
2014-02-12 21:00:00+00:00,152.08
2014-02-12 22:00:00+00:00,139.41
2014-02-12 23:00:00+00:00,129.0
2014-02-13 00:00:00+00:00,121.06
2014-02-13 01:00:00+00:00,126.09
2014-02-13 02:00:00+00:00,118.59
2014-02-13 03:00:00+00:00,114.3
2014-02-13 04:00:00+00:00,105.67
2014-02-13 05:00:00+00:00,131.34
2014-02-13 06:00:00+00:00,160.05
2014-02-13 07:00:00+00:00,195.2
2014-02-13 08:00:00+00:00,148.5
2014-02-13 09:00:00+00:00,100.0
2014-02-13 10:00:00+00:00,92.24
2014-02-13 11:00:00+00:00,90.86
2014-02-13 12:00:00+00:00,83.5
2014-02-13 13:00:00+00:00,80.0
2014-02-13 14:00:00+00:00,83.5
2014-02-13 15:00:00+00:00,92.5
2014-02-13 16:00:00+00:00,127.5
2014-02-13 17:00:00+00:00,186.96
2014-02-13 18:00:00+00:00,196.52
2014-02-13 19:00:00+00:00,200.0
2014-02-13 20:00:00+00:00,168.0
2014-02-13 21:00:00+00:00,153.12
2014-02-13 22:00:00+00:00,139.0
2014-02-13 23:00:00+00:00,128.76
2014-02-14 00:00:00+00:00,127.0
2014-02-14 01:00:00+00:00,117.56
2014-02-14 02:00:00+00:00,111.58
2014-02-14 03:00:00+00:00,107.0
2014-02-14 04:00:00+00:00,117.47
2014-02-14 05:00:00+00:00,131.21
2014-02-14 06:00:00+00:00,158.73
2014-02-14 07:00:00+00:00,189.79
2014-02-14 08:00:00+00:00,131.21
2014-02-14 09:00:00+00:00,92.9
2014-02-14 10:00:00+00:00,70.0
2014-02-14 11:00:00+00:00,60.3
2014-02-14 12:00:00+00:00,65.0
2014-02-14 13:00:00+00:00,55.0
2014-02-14 14:00:00+00:00,55.0
2014-02-14 15:00:00+00:00,65.0
2014-02-14 16:00:00+00:00,114.0
2014-02-14 17:00:00+00:00,169.84
2014-02-14 18:00:00+00:00,201.66
2014-02-14 19:00:00+00:00,183.55
2014-02-14 20:00:00+00:00,160.06
2014-02-14 21:00:00+00:00,153.0
2014-02-14 22:00:00+00:00,140.03
2014-02-14 23:00:00+00:00,122.58
2014-02-15 00:00:00+00:00,117.99
2014-02-15 01:00:00+00:00,105.67
2014-02-15 02:00:00+00:00,100.11
2014-02-15 03:00:00+00:00,100.11
2014-02-15 04:00:00+00:00,100.11
2014-02-15 05:00:00+00:00,100.11
2014-02-15 06:00:00+00:00,106.64
2014-02-15 07:00:00+00:00,104.99
2014-02-15 08:00:00+00:00,90.61
2014-02-15 09:00:00+00:00,71.0
2014-02-15 10:00:00+00:00,55.44
2014-02-15 11:00:00+00:00,40.08
2014-02-15 12:00:00+00:00,33.0
2014-02-15 13:00:00+00:00,25.46
2014-02-15 14:00:00+00:00,33.0
2014-02-15 15:00:00+00:00,50.24
2014-02-15 16:00:00+00:00,75.0
2014-02-15 17:00:00+00:00,110.0
2014-02-15 18:00:00+00:00,131.51
2014-02-15 19:00:00+00:00,131.51
2014-02-15 20:00:00+00:00,125.0
2014-02-15 21:00:00+00:00,123.06
2014-02-15 22:00:00+00:00,117.14
2014-02-15 23:00:00+00:00,99.0
2014-02-16 00:00:00+00:00,89.76
2014-02-16 01:00:00+00:00,91.78
2014-02-16 02:00:00+00:00,93.29
2014-02-16 03:00:00+00:00,89.5
2014-02-16 04:00:00+00:00,90.3
2014-02-16 05:00:00+00:00,98.05
2014-02-16 06:00:00+00:00,106.64
2014-02-16 07:00:00+00:00,105.59
2014-02-16 08:00:00+00:00,74.5
2014-02-16 09:00:00+00:00,61.4
2014-02-16 10:00:00+00:00,50.24
2014-02-16 11:00:00+00:00,39.75
2014-02-16 12:00:00+00:00,33.9
2014-02-16 13:00:00+00:00,20.0
2014-02-16 14:00:00+00:00,12.0
2014-02-16 15:00:00+00:00,40.3
2014-02-16 16:00:00+00:00,74.37
2014-02-16 17:00:00+00:00,122.99
2014-02-16 18:00:00+00:00,161.56
2014-02-16 19:00:00+00:00,154.95
2014-02-16 20:00:00+00:00,138.77
2014-02-16 21:00:00+00:00,137.12
2014-02-16 22:00:00+00:00,131.51
2014-02-16 23:00:00+00:00,127.87
2014-02-17 00:00:00+00:00,121.06
2014-02-17 01:00:00+00:00,120.34
2014-02-17 02:00:00+00:00,115.97
2014-02-17 03:00:00+00:00,116.23
2014-02-17 04:00:00+00:00,121.21
2014-02-17 05:00:00+00:00,130.0
2014-02-17 06:00:00+00:00,204.74
2014-02-17 07:00:00+00:00,209.79
2014-02-17 08:00:00+00:00,139.36
2014-02-17 09:00:00+00:00,120.58
2014-02-17 10:00:00+00:00,117.26
2014-02-17 11:00:00+00:00,109.9
2014-02-17 12:00:00+00:00,100.0
2014-02-17 13:00:00+00:00,98.97
2014-02-17 14:00:00+00:00,100.0
2014-02-17 15:00:00+00:00,110.97
2014-02-17 16:00:00+00:00,130.0
2014-02-17 17:00:00+00:00,180.0
2014-02-17 18:00:00+00:00,215.52
2014-02-17 19:00:00+00:00,200.0
2014-02-17 20:00:00+00:00,155.62
2014-02-17 21:00:00+00:00,140.0
2014-02-17 22:00:00+00:00,130.6
2014-02-17 23:00:00+00:00,103.84
2014-02-18 00:00:00+00:00,87.5
2014-02-18 01:00:00+00:00,75.2
2014-02-18 02:00:00+00:00,64.98
2014-02-18 03:00:00+00:00,59.4
2014-02-18 04:00:00+00:00,60.01
2014-02-18 05:00:00+00:00,65.24
2014-02-18 06:00:00+00:00,101.0
2014-02-18 07:00:00+00:00,109.11
2014-02-18 08:00:00+00:00,80.0
2014-02-18 09:00:00+00:00,65.37
2014-02-18 10:00:00+00:00,49.6
2014-02-18 11:00:00+00:00,15.36
2014-02-18 12:00:00+00:00,7.03
2014-02-18 13:00:00+00:00,9.99
2014-02-18 14:00:00+00:00,26.1
2014-02-18 15:00:00+00:00,60.01
2014-02-18 16:00:00+00:00,80.82
2014-02-18 17:00:00+00:00,115.0
2014-02-18 18:00:00+00:00,159.88
2014-02-18 19:00:00+00:00,144.4
2014-02-18 20:00:00+00:00,133.54
2014-02-18 21:00:00+00:00,124.02
2014-02-18 22:00:00+00:00,116.23
2014-02-18 23:00:00+00:00,106.48
2014-02-19 00:00:00+00:00,101.18
2014-02-19 01:00:00+00:00,101.3
2014-02-19 02:00:00+00:00,99.0
2014-02-19 03:00:00+00:00,96.06
2014-02-19 04:00:00+00:00,101.83
2014-02-19 05:00:00+00:00,120.18
2014-02-19 06:00:00+00:00,149.5
2014-02-19 07:00:00+00:00,167.39
2014-02-19 08:00:00+00:00,133.73
2014-02-19 09:00:00+00:00,114.37
2014-02-19 10:00:00+00:00,105.57
2014-02-19 11:00:00+00:00,104.24
2014-02-19 12:00:00+00:00,97.23
2014-02-19 13:00:00+00:00,90.01
2014-02-19 14:00:00+00:00,90.01
2014-02-19 15:00:00+00:00,105.0
2014-02-19 16:00:00+00:00,121.14
2014-02-19 17:00:00+00:00,150.0
2014-02-19 18:00:00+00:00,183.5
2014-02-19 19:00:00+00:00,203.2
2014-02-19 20:00:00+00:00,169.37
2014-02-19 21:00:00+00:00,139.21
2014-02-19 22:00:00+00:00,115.82
2014-02-19 23:00:00+00:00,100.05
2014-02-20 00:00:00+00:00,94.5
2014-02-20 01:00:00+00:00,94.0
2014-02-20 02:00:00+00:00,87.03
2014-02-20 03:00:00+00:00,85.89
2014-02-20 04:00:00+00:00,87.98
2014-02-20 05:00:00+00:00,98.19
2014-02-20 06:00:00+00:00,113.87
2014-02-20 07:00:00+00:00,131.1
2014-02-20 08:00:00+00:00,103.53
2014-02-20 09:00:00+00:00,77.0
2014-02-20 10:00:00+00:00,53.5
2014-02-20 11:00:00+00:00,34.97
2014-02-20 12:00:00+00:00,28.3
2014-02-20 13:00:00+00:00,20.33
2014-02-20 14:00:00+00:00,28.3
2014-02-20 15:00:00+00:00,50.0
2014-02-20 16:00:00+00:00,78.0
2014-02-20 17:00:00+00:00,125.0
2014-02-20 18:00:00+00:00,141.5
2014-02-20 19:00:00+00:00,150.56
2014-02-20 20:00:00+00:00,130.0
2014-02-20 21:00:00+00:00,100.05
2014-02-20 22:00:00+00:00,88.0
2014-02-20 23:00:00+00:00,72.88
2014-02-21 00:00:00+00:00,70.0
2014-02-21 01:00:00+00:00,52.5
2014-02-21 02:00:00+00:00,51.98
2014-02-21 03:00:00+00:00,40.7
2014-02-21 04:00:00+00:00,38.71
2014-02-21 05:00:00+00:00,52.5
2014-02-21 06:00:00+00:00,69.96
2014-02-21 07:00:00+00:00,72.88
2014-02-21 08:00:00+00:00,67.52
2014-02-21 09:00:00+00:00,45.2
2014-02-21 10:00:00+00:00,13.48
2014-02-21 11:00:00+00:00,3.52
2014-02-21 12:00:00+00:00,3.52
2014-02-21 13:00:00+00:00,3.52
2014-02-21 14:00:00+00:00,3.52
2014-02-21 15:00:00+00:00,5.0
2014-02-21 16:00:00+00:00,42.2
2014-02-21 17:00:00+00:00,52.37
2014-02-21 18:00:00+00:00,93.83
2014-02-21 19:00:00+00:00,84.97
2014-02-21 20:00:00+00:00,70.94
2014-02-21 21:00:00+00:00,69.96
2014-02-21 22:00:00+00:00,70.17
2014-02-21 23:00:00+00:00,59.05
2014-02-22 00:00:00+00:00,53.92
2014-02-22 01:00:00+00:00,52.12
2014-02-22 02:00:00+00:00,45.5
2014-02-22 03:00:00+00:00,44.72
2014-02-22 04:00:00+00:00,55.54
2014-02-22 05:00:00+00:00,61.03
2014-02-22 06:00:00+00:00,70.83
2014-02-22 07:00:00+00:00,73.33
2014-02-22 08:00:00+00:00,72.86
2014-02-22 09:00:00+00:00,64.48
2014-02-22 10:00:00+00:00,63.0
2014-02-22 11:00:00+00:00,50.24
2014-02-22 12:00:00+00:00,43.2
2014-02-22 13:00:00+00:00,39.94
2014-02-22 14:00:00+00:00,39.68
2014-02-22 15:00:00+00:00,43.2
2014-02-22 16:00:00+00:00,72.38
2014-02-22 17:00:00+00:00,122.94
2014-02-22 18:00:00+00:00,130.72
2014-02-22 19:00:00+00:00,121.47
2014-02-22 20:00:00+00:00,110.79
2014-02-22 21:00:00+00:00,107.11
2014-02-22 22:00:00+00:00,102.2
2014-02-22 23:00:00+00:00,90.2
2014-02-23 00:00:00+00:00,81.0
2014-02-23 01:00:00+00:00,80.82
2014-02-23 02:00:00+00:00,77.83
2014-02-23 03:00:00+00:00,75.54
2014-02-23 04:00:00+00:00,76.45
2014-02-23 05:00:00+00:00,79.98
2014-02-23 06:00:00+00:00,80.1
2014-02-23 07:00:00+00:00,76.74
2014-02-23 08:00:00+00:00,61.58
2014-02-23 09:00:00+00:00,29.5
2014-02-23 10:00:00+00:00,15.0
2014-02-23 11:00:00+00:00,5.93
2014-02-23 12:00:00+00:00,10.95
2014-02-23 13:00:00+00:00,10.95
2014-02-23 14:00:00+00:00,3.52
2014-02-23 15:00:00+00:00,10.96
2014-02-23 16:00:00+00:00,50.0
2014-02-23 17:00:00+00:00,100.9
2014-02-23 18:00:00+00:00,122.94
2014-02-23 19:00:00+00:00,134.7
2014-02-23 20:00:00+00:00,123.25
2014-02-23 21:00:00+00:00,100.9
2014-02-23 22:00:00+00:00,79.7
2014-02-23 23:00:00+00:00,79.21
2014-02-24 00:00:00+00:00,67.94
2014-02-24 01:00:00+00:00,56.2
2014-02-24 02:00:00+00:00,49.0
2014-02-24 03:00:00+00:00,46.25
2014-02-24 04:00:00+00:00,56.03
2014-02-24 05:00:00+00:00,74.78
2014-02-24 06:00:00+00:00,103.33
2014-02-24 07:00:00+00:00,116.86
2014-02-24 08:00:00+00:00,100.0
2014-02-24 09:00:00+00:00,88.64
2014-02-24 10:00:00+00:00,74.78
2014-02-24 11:00:00+00:00,56.2
2014-02-24 12:00:00+00:00,40.56
2014-02-24 13:00:00+00:00,32.64
2014-02-24 14:00:00+00:00,34.0
2014-02-24 15:00:00+00:00,43.76
2014-02-24 16:00:00+00:00,67.94
2014-02-24 17:00:00+00:00,107.59
2014-02-24 18:00:00+00:00,159.17
2014-02-24 19:00:00+00:00,134.91
2014-02-24 20:00:00+00:00,115.28
2014-02-24 21:00:00+00:00,100.54
2014-02-24 22:00:00+00:00,79.98
2014-02-24 23:00:00+00:00,71.98
2014-02-25 00:00:00+00:00,72.11
2014-02-25 01:00:00+00:00,71.0
2014-02-25 02:00:00+00:00,71.98
2014-02-25 03:00:00+00:00,79.98
2014-02-25 04:00:00+00:00,89.26
2014-02-25 05:00:00+00:00,101.0
2014-02-25 06:00:00+00:00,123.75
2014-02-25 07:00:00+00:00,136.97
2014-02-25 08:00:00+00:00,125.48
2014-02-25 09:00:00+00:00,106.0
2014-02-25 10:00:00+00:00,88.0
2014-02-25 11:00:00+00:00,76.0
2014-02-25 12:00:00+00:00,72.24
2014-02-25 13:00:00+00:00,60.17
2014-02-25 14:00:00+00:00,57.56
2014-02-25 15:00:00+00:00,60.0
2014-02-25 16:00:00+00:00,79.98
2014-02-25 17:00:00+00:00,110.0
2014-02-25 18:00:00+00:00,140.99
2014-02-25 19:00:00+00:00,137.99
2014-02-25 20:00:00+00:00,128.97
2014-02-25 21:00:00+00:00,114.28
2014-02-25 22:00:00+00:00,100.41
2014-02-25 23:00:00+00:00,102.48
2014-02-26 00:00:00+00:00,86.87
2014-02-26 01:00:00+00:00,92.98
2014-02-26 02:00:00+00:00,86.38
2014-02-26 03:00:00+00:00,88.59
2014-02-26 04:00:00+00:00,97.82
2014-02-26 05:00:00+00:00,111.76
2014-02-26 06:00:00+00:00,136.2
2014-02-26 07:00:00+00:00,139.08
2014-02-26 08:00:00+00:00,106.46
2014-02-26 09:00:00+00:00,65.0
2014-02-26 10:00:00+00:00,70.0
2014-02-26 11:00:00+00:00,59.3
2014-02-26 12:00:00+00:00,58.0
2014-02-26 13:00:00+00:00,54.59
2014-02-26 14:00:00+00:00,58.28
2014-02-26 15:00:00+00:00,71.98
2014-02-26 16:00:00+00:00,97.0
2014-02-26 17:00:00+00:00,126.37
2014-02-26 18:00:00+00:00,161.95
2014-02-26 19:00:00+00:00,225.0
2014-02-26 20:00:00+00:00,181.02
2014-02-26 21:00:00+00:00,126.16
2014-02-26 22:00:00+00:00,125.0
2014-02-26 23:00:00+00:00,116.52
2014-02-27 00:00:00+00:00,114.51
2014-02-27 01:00:00+00:00,106.0
2014-02-27 02:00:00+00:00,103.44
2014-02-27 03:00:00+00:00,101.0
2014-02-27 04:00:00+00:00,104.35
2014-02-27 05:00:00+00:00,117.14
2014-02-27 06:00:00+00:00,145.0
2014-02-27 07:00:00+00:00,168.77
2014-02-27 08:00:00+00:00,129.18
2014-02-27 09:00:00+00:00,109.49
2014-02-27 10:00:00+00:00,100.19
2014-02-27 11:00:00+00:00,93.0
2014-02-27 12:00:00+00:00,89.0
2014-02-27 13:00:00+00:00,86.8
2014-02-27 14:00:00+00:00,89.0
2014-02-27 15:00:00+00:00,100.0
2014-02-27 16:00:00+00:00,113.95
2014-02-27 17:00:00+00:00,136.13
2014-02-27 18:00:00+00:00,165.0
2014-02-27 19:00:00+00:00,219.08
2014-02-27 20:00:00+00:00,147.01
2014-02-27 21:00:00+00:00,122.31
2014-02-27 22:00:00+00:00,113.5
2014-02-27 23:00:00+00:00,115.59
2014-02-28 00:00:00+00:00,110.54
2014-02-28 01:00:00+00:00,109.38
2014-02-28 02:00:00+00:00,105.2
2014-02-28 03:00:00+00:00,104.49
2014-02-28 04:00:00+00:00,104.49
2014-02-28 05:00:00+00:00,116.28
2014-02-28 06:00:00+00:00,133.87
2014-02-28 07:00:00+00:00,142.9
2014-02-28 08:00:00+00:00,115.8
2014-02-28 09:00:00+00:00,102.48
2014-02-28 10:00:00+00:00,93.0
2014-02-28 11:00:00+00:00,91.08
2014-02-28 12:00:00+00:00,80.13
2014-02-28 13:00:00+00:00,85.2
2014-02-28 14:00:00+00:00,93.29
2014-02-28 15:00:00+00:00,96.74
2014-02-28 16:00:00+00:00,115.51
2014-02-28 17:00:00+00:00,123.52
2014-02-28 18:00:00+00:00,151.96
2014-02-28 19:00:00+00:00,134.27
2014-02-28 20:00:00+00:00,121.73
2014-02-28 21:00:00+00:00,114.72
2014-02-28 22:00:00+00:00,106.75
2014-02-28 23:00:00+00:00,105.36
2014-03-01 00:00:00+00:00,85.2
2014-03-01 01:00:00+00:00,82.49
2014-03-01 02:00:00+00:00,79.17
2014-03-01 03:00:00+00:00,74.21
2014-03-01 04:00:00+00:00,70.75
2014-03-01 05:00:00+00:00,78.52
2014-03-01 06:00:00+00:00,83.5
2014-03-01 07:00:00+00:00,82.92
2014-03-01 08:00:00+00:00,72.0
2014-03-01 09:00:00+00:00,54.63
2014-03-01 10:00:00+00:00,45.0
2014-03-01 11:00:00+00:00,40.1
2014-03-01 12:00:00+00:00,39.68
2014-03-01 13:00:00+00:00,35.3
2014-03-01 14:00:00+00:00,31.73
2014-03-01 15:00:00+00:00,34.75
2014-03-01 16:00:00+00:00,39.68
2014-03-01 17:00:00+00:00,66.52
2014-03-01 18:00:00+00:00,70.8
2014-03-01 19:00:00+00:00,80.36
2014-03-01 20:00:00+00:00,78.54
2014-03-01 21:00:00+00:00,82.49
2014-03-01 22:00:00+00:00,66.28
2014-03-01 23:00:00+00:00,62.0
2014-03-02 00:00:00+00:00,51.58
2014-03-02 01:00:00+00:00,50.03
2014-03-02 02:00:00+00:00,49.2
2014-03-02 03:00:00+00:00,50.68
2014-03-02 04:00:00+00:00,51.58
2014-03-02 05:00:00+00:00,51.97
2014-03-02 06:00:00+00:00,51.9
2014-03-02 07:00:00+00:00,51.9
2014-03-02 08:00:00+00:00,52.5
2014-03-02 09:00:00+00:00,60.5
2014-03-02 10:00:00+00:00,49.0
2014-03-02 11:00:00+00:00,27.5
2014-03-02 12:00:00+00:00,40.0
2014-03-02 13:00:00+00:00,42.19
2014-03-02 14:00:00+00:00,51.9
2014-03-02 15:00:00+00:00,76.04
2014-03-02 16:00:00+00:00,82.49
2014-03-02 17:00:00+00:00,89.5
2014-03-02 18:00:00+00:00,113.95
2014-03-02 19:00:00+00:00,124.87
2014-03-02 20:00:00+00:00,121.69
2014-03-02 21:00:00+00:00,91.5
2014-03-02 22:00:00+00:00,79.0
2014-03-02 23:00:00+00:00,78.8
2014-03-03 00:00:00+00:00,73.0
2014-03-03 01:00:00+00:00,68.5
2014-03-03 02:00:00+00:00,69.0
2014-03-03 03:00:00+00:00,68.57
2014-03-03 04:00:00+00:00,78.61
2014-03-03 05:00:00+00:00,93.0
2014-03-03 06:00:00+00:00,104.58
2014-03-03 07:00:00+00:00,115.0
2014-03-03 08:00:00+00:00,104.58
2014-03-03 09:00:00+00:00,105.63
2014-03-03 10:00:00+00:00,103.96
2014-03-03 11:00:00+00:00,90.48
2014-03-03 12:00:00+00:00,90.24
2014-03-03 13:00:00+00:00,66.91
2014-03-03 14:00:00+00:00,86.44
2014-03-03 15:00:00+00:00,98.5
2014-03-03 16:00:00+00:00,100.13
2014-03-03 17:00:00+00:00,111.5
2014-03-03 18:00:00+00:00,135.0
2014-03-03 19:00:00+00:00,149.0
2014-03-03 20:00:00+00:00,122.91
2014-03-03 21:00:00+00:00,115.0
2014-03-03 22:00:00+00:00,98.41
2014-03-03 23:00:00+00:00,100.13
2014-03-04 00:00:00+00:00,104.0
2014-03-04 01:00:00+00:00,101.05
2014-03-04 02:00:00+00:00,100.13
2014-03-04 03:00:00+00:00,99.0
2014-03-04 04:00:00+00:00,102.61
2014-03-04 05:00:00+00:00,96.78
2014-03-04 06:00:00+00:00,106.6
2014-03-04 07:00:00+00:00,109.24
2014-03-04 08:00:00+00:00,102.7
2014-03-04 09:00:00+00:00,95.5
2014-03-04 10:00:00+00:00,77.85
2014-03-04 11:00:00+00:00,63.84
2014-03-04 12:00:00+00:00,50.24
2014-03-04 13:00:00+00:00,55.1
2014-03-04 14:00:00+00:00,66.75
2014-03-04 15:00:00+00:00,80.0
2014-03-04 16:00:00+00:00,101.0
2014-03-04 17:00:00+00:00,102.58
2014-03-04 18:00:00+00:00,144.28
2014-03-04 19:00:00+00:00,132.0
2014-03-04 20:00:00+00:00,117.62
2014-03-04 21:00:00+00:00,102.97
2014-03-04 22:00:00+00:00,102.7
2014-03-04 23:00:00+00:00,86.0
2014-03-05 00:00:00+00:00,84.0
2014-03-05 01:00:00+00:00,83.66
2014-03-05 02:00:00+00:00,80.0
2014-03-05 03:00:00+00:00,79.19
2014-03-05 04:00:00+00:00,76.0
2014-03-05 05:00:00+00:00,83.66
2014-03-05 06:00:00+00:00,109.14
2014-03-05 07:00:00+00:00,99.69
2014-03-05 08:00:00+00:00,82.0
2014-03-05 09:00:00+00:00,70.2
2014-03-05 10:00:00+00:00,50.0
2014-03-05 11:00:00+00:00,41.89
2014-03-05 12:00:00+00:00,35.19
2014-03-05 13:00:00+00:00,35.3
2014-03-05 14:00:00+00:00,50.53
2014-03-05 15:00:00+00:00,69.37
2014-03-05 16:00:00+00:00,80.0
2014-03-05 17:00:00+00:00,89.0
2014-03-05 18:00:00+00:00,111.31
2014-03-05 19:00:00+00:00,112.82
2014-03-05 20:00:00+00:00,106.71
2014-03-05 21:00:00+00:00,96.96
2014-03-05 22:00:00+00:00,80.46
2014-03-05 23:00:00+00:00,61.0
2014-03-06 00:00:00+00:00,56.0
2014-03-06 01:00:00+00:00,62.0
2014-03-06 02:00:00+00:00,67.75
2014-03-06 03:00:00+00:00,68.9
2014-03-06 04:00:00+00:00,70.84
2014-03-06 05:00:00+00:00,75.95
2014-03-06 06:00:00+00:00,97.49
2014-03-06 07:00:00+00:00,101.58
2014-03-06 08:00:00+00:00,78.85
2014-03-06 09:00:00+00:00,71.0
2014-03-06 10:00:00+00:00,70.2
2014-03-06 11:00:00+00:00,67.7
2014-03-06 12:00:00+00:00,59.99
2014-03-06 13:00:00+00:00,54.19
2014-03-06 14:00:00+00:00,54.97
2014-03-06 15:00:00+00:00,60.01
2014-03-06 16:00:00+00:00,76.99
2014-03-06 17:00:00+00:00,101.0
2014-03-06 18:00:00+00:00,126.02
2014-03-06 19:00:00+00:00,117.01
2014-03-06 20:00:00+00:00,105.51
2014-03-06 21:00:00+00:00,91.96
2014-03-06 22:00:00+00:00,76.6
2014-03-06 23:00:00+00:00,77.33
2014-03-07 00:00:00+00:00,69.99
2014-03-07 01:00:00+00:00,63.93
2014-03-07 02:00:00+00:00,60.01
2014-03-07 03:00:00+00:00,60.2
2014-03-07 04:00:00+00:00,64.01
2014-03-07 05:00:00+00:00,67.98
2014-03-07 06:00:00+00:00,77.1
2014-03-07 07:00:00+00:00,77.14
2014-03-07 08:00:00+00:00,62.27
2014-03-07 09:00:00+00:00,60.32
2014-03-07 10:00:00+00:00,35.0
2014-03-07 11:00:00+00:00,20.47
2014-03-07 12:00:00+00:00,7.82
2014-03-07 13:00:00+00:00,23.9
2014-03-07 14:00:00+00:00,14.68
2014-03-07 15:00:00+00:00,22.34
2014-03-07 16:00:00+00:00,29.75
2014-03-07 17:00:00+00:00,43.33
2014-03-07 18:00:00+00:00,44.1
2014-03-07 19:00:00+00:00,52.2
2014-03-07 20:00:00+00:00,50.0
2014-03-07 21:00:00+00:00,50.0
2014-03-07 22:00:00+00:00,43.84
2014-03-07 23:00:00+00:00,29.0
2014-03-08 00:00:00+00:00,13.2
2014-03-08 01:00:00+00:00,13.2
2014-03-08 02:00:00+00:00,12.2
2014-03-08 03:00:00+00:00,7.19
2014-03-08 04:00:00+00:00,5.0
2014-03-08 05:00:00+00:00,8.9
2014-03-08 06:00:00+00:00,10.96
2014-03-08 07:00:00+00:00,5.0
2014-03-08 08:00:00+00:00,6.99
2014-03-08 09:00:00+00:00,3.52
2014-03-08 10:00:00+00:00,3.52
2014-03-08 11:00:00+00:00,2.99
2014-03-08 12:00:00+00:00,1.0
2014-03-08 13:00:00+00:00,0.07
2014-03-08 14:00:00+00:00,0.02
2014-03-08 15:00:00+00:00,0.65
2014-03-08 16:00:00+00:00,3.52
2014-03-08 17:00:00+00:00,35.0
2014-03-08 18:00:00+00:00,43.38
2014-03-08 19:00:00+00:00,41.23
2014-03-08 20:00:00+00:00,40.65
2014-03-08 21:00:00+00:00,40.0
2014-03-08 22:00:00+00:00,38.1
2014-03-08 23:00:00+00:00,35.4
2014-03-09 00:00:00+00:00,35.01
2014-03-09 01:00:00+00:00,35.01
2014-03-09 02:00:00+00:00,33.29
2014-03-09 03:00:00+00:00,29.97
2014-03-09 04:00:00+00:00,31.4
2014-03-09 05:00:00+00:00,31.81
2014-03-09 06:00:00+00:00,35.0
2014-03-09 07:00:00+00:00,35.0
2014-03-09 08:00:00+00:00,29.27
2014-03-09 09:00:00+00:00,10.1
2014-03-09 10:00:00+00:00,9.13
2014-03-09 11:00:00+00:00,13.2
2014-03-09 12:00:00+00:00,7.1
2014-03-09 13:00:00+00:00,3.52
2014-03-09 14:00:00+00:00,17.39
2014-03-09 15:00:00+00:00,35.01
2014-03-09 16:00:00+00:00,47.68
2014-03-09 17:00:00+00:00,89.02
2014-03-09 18:00:00+00:00,124.5
2014-03-09 19:00:00+00:00,127.6
2014-03-09 20:00:00+00:00,115.66
2014-03-09 21:00:00+00:00,97.04
2014-03-09 22:00:00+00:00,88.06
2014-03-09 23:00:00+00:00,85.51
2014-03-10 00:00:00+00:00,78.03
2014-03-10 01:00:00+00:00,73.01
2014-03-10 02:00:00+00:00,71.31
2014-03-10 03:00:00+00:00,66.7
2014-03-10 04:00:00+00:00,73.43
2014-03-10 05:00:00+00:00,99.58
2014-03-10 06:00:00+00:00,123.06
2014-03-10 07:00:00+00:00,130.01
2014-03-10 08:00:00+00:00,95.0
2014-03-10 09:00:00+00:00,82.99
2014-03-10 10:00:00+00:00,78.0
2014-03-10 11:00:00+00:00,76.02
2014-03-10 12:00:00+00:00,77.32
2014-03-10 13:00:00+00:00,75.51
2014-03-10 14:00:00+00:00,69.11
2014-03-10 15:00:00+00:00,77.86
2014-03-10 16:00:00+00:00,95.92
2014-03-10 17:00:00+00:00,117.84
2014-03-10 18:00:00+00:00,152.05
2014-03-10 19:00:00+00:00,131.6
2014-03-10 20:00:00+00:00,110.0
2014-03-10 21:00:00+00:00,100.0
2014-03-10 22:00:00+00:00,92.0
2014-03-10 23:00:00+00:00,91.0
2014-03-11 00:00:00+00:00,87.45
2014-03-11 01:00:00+00:00,84.47
2014-03-11 02:00:00+00:00,82.36
2014-03-11 03:00:00+00:00,82.36
2014-03-11 04:00:00+00:00,91.92
2014-03-11 05:00:00+00:00,92.8
2014-03-11 06:00:00+00:00,114.57
2014-03-11 07:00:00+00:00,126.96
2014-03-11 08:00:00+00:00,100.93
2014-03-11 09:00:00+00:00,92.22
2014-03-11 10:00:00+00:00,80.0
2014-03-11 11:00:00+00:00,82.92
2014-03-11 12:00:00+00:00,77.87
2014-03-11 13:00:00+00:00,75.0
2014-03-11 14:00:00+00:00,69.1
2014-03-11 15:00:00+00:00,69.1
2014-03-11 16:00:00+00:00,82.5
2014-03-11 17:00:00+00:00,114.5
2014-03-11 18:00:00+00:00,157.5
2014-03-11 19:00:00+00:00,137.84
2014-03-11 20:00:00+00:00,119.33
2014-03-11 21:00:00+00:00,108.78
2014-03-11 22:00:00+00:00,105.16
2014-03-11 23:00:00+00:00,84.99
2014-03-12 00:00:00+00:00,71.97
2014-03-12 01:00:00+00:00,69.1
2014-03-12 02:00:00+00:00,71.58
2014-03-12 03:00:00+00:00,71.14
2014-03-12 04:00:00+00:00,70.01
2014-03-12 05:00:00+00:00,78.5
2014-03-12 06:00:00+00:00,103.08
2014-03-12 07:00:00+00:00,104.44
2014-03-12 08:00:00+00:00,85.0
2014-03-12 09:00:00+00:00,75.85
2014-03-12 10:00:00+00:00,71.97
2014-03-12 11:00:00+00:00,70.39
2014-03-12 12:00:00+00:00,70.01
2014-03-12 13:00:00+00:00,70.01
2014-03-12 14:00:00+00:00,71.83
2014-03-12 15:00:00+00:00,75.01
2014-03-12 16:00:00+00:00,103.08
2014-03-12 17:00:00+00:00,130.41
2014-03-12 18:00:00+00:00,176.69
2014-03-12 19:00:00+00:00,146.37
2014-03-12 20:00:00+00:00,132.2
2014-03-12 21:00:00+00:00,120.0
2014-03-12 22:00:00+00:00,109.91
2014-03-12 23:00:00+00:00,108.58
2014-03-13 00:00:00+00:00,103.46
2014-03-13 01:00:00+00:00,101.25
2014-03-13 02:00:00+00:00,95.12
2014-03-13 03:00:00+00:00,90.8
2014-03-13 04:00:00+00:00,99.0
2014-03-13 05:00:00+00:00,110.01
2014-03-13 06:00:00+00:00,152.28
2014-03-13 07:00:00+00:00,156.41
2014-03-13 08:00:00+00:00,140.0
2014-03-13 09:00:00+00:00,117.56
2014-03-13 10:00:00+00:00,110.54
2014-03-13 11:00:00+00:00,102.75
2014-03-13 12:00:00+00:00,95.12
2014-03-13 13:00:00+00:00,92.38
2014-03-13 14:00:00+00:00,92.47
2014-03-13 15:00:00+00:00,92.38
2014-03-13 16:00:00+00:00,92.47
2014-03-13 17:00:00+00:00,107.1
2014-03-13 18:00:00+00:00,160.86
2014-03-13 19:00:00+00:00,149.0
2014-03-13 20:00:00+00:00,126.51
2014-03-13 21:00:00+00:00,103.5
2014-03-13 22:00:00+00:00,81.9
2014-03-13 23:00:00+00:00,49.75
2014-03-14 00:00:00+00:00,39.0
2014-03-14 01:00:00+00:00,35.1
2014-03-14 02:00:00+00:00,35.01
2014-03-14 03:00:00+00:00,37.0
2014-03-14 04:00:00+00:00,42.28
2014-03-14 05:00:00+00:00,62.84
2014-03-14 06:00:00+00:00,95.8
2014-03-14 07:00:00+00:00,96.3
2014-03-14 08:00:00+00:00,63.1
2014-03-14 09:00:00+00:00,38.0
2014-03-14 10:00:00+00:00,25.0
2014-03-14 11:00:00+00:00,24.7
2014-03-14 12:00:00+00:00,18.82
2014-03-14 13:00:00+00:00,5.76
2014-03-14 14:00:00+00:00,5.0
2014-03-14 15:00:00+00:00,14.0
2014-03-14 16:00:00+00:00,37.0
2014-03-14 17:00:00+00:00,83.35
2014-03-14 18:00:00+00:00,134.5
2014-03-14 19:00:00+00:00,130.01
2014-03-14 20:00:00+00:00,111.39
2014-03-14 21:00:00+00:00,104.14
2014-03-14 22:00:00+00:00,96.54
2014-03-14 23:00:00+00:00,82.26
2014-03-15 00:00:00+00:00,66.79
2014-03-15 01:00:00+00:00,59.43
2014-03-15 02:00:00+00:00,49.71
2014-03-15 03:00:00+00:00,44.72
2014-03-15 04:00:00+00:00,44.72
2014-03-15 05:00:00+00:00,49.58
2014-03-15 06:00:00+00:00,59.68
2014-03-15 07:00:00+00:00,34.22
2014-03-15 08:00:00+00:00,3.52
2014-03-15 09:00:00+00:00,0.0
2014-03-15 10:00:00+00:00,0.0
2014-03-15 11:00:00+00:00,0.0
2014-03-15 12:00:00+00:00,0.0
2014-03-15 13:00:00+00:00,0.0
2014-03-15 14:00:00+00:00,0.02
2014-03-15 15:00:00+00:00,1.0
2014-03-15 16:00:00+00:00,29.52
2014-03-15 17:00:00+00:00,85.0
2014-03-15 18:00:00+00:00,132.96
2014-03-15 19:00:00+00:00,121.46
2014-03-15 20:00:00+00:00,108.5
2014-03-15 21:00:00+00:00,105.02
2014-03-15 22:00:00+00:00,95.25
2014-03-15 23:00:00+00:00,82.93
2014-03-16 00:00:00+00:00,70.0
2014-03-16 01:00:00+00:00,65.0
2014-03-16 02:00:00+00:00,65.0
2014-03-16 03:00:00+00:00,63.02
2014-03-16 04:00:00+00:00,65.0
2014-03-16 05:00:00+00:00,65.0
2014-03-16 06:00:00+00:00,67.8
2014-03-16 07:00:00+00:00,60.35
2014-03-16 08:00:00+00:00,40.5
2014-03-16 09:00:00+00:00,25.3
2014-03-16 10:00:00+00:00,11.06
2014-03-16 11:00:00+00:00,10.52
2014-03-16 12:00:00+00:00,11.37
2014-03-16 13:00:00+00:00,9.94
2014-03-16 14:00:00+00:00,6.99
2014-03-16 15:00:00+00:00,25.3
2014-03-16 16:00:00+00:00,46.0
2014-03-16 17:00:00+00:00,82.93
2014-03-16 18:00:00+00:00,140.0
2014-03-16 19:00:00+00:00,130.43
2014-03-16 20:00:00+00:00,113.31
2014-03-16 21:00:00+00:00,107.05
2014-03-16 22:00:00+00:00,89.0
2014-03-16 23:00:00+00:00,83.55
2014-03-17 00:00:00+00:00,71.26
2014-03-17 01:00:00+00:00,74.66
2014-03-17 02:00:00+00:00,71.26
2014-03-17 03:00:00+00:00,71.26
2014-03-17 04:00:00+00:00,69.6
2014-03-17 05:00:00+00:00,79.99
2014-03-17 06:00:00+00:00,136.01
2014-03-17 07:00:00+00:00,137.01
2014-03-17 08:00:00+00:00,99.0
2014-03-17 09:00:00+00:00,81.1
2014-03-17 10:00:00+00:00,70.07
2014-03-17 11:00:00+00:00,58.9
2014-03-17 12:00:00+00:00,50.24
2014-03-17 13:00:00+00:00,50.24
2014-03-17 14:00:00+00:00,60.34
2014-03-17 15:00:00+00:00,68.1
2014-03-17 16:00:00+00:00,80.67
2014-03-17 17:00:00+00:00,111.93
2014-03-17 18:00:00+00:00,170.0
2014-03-17 19:00:00+00:00,141.5
2014-03-17 20:00:00+00:00,110.96
2014-03-17 21:00:00+00:00,104.18
2014-03-17 22:00:00+00:00,75.85
2014-03-17 23:00:00+00:00,70.79
2014-03-18 00:00:00+00:00,40.3
2014-03-18 01:00:00+00:00,37.84
2014-03-18 02:00:00+00:00,40.0
2014-03-18 03:00:00+00:00,39.8
2014-03-18 04:00:00+00:00,38.31
2014-03-18 05:00:00+00:00,54.23
2014-03-18 06:00:00+00:00,78.87
2014-03-18 07:00:00+00:00,94.14
2014-03-18 08:00:00+00:00,72.65
2014-03-18 09:00:00+00:00,37.84
2014-03-18 10:00:00+00:00,12.84
2014-03-18 11:00:00+00:00,20.2
2014-03-18 12:00:00+00:00,5.19
2014-03-18 13:00:00+00:00,6.03
2014-03-18 14:00:00+00:00,24.59
2014-03-18 15:00:00+00:00,33.0
2014-03-18 16:00:00+00:00,41.89
2014-03-18 17:00:00+00:00,72.0
2014-03-18 18:00:00+00:00,150.79
2014-03-18 19:00:00+00:00,136.97
2014-03-18 20:00:00+00:00,105.69
2014-03-18 21:00:00+00:00,90.95
2014-03-18 22:00:00+00:00,79.43
2014-03-18 23:00:00+00:00,46.68
2014-03-19 00:00:00+00:00,44.02
2014-03-19 01:00:00+00:00,39.92
2014-03-19 02:00:00+00:00,35.01
2014-03-19 03:00:00+00:00,35.01
2014-03-19 04:00:00+00:00,35.0
2014-03-19 05:00:00+00:00,75.0
2014-03-19 06:00:00+00:00,117.38
2014-03-19 07:00:00+00:00,35.01
2014-03-19 08:00:00+00:00,20.19
2014-03-19 09:00:00+00:00,6.0
2014-03-19 10:00:00+00:00,0.22
2014-03-19 11:00:00+00:00,0.0
2014-03-19 12:00:00+00:00,0.0
2014-03-19 13:00:00+00:00,0.0
2014-03-19 14:00:00+00:00,0.0
2014-03-19 15:00:00+00:00,0.1
2014-03-19 16:00:00+00:00,3.6
2014-03-19 17:00:00+00:00,31.1
2014-03-19 18:00:00+00:00,36.68
2014-03-19 19:00:00+00:00,52.96
2014-03-19 20:00:00+00:00,38.26
2014-03-19 21:00:00+00:00,30.34
2014-03-19 22:00:00+00:00,16.09
2014-03-19 23:00:00+00:00,7.89
2014-03-20 00:00:00+00:00,6.0
2014-03-20 01:00:00+00:00,3.52
2014-03-20 02:00:00+00:00,3.52
2014-03-20 03:00:00+00:00,3.52
2014-03-20 04:00:00+00:00,3.52
2014-03-20 05:00:00+00:00,6.0
2014-03-20 06:00:00+00:00,9.7
2014-03-20 07:00:00+00:00,14.0
2014-03-20 08:00:00+00:00,5.0
2014-03-20 09:00:00+00:00,3.52
2014-03-20 10:00:00+00:00,3.42
2014-03-20 11:00:00+00:00,0.43
2014-03-20 12:00:00+00:00,0.65
2014-03-20 13:00:00+00:00,3.52
2014-03-20 14:00:00+00:00,6.09
2014-03-20 15:00:00+00:00,15.47
2014-03-20 16:00:00+00:00,35.0
2014-03-20 17:00:00+00:00,62.96
2014-03-20 18:00:00+00:00,101.6
2014-03-20 19:00:00+00:00,93.74
2014-03-20 20:00:00+00:00,63.99
2014-03-20 21:00:00+00:00,50.21
2014-03-20 22:00:00+00:00,41.34
2014-03-20 23:00:00+00:00,16.74
2014-03-21 00:00:00+00:00,9.2
2014-03-21 01:00:00+00:00,5.7
2014-03-21 02:00:00+00:00,4.2
2014-03-21 03:00:00+00:00,3.52
2014-03-21 04:00:00+00:00,4.2
2014-03-21 05:00:00+00:00,8.85
2014-03-21 06:00:00+00:00,17.0
2014-03-21 07:00:00+00:00,10.6
2014-03-21 08:00:00+00:00,3.52
2014-03-21 09:00:00+00:00,3.52
2014-03-21 10:00:00+00:00,0.74
2014-03-21 11:00:00+00:00,0.65
2014-03-21 12:00:00+00:00,0.18
2014-03-21 13:00:00+00:00,0.18
2014-03-21 14:00:00+00:00,0.65
2014-03-21 15:00:00+00:00,1.1
2014-03-21 16:00:00+00:00,3.52
2014-03-21 17:00:00+00:00,9.5
2014-03-21 18:00:00+00:00,35.0
2014-03-21 19:00:00+00:00,40.0
2014-03-21 20:00:00+00:00,35.01
2014-03-21 21:00:00+00:00,29.42
2014-03-21 22:00:00+00:00,15.0
2014-03-21 23:00:00+00:00,3.52
2014-03-22 00:00:00+00:00,3.52
2014-03-22 01:00:00+00:00,1.0
2014-03-22 02:00:00+00:00,0.5
2014-03-22 03:00:00+00:00,0.5
2014-03-22 04:00:00+00:00,1.0
2014-03-22 05:00:00+00:00,0.65
2014-03-22 06:00:00+00:00,0.5
2014-03-22 07:00:00+00:00,0.1
2014-03-22 08:00:00+00:00,0.0
2014-03-22 09:00:00+00:00,0.0
2014-03-22 10:00:00+00:00,0.0
2014-03-22 11:00:00+00:00,0.0
2014-03-22 12:00:00+00:00,0.0
2014-03-22 13:00:00+00:00,0.0
2014-03-22 14:00:00+00:00,-0.01
2014-03-22 15:00:00+00:00,0.0
2014-03-22 16:00:00+00:00,0.65
2014-03-22 17:00:00+00:00,10.5
2014-03-22 18:00:00+00:00,40.0
2014-03-22 19:00:00+00:00,76.01
2014-03-22 20:00:00+00:00,52.05
2014-03-22 21:00:00+00:00,43.9
2014-03-22 22:00:00+00:00,35.01
2014-03-22 23:00:00+00:00,35.01
2014-03-23 00:00:00+00:00,33.55
2014-03-23 01:00:00+00:00,19.97
2014-03-23 02:00:00+00:00,10.1
2014-03-23 03:00:00+00:00,8.5
2014-03-23 04:00:00+00:00,8.74
2014-03-23 05:00:00+00:00,10.1
2014-03-23 06:00:00+00:00,15.0
2014-03-23 07:00:00+00:00,7.4
2014-03-23 08:00:00+00:00,3.52
2014-03-23 09:00:00+00:00,0.65
2014-03-23 10:00:00+00:00,0.54
2014-03-23 11:00:00+00:00,0.1
2014-03-23 12:00:00+00:00,0.5
2014-03-23 13:00:00+00:00,0.06
2014-03-23 14:00:00+00:00,0.0
2014-03-23 15:00:00+00:00,0.02
2014-03-23 16:00:00+00:00,3.52
2014-03-23 17:00:00+00:00,35.01
2014-03-23 18:00:00+00:00,108.0
2014-03-23 19:00:00+00:00,125.92
2014-03-23 20:00:00+00:00,111.0
2014-03-23 21:00:00+00:00,98.84
2014-03-23 22:00:00+00:00,63.11
2014-03-23 23:00:00+00:00,40.03
2014-03-24 00:00:00+00:00,28.0
2014-03-24 01:00:00+00:00,24.0
2014-03-24 02:00:00+00:00,21.96
2014-03-24 03:00:00+00:00,21.87
2014-03-24 04:00:00+00:00,25.0
2014-03-24 05:00:00+00:00,40.38
2014-03-24 06:00:00+00:00,61.51
2014-03-24 07:00:00+00:00,37.93
2014-03-24 08:00:00+00:00,20.19
2014-03-24 09:00:00+00:00,3.52
2014-03-24 10:00:00+00:00,0.65
2014-03-24 11:00:00+00:00,0.65
2014-03-24 12:00:00+00:00,2.0
2014-03-24 13:00:00+00:00,3.52
2014-03-24 14:00:00+00:00,3.52
2014-03-24 15:00:00+00:00,7.4
2014-03-24 16:00:00+00:00,23.79
2014-03-24 17:00:00+00:00,59.99
2014-03-24 18:00:00+00:00,179.1
2014-03-24 19:00:00+00:00,158.3
2014-03-24 20:00:00+00:00,120.96
2014-03-24 21:00:00+00:00,107.92
2014-03-24 22:00:00+00:00,74.73
2014-03-24 23:00:00+00:00,40.51
2014-03-25 00:00:00+00:00,20.26
2014-03-25 01:00:00+00:00,13.13
2014-03-25 02:00:00+00:00,12.2
2014-03-25 03:00:00+00:00,12.73
2014-03-25 04:00:00+00:00,17.87
2014-03-25 05:00:00+00:00,32.38
2014-03-25 06:00:00+00:00,90.99
2014-03-25 07:00:00+00:00,37.93
2014-03-25 08:00:00+00:00,4.96
2014-03-25 09:00:00+00:00,1.06
2014-03-25 10:00:00+00:00,0.0
2014-03-25 11:00:00+00:00,0.01
2014-03-25 12:00:00+00:00,0.1
2014-03-25 13:00:00+00:00,0.42
2014-03-25 14:00:00+00:00,1.03
2014-03-25 15:00:00+00:00,3.6
2014-03-25 16:00:00+00:00,12.2
2014-03-25 17:00:00+00:00,65.0
2014-03-25 18:00:00+00:00,160.86
2014-03-25 19:00:00+00:00,158.84
2014-03-25 20:00:00+00:00,128.4
2014-03-25 21:00:00+00:00,104.25
2014-03-25 22:00:00+00:00,99.0
2014-03-25 23:00:00+00:00,47.39
2014-03-26 00:00:00+00:00,30.0
2014-03-26 01:00:00+00:00,15.85
2014-03-26 02:00:00+00:00,15.8
2014-03-26 03:00:00+00:00,20.08
2014-03-26 04:00:00+00:00,28.6
2014-03-26 05:00:00+00:00,60.0
2014-03-26 06:00:00+00:00,95.79
2014-03-26 07:00:00+00:00,21.7
2014-03-26 08:00:00+00:00,0.2
2014-03-26 09:00:00+00:00,-0.01
2014-03-26 10:00:00+00:00,-0.45
2014-03-26 11:00:00+00:00,-0.5
2014-03-26 12:00:00+00:00,-0.45
2014-03-26 13:00:00+00:00,-0.45
2014-03-26 14:00:00+00:00,-0.45
2014-03-26 15:00:00+00:00,-0.01
2014-03-26 16:00:00+00:00,0.0
2014-03-26 17:00:00+00:00,27.0
2014-03-26 18:00:00+00:00,125.22
2014-03-26 19:00:00+00:00,126.66
2014-03-26 20:00:00+00:00,104.94
2014-03-26 21:00:00+00:00,97.33
2014-03-26 22:00:00+00:00,54.68
2014-03-26 23:00:00+00:00,93.52
2014-03-27 00:00:00+00:00,63.09
2014-03-27 01:00:00+00:00,60.0
2014-03-27 02:00:00+00:00,52.98
2014-03-27 03:00:00+00:00,52.98
2014-03-27 04:00:00+00:00,63.09
2014-03-27 05:00:00+00:00,85.92
2014-03-27 06:00:00+00:00,125.03
2014-03-27 07:00:00+00:00,59.0
2014-03-27 08:00:00+00:00,3.52
2014-03-27 09:00:00+00:00,0.0
2014-03-27 10:00:00+00:00,-0.01
2014-03-27 11:00:00+00:00,-0.01
2014-03-27 12:00:00+00:00,-0.01
2014-03-27 13:00:00+00:00,-0.01
2014-03-27 14:00:00+00:00,-0.01
2014-03-27 15:00:00+00:00,0.0
2014-03-27 16:00:00+00:00,0.65
2014-03-27 17:00:00+00:00,47.81
2014-03-27 18:00:00+00:00,150.0
2014-03-27 19:00:00+00:00,135.57
2014-03-27 20:00:00+00:00,117.75
2014-03-27 21:00:00+00:00,106.1
2014-03-27 22:00:00+00:00,93.2
2014-03-27 23:00:00+00:00,51.4
2014-03-28 00:00:00+00:00,37.0
2014-03-28 01:00:00+00:00,21.61
2014-03-28 02:00:00+00:00,20.8
2014-03-28 03:00:00+00:00,20.8
2014-03-28 04:00:00+00:00,29.5
2014-03-28 05:00:00+00:00,51.4
2014-03-28 06:00:00+00:00,86.9
2014-03-28 07:00:00+00:00,20.08
2014-03-28 08:00:00+00:00,0.02
2014-03-28 09:00:00+00:00,-0.4
2014-03-28 10:00:00+00:00,-1.0
2014-03-28 11:00:00+00:00,-1.02
2014-03-28 12:00:00+00:00,-1.04
2014-03-28 13:00:00+00:00,-1.2
2014-03-28 14:00:00+00:00,-1.24
2014-03-28 15:00:00+00:00,-1.24
2014-03-28 16:00:00+00:00,-0.62
2014-03-28 17:00:00+00:00,3.52
2014-03-28 18:00:00+00:00,62.0
2014-03-28 19:00:00+00:00,85.36
2014-03-28 20:00:00+00:00,63.53
2014-03-28 21:00:00+00:00,50.0
2014-03-28 22:00:00+00:00,20.8
2014-03-28 23:00:00+00:00,13.29
2014-03-29 00:00:00+00:00,10.63
2014-03-29 01:00:00+00:00,7.0
2014-03-29 02:00:00+00:00,5.0
2014-03-29 03:00:00+00:00,4.96
2014-03-29 04:00:00+00:00,4.96
2014-03-29 05:00:00+00:00,5.0
2014-03-29 06:00:00+00:00,3.52
2014-03-29 07:00:00+00:00,0.0
2014-03-29 08:00:00+00:00,-1.01
2014-03-29 09:00:00+00:00,-2.0
2014-03-29 10:00:00+00:00,-2.0
2014-03-29 11:00:00+00:00,-2.0
2014-03-29 12:00:00+00:00,-2.0
2014-03-29 13:00:00+00:00,-2.2
2014-03-29 14:00:00+00:00,-2.2
2014-03-29 15:00:00+00:00,-2.2
2014-03-29 16:00:00+00:00,-2.0
2014-03-29 17:00:00+00:00,0.0
2014-03-29 18:00:00+00:00,11.13
2014-03-29 19:00:00+00:00,20.16
2014-03-29 20:00:00+00:00,18.58
2014-03-29 21:00:00+00:00,11.13
2014-03-29 22:00:00+00:00,6.0
2014-03-29 23:00:00+00:00,3.6
2014-03-30 00:00:00+00:00,3.2
2014-03-30 01:00:00+00:00,0.65
2014-03-30 02:00:00+00:00,0.1
2014-03-30 03:00:00+00:00,0.09
2014-03-30 04:00:00+00:00,0.17
2014-03-30 05:00:00+00:00,0.13
2014-03-30 06:00:00+00:00,0.0
2014-03-30 07:00:00+00:00,-1.53
2014-03-30 08:00:00+00:00,-2.31
2014-03-30 09:00:00+00:00,-3.8
2014-03-30 10:00:00+00:00,-4.0
2014-03-30 11:00:00+00:00,-4.0
2014-03-30 12:00:00+00:00,-5.0
2014-03-30 13:00:00+00:00,-5.21
2014-03-30 14:00:00+00:00,-4.0
2014-03-30 15:00:00+00:00,-3.0
2014-03-30 16:00:00+00:00,-2.2
2014-03-30 17:00:00+00:00,0.02
2014-03-30 18:00:00+00:00,25.46
2014-03-30 19:00:00+00:00,35.01
2014-03-30 20:00:00+00:00,25.63
2014-03-30 21:00:00+00:00,10.63
2014-03-30 22:00:00+00:00,0.65
2014-03-30 23:00:00+00:00,2.0
2014-03-31 00:00:00+00:00,3.0
2014-03-31 01:00:00+00:00,0.65
2014-03-31 02:00:00+00:00,0.65
2014-03-31 03:00:00+00:00,1.0
2014-03-31 04:00:00+00:00,7.44
2014-03-31 05:00:00+00:00,40.03
2014-03-31 06:00:00+00:00,41.26
2014-03-31 07:00:00+00:00,0.15
2014-03-31 08:00:00+00:00,-0.01
2014-03-31 09:00:00+00:00,-0.31
2014-03-31 10:00:00+00:00,-0.66
2014-03-31 11:00:00+00:00,-0.62
2014-03-31 12:00:00+00:00,-0.62
2014-03-31 13:00:00+00:00,-1.0
2014-03-31 14:00:00+00:00,-0.99
2014-03-31 15:00:00+00:00,-0.01
2014-03-31 16:00:00+00:00,0.2
2014-03-31 17:00:00+00:00,55.0
2014-03-31 18:00:00+00:00,146.79
2014-03-31 19:00:00+00:00,197.25
2014-03-31 20:00:00+00:00,119.85
2014-03-31 21:00:00+00:00,95.01
2014-03-31 22:00:00+00:00,90.0
2014-03-31 23:00:00+00:00,75.78
2014-04-01 00:00:00+00:00,70.03
2014-04-01 01:00:00+00:00,60.48
2014-04-01 02:00:00+00:00,61.59
2014-04-01 03:00:00+00:00,68.2
2014-04-01 04:00:00+00:00,84.2
2014-04-01 05:00:00+00:00,155.5
2014-04-01 06:00:00+00:00,159.37
2014-04-01 07:00:00+00:00,87.97
2014-04-01 08:00:00+00:00,38.1
2014-04-01 09:00:00+00:00,5.2
2014-04-01 10:00:00+00:00,0.0
2014-04-01 11:00:00+00:00,0.0
2014-04-01 12:00:00+00:00,-0.01
2014-04-01 13:00:00+00:00,-0.07
2014-04-01 14:00:00+00:00,-0.01
2014-04-01 15:00:00+00:00,-0.01
2014-04-01 16:00:00+00:00,17.9
2014-04-01 17:00:00+00:00,53.71
2014-04-01 18:00:00+00:00,114.96
2014-04-01 19:00:00+00:00,120.93
2014-04-01 20:00:00+00:00,84.2
2014-04-01 21:00:00+00:00,58.44
2014-04-01 22:00:00+00:00,38.11
2014-04-01 23:00:00+00:00,26.34
2014-04-02 00:00:00+00:00,26.1
2014-04-02 01:00:00+00:00,20.0
2014-04-02 02:00:00+00:00,20.0
2014-04-02 03:00:00+00:00,26.34
2014-04-02 04:00:00+00:00,39.87
2014-04-02 05:00:00+00:00,90.08
2014-04-02 06:00:00+00:00,104.9
2014-04-02 07:00:00+00:00,54.33
2014-04-02 08:00:00+00:00,21.15
2014-04-02 09:00:00+00:00,1.0
2014-04-02 10:00:00+00:00,0.0
2014-04-02 11:00:00+00:00,0.0
2014-04-02 12:00:00+00:00,-0.01
2014-04-02 13:00:00+00:00,-0.02
2014-04-02 14:00:00+00:00,-0.01
2014-04-02 15:00:00+00:00,0.04
2014-04-02 16:00:00+00:00,7.96
2014-04-02 17:00:00+00:00,32.96
2014-04-02 18:00:00+00:00,53.11
2014-04-02 19:00:00+00:00,49.23
2014-04-02 20:00:00+00:00,32.95
2014-04-02 21:00:00+00:00,27.3
2014-04-02 22:00:00+00:00,20.37
2014-04-02 23:00:00+00:00,19.07
2014-04-03 00:00:00+00:00,16.32
2014-04-03 01:00:00+00:00,12.27
2014-04-03 02:00:00+00:00,9.07
2014-04-03 03:00:00+00:00,11.94
2014-04-03 04:00:00+00:00,19.7
2014-04-03 05:00:00+00:00,38.11
2014-04-03 06:00:00+00:00,56.33
2014-04-03 07:00:00+00:00,38.11
2014-04-03 08:00:00+00:00,28.96
2014-04-03 09:00:00+00:00,3.52
2014-04-03 10:00:00+00:00,0.5
2014-04-03 11:00:00+00:00,0.0
2014-04-03 12:00:00+00:00,0.0
2014-04-03 13:00:00+00:00,0.0
2014-04-03 14:00:00+00:00,1.87
2014-04-03 15:00:00+00:00,5.0
2014-04-03 16:00:00+00:00,10.06
2014-04-03 17:00:00+00:00,35.0
2014-04-03 18:00:00+00:00,80.0
2014-04-03 19:00:00+00:00,79.0
2014-04-03 20:00:00+00:00,35.01
2014-04-03 21:00:00+00:00,10.1
2014-04-03 22:00:00+00:00,3.6
2014-04-03 23:00:00+00:00,3.52
2014-04-04 00:00:00+00:00,3.52
2014-04-04 01:00:00+00:00,3.51
2014-04-04 02:00:00+00:00,3.52
2014-04-04 03:00:00+00:00,3.52
2014-04-04 04:00:00+00:00,3.52
2014-04-04 05:00:00+00:00,35.0
2014-04-04 06:00:00+00:00,35.01
2014-04-04 07:00:00+00:00,18.83
2014-04-04 08:00:00+00:00,4.73
2014-04-04 09:00:00+00:00,3.52
2014-04-04 10:00:00+00:00,0.0
2014-04-04 11:00:00+00:00,-0.01
2014-04-04 12:00:00+00:00,-0.02
2014-04-04 13:00:00+00:00,-0.01
2014-04-04 14:00:00+00:00,0.0
2014-04-04 15:00:00+00:00,0.01
2014-04-04 16:00:00+00:00,0.65
2014-04-04 17:00:00+00:00,6.3
2014-04-04 18:00:00+00:00,35.01
2014-04-04 19:00:00+00:00,50.02
2014-04-04 20:00:00+00:00,35.01
2014-04-04 21:00:00+00:00,20.91
2014-04-04 22:00:00+00:00,35.0
2014-04-04 23:00:00+00:00,19.97
2014-04-05 00:00:00+00:00,19.1
2014-04-05 01:00:00+00:00,19.34
2014-04-05 02:00:00+00:00,13.2
2014-04-05 03:00:00+00:00,16.4
2014-04-05 04:00:00+00:00,19.75
2014-04-05 05:00:00+00:00,20.3
2014-04-05 06:00:00+00:00,21.46
2014-04-05 07:00:00+00:00,10.0
2014-04-05 08:00:00+00:00,0.66
2014-04-05 09:00:00+00:00,-0.13
2014-04-05 10:00:00+00:00,-0.3
2014-04-05 11:00:00+00:00,-1.0
2014-04-05 12:00:00+00:00,-1.01
2014-04-05 13:00:00+00:00,-1.2
2014-04-05 14:00:00+00:00,-1.0
2014-04-05 15:00:00+00:00,0.1
2014-04-05 16:00:00+00:00,10.0
2014-04-05 17:00:00+00:00,46.49
2014-04-05 18:00:00+00:00,95.61
2014-04-05 19:00:00+00:00,95.61
2014-04-05 20:00:00+00:00,78.99
2014-04-05 21:00:00+00:00,68.75
2014-04-05 22:00:00+00:00,70.45
2014-04-05 23:00:00+00:00,46.21
2014-04-06 00:00:00+00:00,35.01
2014-04-06 01:00:00+00:00,27.01
2014-04-06 02:00:00+00:00,25.5
2014-04-06 03:00:00+00:00,25.57
2014-04-06 04:00:00+00:00,26.51
2014-04-06 05:00:00+00:00,28.87
2014-04-06 06:00:00+00:00,26.25
2014-04-06 07:00:00+00:00,0.1
2014-04-06 08:00:00+00:00,-1.01
2014-04-06 09:00:00+00:00,-1.54
2014-04-06 10:00:00+00:00,-1.54
2014-04-06 11:00:00+00:00,-1.0
2014-04-06 12:00:00+00:00,-1.0
2014-04-06 13:00:00+00:00,-1.32
2014-04-06 14:00:00+00:00,-1.49
2014-04-06 15:00:00+00:00,-0.01
2014-04-06 16:00:00+00:00,8.26
2014-04-06 17:00:00+00:00,35.2
2014-04-06 18:00:00+00:00,75.0
2014-04-06 19:00:00+00:00,80.0
2014-04-06 20:00:00+00:00,70.01
2014-04-06 21:00:00+00:00,66.38
2014-04-06 22:00:00+00:00,48.37
2014-04-06 23:00:00+00:00,41.9
2014-04-07 00:00:00+00:00,43.32
2014-04-07 01:00:00+00:00,39.54
2014-04-07 02:00:00+00:00,39.74
2014-04-07 03:00:00+00:00,46.22
2014-04-07 04:00:00+00:00,70.1
2014-04-07 05:00:00+00:00,159.86
2014-04-07 06:00:00+00:00,143.04
2014-04-07 07:00:00+00:00,60.0
2014-04-07 08:00:00+00:00,17.43
2014-04-07 09:00:00+00:00,3.01
2014-04-07 10:00:00+00:00,0.01
2014-04-07 11:00:00+00:00,0.0
2014-04-07 12:00:00+00:00,0.0
2014-04-07 13:00:00+00:00,0.0
2014-04-07 14:00:00+00:00,0.0
2014-04-07 15:00:00+00:00,1.51
2014-04-07 16:00:00+00:00,20.0
2014-04-07 17:00:00+00:00,69.1
2014-04-07 18:00:00+00:00,156.0
2014-04-07 19:00:00+00:00,170.01
2014-04-07 20:00:00+00:00,118.34
2014-04-07 21:00:00+00:00,99.84
2014-04-07 22:00:00+00:00,83.0
2014-04-07 23:00:00+00:00,71.8
2014-04-08 00:00:00+00:00,69.07
2014-04-08 01:00:00+00:00,57.65
2014-04-08 02:00:00+00:00,51.22
2014-04-08 03:00:00+00:00,53.16
2014-04-08 04:00:00+00:00,60.5
2014-04-08 05:00:00+00:00,131.17
2014-04-08 06:00:00+00:00,104.0
2014-04-08 07:00:00+00:00,36.88
2014-04-08 08:00:00+00:00,0.65
2014-04-08 09:00:00+00:00,-0.01
2014-04-08 10:00:00+00:00,-0.86
2014-04-08 11:00:00+00:00,-1.01
2014-04-08 12:00:00+00:00,-1.02
2014-04-08 13:00:00+00:00,-1.01
2014-04-08 14:00:00+00:00,-1.0
2014-04-08 15:00:00+00:00,-0.01
2014-04-08 16:00:00+00:00,0.01
2014-04-08 17:00:00+00:00,33.68
2014-04-08 18:00:00+00:00,117.6
2014-04-08 19:00:00+00:00,123.49
2014-04-08 20:00:00+00:00,85.95
2014-04-08 21:00:00+00:00,69.22
2014-04-08 22:00:00+00:00,50.13
2014-04-08 23:00:00+00:00,37.0
2014-04-09 00:00:00+00:00,33.68
2014-04-09 01:00:00+00:00,32.06
2014-04-09 02:00:00+00:00,28.46
2014-04-09 03:00:00+00:00,28.9
2014-04-09 04:00:00+00:00,37.0
2014-04-09 05:00:00+00:00,86.96
2014-04-09 06:00:00+00:00,98.21
2014-04-09 07:00:00+00:00,33.68
2014-04-09 08:00:00+00:00,5.8
2014-04-09 09:00:00+00:00,-0.01
2014-04-09 10:00:00+00:00,-0.01
2014-04-09 11:00:00+00:00,-0.02
2014-04-09 12:00:00+00:00,-0.2
2014-04-09 13:00:00+00:00,-0.5
2014-04-09 14:00:00+00:00,-0.02
2014-04-09 15:00:00+00:00,0.0
2014-04-09 16:00:00+00:00,9.81
2014-04-09 17:00:00+00:00,37.0
2014-04-09 18:00:00+00:00,70.0
2014-04-09 19:00:00+00:00,89.0
2014-04-09 20:00:00+00:00,53.96
2014-04-09 21:00:00+00:00,36.64
2014-04-09 22:00:00+00:00,33.68
2014-04-09 23:00:00+00:00,28.46
2014-04-10 00:00:00+00:00,21.46
2014-04-10 01:00:00+00:00,20.08
2014-04-10 02:00:00+00:00,18.36
2014-04-10 03:00:00+00:00,17.46
2014-04-10 04:00:00+00:00,15.0
2014-04-10 05:00:00+00:00,35.01
2014-04-10 06:00:00+00:00,37.5
2014-04-10 07:00:00+00:00,30.48
2014-04-10 08:00:00+00:00,10.99
2014-04-10 09:00:00+00:00,0.65
2014-04-10 10:00:00+00:00,0.0
2014-04-10 11:00:00+00:00,0.0
2014-04-10 12:00:00+00:00,-0.01
2014-04-10 13:00:00+00:00,-0.01
2014-04-10 14:00:00+00:00,0.0
2014-04-10 15:00:00+00:00,0.0
2014-04-10 16:00:00+00:00,4.99
2014-04-10 17:00:00+00:00,20.3
2014-04-10 18:00:00+00:00,38.54
2014-04-10 19:00:00+00:00,50.82
2014-04-10 20:00:00+00:00,43.3
2014-04-10 21:00:00+00:00,33.68
2014-04-10 22:00:00+00:00,21.63
2014-04-10 23:00:00+00:00,16.66
2014-04-11 00:00:00+00:00,11.98
2014-04-11 01:00:00+00:00,14.0
2014-04-11 02:00:00+00:00,12.51
2014-04-11 03:00:00+00:00,14.0
2014-04-11 04:00:00+00:00,14.0
2014-04-11 05:00:00+00:00,30.48
2014-04-11 06:00:00+00:00,34.37
2014-04-11 07:00:00+00:00,27.5
2014-04-11 08:00:00+00:00,12.51
2014-04-11 09:00:00+00:00,3.52
2014-04-11 10:00:00+00:00,0.01
2014-04-11 11:00:00+00:00,0.0
2014-04-11 12:00:00+00:00,0.0
2014-04-11 13:00:00+00:00,-0.01
2014-04-11 14:00:00+00:00,0.01
2014-04-11 15:00:00+00:00,3.52
2014-04-11 16:00:00+00:00,8.3
2014-04-11 17:00:00+00:00,28.46
2014-04-11 18:00:00+00:00,52.01
2014-04-11 19:00:00+00:00,58.02
2014-04-11 20:00:00+00:00,41.91
2014-04-11 21:00:00+00:00,35.0
2014-04-11 22:00:00+00:00,35.01
2014-04-11 23:00:00+00:00,29.24
2014-04-12 00:00:00+00:00,31.22
2014-04-12 01:00:00+00:00,29.24
2014-04-12 02:00:00+00:00,29.09
2014-04-12 03:00:00+00:00,30.38
2014-04-12 04:00:00+00:00,32.68
2014-04-12 05:00:00+00:00,29.24
2014-04-12 06:00:00+00:00,30.95
2014-04-12 07:00:00+00:00,33.0
2014-04-12 08:00:00+00:00,20.19
2014-04-12 09:00:00+00:00,8.01
2014-04-12 10:00:00+00:00,3.52
2014-04-12 11:00:00+00:00,1.8
2014-04-12 12:00:00+00:00,0.17
2014-04-12 13:00:00+00:00,0.01
2014-04-12 14:00:00+00:00,0.01
2014-04-12 15:00:00+00:00,18.08
2014-04-12 16:00:00+00:00,22.57
2014-04-12 17:00:00+00:00,33.84
2014-04-12 18:00:00+00:00,50.02
2014-04-12 19:00:00+00:00,79.0
2014-04-12 20:00:00+00:00,55.44
2014-04-12 21:00:00+00:00,45.59
2014-04-12 22:00:00+00:00,35.0
2014-04-12 23:00:00+00:00,35.0
2014-04-13 00:00:00+00:00,31.3
2014-04-13 01:00:00+00:00,20.08
2014-04-13 02:00:00+00:00,15.31
2014-04-13 03:00:00+00:00,14.99
2014-04-13 04:00:00+00:00,21.63
2014-04-13 05:00:00+00:00,27.75
2014-04-13 06:00:00+00:00,17.23
2014-04-13 07:00:00+00:00,9.0
2014-04-13 08:00:00+00:00,2.55
2014-04-13 09:00:00+00:00,0.18
2014-04-13 10:00:00+00:00,0.0
2014-04-13 11:00:00+00:00,-0.01
2014-04-13 12:00:00+00:00,-0.2
2014-04-13 13:00:00+00:00,-1.51
2014-04-13 14:00:00+00:00,-0.01
2014-04-13 15:00:00+00:00,0.0
2014-04-13 16:00:00+00:00,1.35
2014-04-13 17:00:00+00:00,8.24
2014-04-13 18:00:00+00:00,44.31
2014-04-13 19:00:00+00:00,60.55
2014-04-13 20:00:00+00:00,59.04
2014-04-13 21:00:00+00:00,38.5
2014-04-13 22:00:00+00:00,39.23
2014-04-13 23:00:00+00:00,38.16
2014-04-14 00:00:00+00:00,37.74
2014-04-14 01:00:00+00:00,35.0
2014-04-14 02:00:00+00:00,30.01
2014-04-14 03:00:00+00:00,35.01
2014-04-14 04:00:00+00:00,42.5
2014-04-14 05:00:00+00:00,68.19
2014-04-14 06:00:00+00:00,74.94
2014-04-14 07:00:00+00:00,37.74
2014-04-14 08:00:00+00:00,30.55
2014-04-14 09:00:00+00:00,7.4
2014-04-14 10:00:00+00:00,3.52
2014-04-14 11:00:00+00:00,0.65
2014-04-14 12:00:00+00:00,0.0
2014-04-14 13:00:00+00:00,0.0
2014-04-14 14:00:00+00:00,0.0
2014-04-14 15:00:00+00:00,0.0
2014-04-14 16:00:00+00:00,0.65
2014-04-14 17:00:00+00:00,4.99
2014-04-14 18:00:00+00:00,35.0
2014-04-14 19:00:00+00:00,35.0
2014-04-14 20:00:00+00:00,19.75
2014-04-14 21:00:00+00:00,13.0
2014-04-14 22:00:00+00:00,14.0
2014-04-14 23:00:00+00:00,7.5
2014-04-15 00:00:00+00:00,5.64
2014-04-15 01:00:00+00:00,4.5
2014-04-15 02:00:00+00:00,3.6
2014-04-15 03:00:00+00:00,7.08
2014-04-15 04:00:00+00:00,20.08
2014-04-15 05:00:00+00:00,34.45
2014-04-15 06:00:00+00:00,35.0
2014-04-15 07:00:00+00:00,18.74
2014-04-15 08:00:00+00:00,5.5
2014-04-15 09:00:00+00:00,3.52
2014-04-15 10:00:00+00:00,0.08
2014-04-15 11:00:00+00:00,0.0
2014-04-15 12:00:00+00:00,-0.01
2014-04-15 13:00:00+00:00,-0.01
2014-04-15 14:00:00+00:00,-0.01
2014-04-15 15:00:00+00:00,0.0
2014-04-15 16:00:00+00:00,2.55
2014-04-15 17:00:00+00:00,7.5
2014-04-15 18:00:00+00:00,33.47
2014-04-15 19:00:00+00:00,35.0
2014-04-15 20:00:00+00:00,21.96
2014-04-15 21:00:00+00:00,21.46
2014-04-15 22:00:00+00:00,16.22
2014-04-15 23:00:00+00:00,16.22
2014-04-16 00:00:00+00:00,15.0
2014-04-16 01:00:00+00:00,12.96
2014-04-16 02:00:00+00:00,6.0
2014-04-16 03:00:00+00:00,6.99
2014-04-16 04:00:00+00:00,15.98
2014-04-16 05:00:00+00:00,17.46
2014-04-16 06:00:00+00:00,15.0
2014-04-16 07:00:00+00:00,3.8
2014-04-16 08:00:00+00:00,0.66
2014-04-16 09:00:00+00:00,0.0
2014-04-16 10:00:00+00:00,0.0
2014-04-16 11:00:00+00:00,0.0
2014-04-16 12:00:00+00:00,0.0
2014-04-16 13:00:00+00:00,-0.01
2014-04-16 14:00:00+00:00,-0.01
2014-04-16 15:00:00+00:00,0.0
2014-04-16 16:00:00+00:00,0.65
2014-04-16 17:00:00+00:00,6.1
2014-04-16 18:00:00+00:00,30.92
2014-04-16 19:00:00+00:00,69.21
2014-04-16 20:00:00+00:00,36.0
2014-04-16 21:00:00+00:00,22.15
2014-04-16 22:00:00+00:00,20.19
2014-04-16 23:00:00+00:00,16.22
2014-04-17 00:00:00+00:00,15.98
2014-04-17 01:00:00+00:00,15.88
2014-04-17 02:00:00+00:00,15.5
2014-04-17 03:00:00+00:00,15.5
2014-04-17 04:00:00+00:00,16.46
2014-04-17 05:00:00+00:00,22.48
2014-04-17 06:00:00+00:00,19.97
2014-04-17 07:00:00+00:00,9.5
2014-04-17 08:00:00+00:00,3.52
2014-04-17 09:00:00+00:00,1.49
2014-04-17 10:00:00+00:00,0.0
2014-04-17 11:00:00+00:00,0.0
2014-04-17 12:00:00+00:00,0.0
2014-04-17 13:00:00+00:00,0.0
2014-04-17 14:00:00+00:00,0.0
2014-04-17 15:00:00+00:00,0.0
2014-04-17 16:00:00+00:00,3.52
2014-04-17 17:00:00+00:00,20.08
2014-04-17 18:00:00+00:00,72.83
2014-04-17 19:00:00+00:00,107.5
2014-04-17 20:00:00+00:00,87.56
2014-04-17 21:00:00+00:00,62.4
2014-04-17 22:00:00+00:00,36.0
2014-04-17 23:00:00+00:00,21.53
2014-04-18 00:00:00+00:00,20.26
2014-04-18 01:00:00+00:00,20.57
2014-04-18 02:00:00+00:00,20.57
2014-04-18 03:00:00+00:00,20.26
2014-04-18 04:00:00+00:00,15.55
2014-04-18 05:00:00+00:00,18.98
2014-04-18 06:00:00+00:00,12.05
2014-04-18 07:00:00+00:00,4.31
2014-04-18 08:00:00+00:00,2.0
2014-04-18 09:00:00+00:00,0.0
2014-04-18 10:00:00+00:00,-0.3
2014-04-18 11:00:00+00:00,-0.79
2014-04-18 12:00:00+00:00,-1.16
2014-04-18 13:00:00+00:00,-1.54
2014-04-18 14:00:00+00:00,-1.54
2014-04-18 15:00:00+00:00,-1.51
2014-04-18 16:00:00+00:00,0.0
2014-04-18 17:00:00+00:00,3.52
2014-04-18 18:00:00+00:00,21.53
2014-04-18 19:00:00+00:00,35.0
2014-04-18 20:00:00+00:00,30.0
2014-04-18 21:00:00+00:00,21.05
2014-04-18 22:00:00+00:00,8.0
2014-04-18 23:00:00+00:00,4.83
2014-04-19 00:00:00+00:00,3.83
2014-04-19 01:00:00+00:00,3.52
2014-04-19 02:00:00+00:00,3.52
2014-04-19 03:00:00+00:00,3.52
2014-04-19 04:00:00+00:00,3.52
2014-04-19 05:00:00+00:00,3.52
2014-04-19 06:00:00+00:00,2.4
2014-04-19 07:00:00+00:00,0.0
2014-04-19 08:00:00+00:00,-0.79
2014-04-19 09:00:00+00:00,-1.54
2014-04-19 10:00:00+00:00,-1.54
2014-04-19 11:00:00+00:00,-2.2
2014-04-19 12:00:00+00:00,-3.0
2014-04-19 13:00:00+00:00,-4.0
2014-04-19 14:00:00+00:00,-4.0
2014-04-19 15:00:00+00:00,-3.0
2014-04-19 16:00:00+00:00,-1.54
2014-04-19 17:00:00+00:00,0.0
2014-04-19 18:00:00+00:00,2.78
2014-04-19 19:00:00+00:00,8.0
2014-04-19 20:00:00+00:00,7.55
2014-04-19 21:00:00+00:00,8.0
2014-04-19 22:00:00+00:00,3.52
2014-04-19 23:00:00+00:00,2.78
2014-04-20 00:00:00+00:00,2.1
2014-04-20 01:00:00+00:00,2.17
2014-04-20 02:00:00+00:00,3.0
2014-04-20 03:00:00+00:00,3.52
2014-04-20 04:00:00+00:00,3.52
2014-04-20 05:00:00+00:00,7.0
2014-04-20 06:00:00+00:00,3.52
2014-04-20 07:00:00+00:00,1.6
2014-04-20 08:00:00+00:00,0.0
2014-04-20 09:00:00+00:00,-0.02
2014-04-20 10:00:00+00:00,-0.99
2014-04-20 11:00:00+00:00,-4.0
2014-04-20 12:00:00+00:00,-4.99
2014-04-20 13:00:00+00:00,-4.2
2014-04-20 14:00:00+00:00,-1.54
2014-04-20 15:00:00+00:00,-1.54
2014-04-20 16:00:00+00:00,-0.3
2014-04-20 17:00:00+00:00,3.05
2014-04-20 18:00:00+00:00,35.99
2014-04-20 19:00:00+00:00,82.3
2014-04-20 20:00:00+00:00,80.5
2014-04-20 21:00:00+00:00,40.0
2014-04-20 22:00:00+00:00,39.0
2014-04-20 23:00:00+00:00,25.5
2014-04-21 00:00:00+00:00,23.66
2014-04-21 01:00:00+00:00,22.5
2014-04-21 02:00:00+00:00,25.0
2014-04-21 03:00:00+00:00,29.97
2014-04-21 04:00:00+00:00,60.05
2014-04-21 05:00:00+00:00,72.13
2014-04-21 06:00:00+00:00,65.12
2014-04-21 07:00:00+00:00,33.98
2014-04-21 08:00:00+00:00,25.74
2014-04-21 09:00:00+00:00,15.0
2014-04-21 10:00:00+00:00,11.83
2014-04-21 11:00:00+00:00,8.12
2014-04-21 12:00:00+00:00,6.56
2014-04-21 13:00:00+00:00,9.27
2014-04-21 14:00:00+00:00,11.94
2014-04-21 15:00:00+00:00,20.33
2014-04-21 16:00:00+00:00,44.86
2014-04-21 17:00:00+00:00,107.78
2014-04-21 18:00:00+00:00,134.09
2014-04-21 19:00:00+00:00,160.0
2014-04-21 20:00:00+00:00,122.77
2014-04-21 21:00:00+00:00,102.93
2014-04-21 22:00:00+00:00,85.1
2014-04-21 23:00:00+00:00,76.05
2014-04-22 00:00:00+00:00,71.73
2014-04-22 01:00:00+00:00,70.41
2014-04-22 02:00:00+00:00,73.06
2014-04-22 03:00:00+00:00,66.0
2014-04-22 04:00:00+00:00,84.48
2014-04-22 05:00:00+00:00,120.62
2014-04-22 06:00:00+00:00,126.6
2014-04-22 07:00:00+00:00,83.51
2014-04-22 08:00:00+00:00,69.7
2014-04-22 09:00:00+00:00,45.0
2014-04-22 10:00:00+00:00,30.0
2014-04-22 11:00:00+00:00,20.37
2014-04-22 12:00:00+00:00,15.0
2014-04-22 13:00:00+00:00,5.11
2014-04-22 14:00:00+00:00,4.31
2014-04-22 15:00:00+00:00,5.79
2014-04-22 16:00:00+00:00,21.7
2014-04-22 17:00:00+00:00,60.0
2014-04-22 18:00:00+00:00,99.99
2014-04-22 19:00:00+00:00,130.04
2014-04-22 20:00:00+00:00,105.03
2014-04-22 21:00:00+00:00,75.81
2014-04-22 22:00:00+00:00,72.84
2014-04-22 23:00:00+00:00,62.4
2014-04-23 00:00:00+00:00,60.98
2014-04-23 01:00:00+00:00,53.17
2014-04-23 02:00:00+00:00,50.92
2014-04-23 03:00:00+00:00,53.17
2014-04-23 04:00:00+00:00,73.0
2014-04-23 05:00:00+00:00,80.24
2014-04-23 06:00:00+00:00,67.11
2014-04-23 07:00:00+00:00,45.0
2014-04-23 08:00:00+00:00,11.5
2014-04-23 09:00:00+00:00,4.31
2014-04-23 10:00:00+00:00,0.65
2014-04-23 11:00:00+00:00,0.28
2014-04-23 12:00:00+00:00,0.0
2014-04-23 13:00:00+00:00,0.0
2014-04-23 14:00:00+00:00,0.0
2014-04-23 15:00:00+00:00,0.0
2014-04-23 16:00:00+00:00,3.52
2014-04-23 17:00:00+00:00,31.24
2014-04-23 18:00:00+00:00,88.73
2014-04-23 19:00:00+00:00,116.7
2014-04-23 20:00:00+00:00,105.58
2014-04-23 21:00:00+00:00,80.24
2014-04-23 22:00:00+00:00,75.24
2014-04-23 23:00:00+00:00,55.89
2014-04-24 00:00:00+00:00,45.5
2014-04-24 01:00:00+00:00,47.46
2014-04-24 02:00:00+00:00,47.46
2014-04-24 03:00:00+00:00,53.17
2014-04-24 04:00:00+00:00,65.74
2014-04-24 05:00:00+00:00,95.0
2014-04-24 06:00:00+00:00,71.33
2014-04-24 07:00:00+00:00,19.97
2014-04-24 08:00:00+00:00,0.65
2014-04-24 09:00:00+00:00,0.0
2014-04-24 10:00:00+00:00,-0.01
2014-04-24 11:00:00+00:00,-0.01
2014-04-24 12:00:00+00:00,-0.01
2014-04-24 13:00:00+00:00,-0.01
2014-04-24 14:00:00+00:00,-0.01
2014-04-24 15:00:00+00:00,0.0
2014-04-24 16:00:00+00:00,3.52
2014-04-24 17:00:00+00:00,47.46
2014-04-24 18:00:00+00:00,102.35
2014-04-24 19:00:00+00:00,114.48
2014-04-24 20:00:00+00:00,106.53
2014-04-24 21:00:00+00:00,93.1
2014-04-24 22:00:00+00:00,74.24
2014-04-24 23:00:00+00:00,65.01
2014-04-25 00:00:00+00:00,69.39
2014-04-25 01:00:00+00:00,61.31
2014-04-25 02:00:00+00:00,65.2
2014-04-25 03:00:00+00:00,72.99
2014-04-25 04:00:00+00:00,92.52
2014-04-25 05:00:00+00:00,113.39
2014-04-25 06:00:00+00:00,99.0
2014-04-25 07:00:00+00:00,40.5
2014-04-25 08:00:00+00:00,15.0
2014-04-25 09:00:00+00:00,0.65
2014-04-25 10:00:00+00:00,0.0
2014-04-25 11:00:00+00:00,0.0
2014-04-25 12:00:00+00:00,-0.01
2014-04-25 13:00:00+00:00,-0.12
2014-04-25 14:00:00+00:00,-0.21
2014-04-25 15:00:00+00:00,-0.01
2014-04-25 16:00:00+00:00,0.0
2014-04-25 17:00:00+00:00,20.08
2014-04-25 18:00:00+00:00,79.5
2014-04-25 19:00:00+00:00,109.63
2014-04-25 20:00:00+00:00,77.0
2014-04-25 21:00:00+00:00,40.7
2014-04-25 22:00:00+00:00,19.86
2014-04-25 23:00:00+00:00,7.83
2014-04-26 00:00:00+00:00,5.3
2014-04-26 01:00:00+00:00,7.11
2014-04-26 02:00:00+00:00,7.11
2014-04-26 03:00:00+00:00,5.3
2014-04-26 04:00:00+00:00,8.5
2014-04-26 05:00:00+00:00,15.5
2014-04-26 06:00:00+00:00,6.98
2014-04-26 07:00:00+00:00,0.0
2014-04-26 08:00:00+00:00,-0.51
2014-04-26 09:00:00+00:00,-1.54
2014-04-26 10:00:00+00:00,-2.0
2014-04-26 11:00:00+00:00,-2.0
2014-04-26 12:00:00+00:00,-3.0
2014-04-26 13:00:00+00:00,-3.0
2014-04-26 14:00:00+00:00,-3.03
2014-04-26 15:00:00+00:00,-2.5
2014-04-26 16:00:00+00:00,-1.54
2014-04-26 17:00:00+00:00,0.0
2014-04-26 18:00:00+00:00,11.0
2014-04-26 19:00:00+00:00,23.04
2014-04-26 20:00:00+00:00,18.45
2014-04-26 21:00:00+00:00,16.08
2014-04-26 22:00:00+00:00,14.0
2014-04-26 23:00:00+00:00,5.11
2014-04-27 00:00:00+00:00,3.6
2014-04-27 01:00:00+00:00,3.52
2014-04-27 02:00:00+00:00,3.52
2014-04-27 03:00:00+00:00,3.52
2014-04-27 04:00:00+00:00,3.6
2014-04-27 05:00:00+00:00,3.52
2014-04-27 06:00:00+00:00,0.0
2014-04-27 07:00:00+00:00,-1.51
2014-04-27 08:00:00+00:00,-3.0
2014-04-27 09:00:00+00:00,-5.0
2014-04-27 10:00:00+00:00,-5.0
2014-04-27 11:00:00+00:00,-5.8
2014-04-27 12:00:00+00:00,-5.8
2014-04-27 13:00:00+00:00,-6.01
2014-04-27 14:00:00+00:00,-5.17
2014-04-27 15:00:00+00:00,-3.02
2014-04-27 16:00:00+00:00,-0.99
2014-04-27 17:00:00+00:00,3.52
2014-04-27 18:00:00+00:00,35.0
2014-04-27 19:00:00+00:00,100.7
2014-04-27 20:00:00+00:00,85.14
2014-04-27 21:00:00+00:00,40.0
2014-04-27 22:00:00+00:00,24.63
2014-04-27 23:00:00+00:00,16.3
2014-04-28 00:00:00+00:00,18.1
2014-04-28 01:00:00+00:00,18.0
2014-04-28 02:00:00+00:00,18.0
2014-04-28 03:00:00+00:00,25.0
2014-04-28 04:00:00+00:00,25.0
2014-04-28 05:00:00+00:00,47.94
2014-04-28 06:00:00+00:00,33.0
2014-04-28 07:00:00+00:00,3.52
2014-04-28 08:00:00+00:00,0.0
2014-04-28 09:00:00+00:00,-0.01
2014-04-28 10:00:00+00:00,-1.01
2014-04-28 11:00:00+00:00,-2.5
2014-04-28 12:00:00+00:00,-3.0
2014-04-28 13:00:00+00:00,-1.54
2014-04-28 14:00:00+00:00,-0.3
2014-04-28 15:00:00+00:00,-0.01
2014-04-28 16:00:00+00:00,0.01
2014-04-28 17:00:00+00:00,5.2
2014-04-28 18:00:00+00:00,40.7
2014-04-28 19:00:00+00:00,80.8
2014-04-28 20:00:00+00:00,61.15
2014-04-28 21:00:00+00:00,35.0
2014-04-28 22:00:00+00:00,6.77
2014-04-28 23:00:00+00:00,3.52
2014-04-29 00:00:00+00:00,3.52
2014-04-29 01:00:00+00:00,3.52
2014-04-29 02:00:00+00:00,3.3
2014-04-29 03:00:00+00:00,3.52
2014-04-29 04:00:00+00:00,3.52
2014-04-29 05:00:00+00:00,14.0
2014-04-29 06:00:00+00:00,3.52
2014-04-29 07:00:00+00:00,3.0
2014-04-29 08:00:00+00:00,0.0
2014-04-29 09:00:00+00:00,-0.3
2014-04-29 10:00:00+00:00,-1.01
2014-04-29 11:00:00+00:00,-1.9
2014-04-29 12:00:00+00:00,-1.66
2014-04-29 13:00:00+00:00,-1.54
2014-04-29 14:00:00+00:00,-1.54
2014-04-29 15:00:00+00:00,-1.0
2014-04-29 16:00:00+00:00,0.0
2014-04-29 17:00:00+00:00,0.65
2014-04-29 18:00:00+00:00,12.53
2014-04-29 19:00:00+00:00,35.01
2014-04-29 20:00:00+00:00,33.68
2014-04-29 21:00:00+00:00,17.93
2014-04-29 22:00:00+00:00,35.0
2014-04-29 23:00:00+00:00,16.46
2014-04-30 00:00:00+00:00,13.3
2014-04-30 01:00:00+00:00,13.3
2014-04-30 02:00:00+00:00,15.41
2014-04-30 03:00:00+00:00,35.0
2014-04-30 04:00:00+00:00,87.99
2014-04-30 05:00:00+00:00,117.01
2014-04-30 06:00:00+00:00,98.03
2014-04-30 07:00:00+00:00,35.0
2014-04-30 08:00:00+00:00,7.08
2014-04-30 09:00:00+00:00,0.1
2014-04-30 10:00:00+00:00,0.0
2014-04-30 11:00:00+00:00,0.0
2014-04-30 12:00:00+00:00,-0.17
2014-04-30 13:00:00+00:00,-0.02
2014-04-30 14:00:00+00:00,-0.01
2014-04-30 15:00:00+00:00,0.0
2014-04-30 16:00:00+00:00,0.65
2014-04-30 17:00:00+00:00,3.6
2014-04-30 18:00:00+00:00,35.01
2014-04-30 19:00:00+00:00,108.14
2014-04-30 20:00:00+00:00,95.1
2014-04-30 21:00:00+00:00,47.9
2014-04-30 22:00:00+00:00,29.2
2014-04-30 23:00:00+00:00,22.66
2014-05-01 00:00:00+00:00,22.59
2014-05-01 01:00:00+00:00,23.22
2014-05-01 02:00:00+00:00,22.59
2014-05-01 03:00:00+00:00,27.2
2014-05-01 04:00:00+00:00,28.16
2014-05-01 05:00:00+00:00,23.02
2014-05-01 06:00:00+00:00,18.39
2014-05-01 07:00:00+00:00,0.0
2014-05-01 08:00:00+00:00,-3.0
2014-05-01 09:00:00+00:00,-6.0
2014-05-01 10:00:00+00:00,-7.02
2014-05-01 11:00:00+00:00,-7.81
2014-05-01 12:00:00+00:00,-7.81
2014-05-01 13:00:00+00:00,-10.0
2014-05-01 14:00:00+00:00,-5.17
2014-05-01 15:00:00+00:00,-4.0
2014-05-01 16:00:00+00:00,-1.54
2014-05-01 17:00:00+00:00,0.0
2014-05-01 18:00:00+00:00,30.0
2014-05-01 19:00:00+00:00,55.0
2014-05-01 20:00:00+00:00,35.5
2014-05-01 21:00:00+00:00,33.87
2014-05-01 22:00:00+00:00,13.04
2014-05-01 23:00:00+00:00,5.11
2014-05-02 00:00:00+00:00,2.8
2014-05-02 01:00:00+00:00,2.5
2014-05-02 02:00:00+00:00,2.5
2014-05-02 03:00:00+00:00,3.17
2014-05-02 04:00:00+00:00,7.96
2014-05-02 05:00:00+00:00,7.96
2014-05-02 06:00:00+00:00,14.0
2014-05-02 07:00:00+00:00,12.41
2014-05-02 08:00:00+00:00,0.85
2014-05-02 09:00:00+00:00,-0.01
2014-05-02 10:00:00+00:00,-0.99
2014-05-02 11:00:00+00:00,-3.0
2014-05-02 12:00:00+00:00,-4.0
2014-05-02 13:00:00+00:00,-4.0
2014-05-02 14:00:00+00:00,-4.0
2014-05-02 15:00:00+00:00,-2.0
2014-05-02 16:00:00+00:00,0.0
2014-05-02 17:00:00+00:00,13.04
2014-05-02 18:00:00+00:00,35.01
2014-05-02 19:00:00+00:00,67.05
2014-05-02 20:00:00+00:00,52.05
2014-05-02 21:00:00+00:00,41.05
2014-05-02 22:00:00+00:00,36.13
2014-05-02 23:00:00+00:00,26.0
2014-05-03 00:00:00+00:00,16.16
2014-05-03 01:00:00+00:00,13.89
2014-05-03 02:00:00+00:00,13.37
2014-05-03 03:00:00+00:00,15.17
2014-05-03 04:00:00+00:00,16.91
2014-05-03 05:00:00+00:00,14.13
2014-05-03 06:00:00+00:00,12.67
2014-05-03 07:00:00+00:00,5.7
2014-05-03 08:00:00+00:00,0.0
2014-05-03 09:00:00+00:00,-0.05
2014-05-03 10:00:00+00:00,-1.16
2014-05-03 11:00:00+00:00,-3.04
2014-05-03 12:00:00+00:00,-2.69
2014-05-03 13:00:00+00:00,-3.0
2014-05-03 14:00:00+00:00,-3.0
2014-05-03 15:00:00+00:00,-1.0
2014-05-03 16:00:00+00:00,2.2
2014-05-03 17:00:00+00:00,19.01
2014-05-03 18:00:00+00:00,35.24
2014-05-03 19:00:00+00:00,63.8
2014-05-03 20:00:00+00:00,63.7
2014-05-03 21:00:00+00:00,47.97
2014-05-03 22:00:00+00:00,36.13
2014-05-03 23:00:00+00:00,32.35
2014-05-04 00:00:00+00:00,24.01
2014-05-04 01:00:00+00:00,19.31
2014-05-04 02:00:00+00:00,16.54
2014-05-04 03:00:00+00:00,15.58
2014-05-04 04:00:00+00:00,13.62
2014-05-04 05:00:00+00:00,7.83
2014-05-04 06:00:00+00:00,3.5
2014-05-04 07:00:00+00:00,0.0
2014-05-04 08:00:00+00:00,-0.01
2014-05-04 09:00:00+00:00,-0.62
2014-05-04 10:00:00+00:00,-1.01
2014-05-04 11:00:00+00:00,-2.0
2014-05-04 12:00:00+00:00,-5.01
2014-05-04 13:00:00+00:00,-4.0
2014-05-04 14:00:00+00:00,-4.99
2014-05-04 15:00:00+00:00,-4.0
2014-05-04 16:00:00+00:00,-0.05
2014-05-04 17:00:00+00:00,3.52
2014-05-04 18:00:00+00:00,19.74
2014-05-04 19:00:00+00:00,35.0
2014-05-04 20:00:00+00:00,35.0
2014-05-04 21:00:00+00:00,23.51
2014-05-04 22:00:00+00:00,28.1
2014-05-04 23:00:00+00:00,20.37
2014-05-05 00:00:00+00:00,15.78
2014-05-05 01:00:00+00:00,12.2
2014-05-05 02:00:00+00:00,9.49
2014-05-05 03:00:00+00:00,14.94
2014-05-05 04:00:00+00:00,22.89
2014-05-05 05:00:00+00:00,35.0
2014-05-05 06:00:00+00:00,35.0
2014-05-05 07:00:00+00:00,16.3
2014-05-05 08:00:00+00:00,1.0
2014-05-05 09:00:00+00:00,-0.01
2014-05-05 10:00:00+00:00,-0.99
2014-05-05 11:00:00+00:00,-1.54
2014-05-05 12:00:00+00:00,-3.0
2014-05-05 13:00:00+00:00,-4.0
2014-05-05 14:00:00+00:00,-4.0
2014-05-05 15:00:00+00:00,-4.0
2014-05-05 16:00:00+00:00,-0.99
2014-05-05 17:00:00+00:00,0.0
2014-05-05 18:00:00+00:00,10.0
2014-05-05 19:00:00+00:00,28.1
2014-05-05 20:00:00+00:00,18.56
2014-05-05 21:00:00+00:00,12.2
2014-05-05 22:00:00+00:00,5.0
2014-05-05 23:00:00+00:00,2.95
2014-05-06 00:00:00+00:00,3.52
2014-05-06 01:00:00+00:00,1.72
2014-05-06 02:00:00+00:00,1.97
2014-05-06 03:00:00+00:00,3.6
2014-05-06 04:00:00+00:00,16.5
2014-05-06 05:00:00+00:00,30.34
2014-05-06 06:00:00+00:00,13.72
2014-05-06 07:00:00+00:00,2.99
2014-05-06 08:00:00+00:00,-0.5
2014-05-06 09:00:00+00:00,-1.54
2014-05-06 10:00:00+00:00,-1.81
2014-05-06 11:00:00+00:00,-3.0
2014-05-06 12:00:00+00:00,-4.0
2014-05-06 13:00:00+00:00,-4.0
2014-05-06 14:00:00+00:00,-4.21
2014-05-06 15:00:00+00:00,-3.0
2014-05-06 16:00:00+00:00,-0.99
2014-05-06 17:00:00+00:00,0.65
2014-05-06 18:00:00+00:00,39.99
2014-05-06 19:00:00+00:00,65.12
2014-05-06 20:00:00+00:00,48.23
2014-05-06 21:00:00+00:00,32.55
2014-05-06 22:00:00+00:00,11.3
2014-05-06 23:00:00+00:00,6.99
2014-05-07 00:00:00+00:00,6.0
2014-05-07 01:00:00+00:00,5.1
2014-05-07 02:00:00+00:00,9.1
2014-05-07 03:00:00+00:00,15.91
2014-05-07 04:00:00+00:00,32.4
2014-05-07 05:00:00+00:00,49.1
2014-05-07 06:00:00+00:00,43.23
2014-05-07 07:00:00+00:00,12.48
2014-05-07 08:00:00+00:00,0.0
2014-05-07 09:00:00+00:00,0.0
2014-05-07 10:00:00+00:00,-0.12
2014-05-07 11:00:00+00:00,-0.13
2014-05-07 12:00:00+00:00,-0.13
2014-05-07 13:00:00+00:00,-0.62
2014-05-07 14:00:00+00:00,-0.4
2014-05-07 15:00:00+00:00,0.0
2014-05-07 16:00:00+00:00,3.52
2014-05-07 17:00:00+00:00,39.53
2014-05-07 18:00:00+00:00,50.4
2014-05-07 19:00:00+00:00,80.0
2014-05-07 20:00:00+00:00,57.1
2014-05-07 21:00:00+00:00,35.4
2014-05-07 22:00:00+00:00,15.91
2014-05-07 23:00:00+00:00,15.78
2014-05-08 00:00:00+00:00,15.63
2014-05-08 01:00:00+00:00,3.55
2014-05-08 02:00:00+00:00,6.65
2014-05-08 03:00:00+00:00,15.02
2014-05-08 04:00:00+00:00,30.09
2014-05-08 05:00:00+00:00,45.29
2014-05-08 06:00:00+00:00,36.0
2014-05-08 07:00:00+00:00,7.26
2014-05-08 08:00:00+00:00,0.1
2014-05-08 09:00:00+00:00,0.0
2014-05-08 10:00:00+00:00,0.0
2014-05-08 11:00:00+00:00,-0.01
2014-05-08 12:00:00+00:00,-0.01
2014-05-08 13:00:00+00:00,-0.01
2014-05-08 14:00:00+00:00,-0.02
2014-05-08 15:00:00+00:00,-0.01
2014-05-08 16:00:00+00:00,0.1
2014-05-08 17:00:00+00:00,16.04
2014-05-08 18:00:00+00:00,35.1
2014-05-08 19:00:00+00:00,79.59
2014-05-08 20:00:00+00:00,50.0
2014-05-08 21:00:00+00:00,30.1
2014-05-08 22:00:00+00:00,21.61
2014-05-08 23:00:00+00:00,12.15
2014-05-09 00:00:00+00:00,13.0
2014-05-09 01:00:00+00:00,9.58
2014-05-09 02:00:00+00:00,7.52
2014-05-09 03:00:00+00:00,11.13
2014-05-09 04:00:00+00:00,30.26
2014-05-09 05:00:00+00:00,39.37
2014-05-09 06:00:00+00:00,30.58
2014-05-09 07:00:00+00:00,12.86
2014-05-09 08:00:00+00:00,7.17
2014-05-09 09:00:00+00:00,0.22
2014-05-09 10:00:00+00:00,0.0
2014-05-09 11:00:00+00:00,0.0
2014-05-09 12:00:00+00:00,-0.01
2014-05-09 13:00:00+00:00,-0.01
2014-05-09 14:00:00+00:00,-0.01
2014-05-09 15:00:00+00:00,0.0
2014-05-09 16:00:00+00:00,7.04
2014-05-09 17:00:00+00:00,15.63
2014-05-09 18:00:00+00:00,41.92
2014-05-09 19:00:00+00:00,80.27
2014-05-09 20:00:00+00:00,57.64
2014-05-09 21:00:00+00:00,39.76
2014-05-09 22:00:00+00:00,29.22
2014-05-09 23:00:00+00:00,15.46
2014-05-10 00:00:00+00:00,13.52
2014-05-10 01:00:00+00:00,14.94
2014-05-10 02:00:00+00:00,11.12
2014-05-10 03:00:00+00:00,13.34
2014-05-10 04:00:00+00:00,16.1
2014-05-10 05:00:00+00:00,15.81
2014-05-10 06:00:00+00:00,10.0
2014-05-10 07:00:00+00:00,3.42
2014-05-10 08:00:00+00:00,-0.06
2014-05-10 09:00:00+00:00,-4.0
2014-05-10 10:00:00+00:00,-5.21
2014-05-10 11:00:00+00:00,-6.01
2014-05-10 12:00:00+00:00,-7.5
2014-05-10 13:00:00+00:00,-10.0
2014-05-10 14:00:00+00:00,-5.8
2014-05-10 15:00:00+00:00,-1.2
2014-05-10 16:00:00+00:00,-0.01
2014-05-10 17:00:00+00:00,0.01
2014-05-10 18:00:00+00:00,21.02
2014-05-10 19:00:00+00:00,36.88
2014-05-10 20:00:00+00:00,31.46
2014-05-10 21:00:00+00:00,25.37
2014-05-10 22:00:00+00:00,8.79
2014-05-10 23:00:00+00:00,6.12
2014-05-11 00:00:00+00:00,6.89
2014-05-11 01:00:00+00:00,3.96
2014-05-11 02:00:00+00:00,3.6
2014-05-11 03:00:00+00:00,4.0
2014-05-11 04:00:00+00:00,6.0
2014-05-11 05:00:00+00:00,5.88
2014-05-11 06:00:00+00:00,1.03
2014-05-11 07:00:00+00:00,-0.62
2014-05-11 08:00:00+00:00,-12.0
2014-05-11 09:00:00+00:00,-12.0
2014-05-11 10:00:00+00:00,-10.01
2014-05-11 11:00:00+00:00,-12.0
2014-05-11 12:00:00+00:00,-12.0
2014-05-11 13:00:00+00:00,-14.0
2014-05-11 14:00:00+00:00,-15.0
2014-05-11 15:00:00+00:00,-7.5
2014-05-11 16:00:00+00:00,-3.0
2014-05-11 17:00:00+00:00,0.0
2014-05-11 18:00:00+00:00,4.5
2014-05-11 19:00:00+00:00,35.01
2014-05-11 20:00:00+00:00,35.01
2014-05-11 21:00:00+00:00,30.28
2014-05-11 22:00:00+00:00,15.3
2014-05-11 23:00:00+00:00,14.88
2014-05-12 00:00:00+00:00,17.7
2014-05-12 01:00:00+00:00,15.3
2014-05-12 02:00:00+00:00,14.0
2014-05-12 03:00:00+00:00,15.3
2014-05-12 04:00:00+00:00,22.34
2014-05-12 05:00:00+00:00,35.01
2014-05-12 06:00:00+00:00,22.1
2014-05-12 07:00:00+00:00,6.0
2014-05-12 08:00:00+00:00,-0.89
2014-05-12 09:00:00+00:00,-3.0
2014-05-12 10:00:00+00:00,-4.0
2014-05-12 11:00:00+00:00,-4.0
2014-05-12 12:00:00+00:00,-4.0
2014-05-12 13:00:00+00:00,-4.21
2014-05-12 14:00:00+00:00,-4.0
2014-05-12 15:00:00+00:00,-1.54
2014-05-12 16:00:00+00:00,0.0
2014-05-12 17:00:00+00:00,10.3
2014-05-12 18:00:00+00:00,61.81
2014-05-12 19:00:00+00:00,122.03
2014-05-12 20:00:00+00:00,103.75
2014-05-12 21:00:00+00:00,70.44
2014-05-12 22:00:00+00:00,67.0
2014-05-12 23:00:00+00:00,45.01
2014-05-13 00:00:00+00:00,37.83
2014-05-13 01:00:00+00:00,35.01
2014-05-13 02:00:00+00:00,35.01
2014-05-13 03:00:00+00:00,39.79
2014-05-13 04:00:00+00:00,70.0
2014-05-13 05:00:00+00:00,108.09
2014-05-13 06:00:00+00:00,68.25
2014-05-13 07:00:00+00:00,25.58
2014-05-13 08:00:00+00:00,1.2
2014-05-13 09:00:00+00:00,0.0
2014-05-13 10:00:00+00:00,-0.5
2014-05-13 11:00:00+00:00,-2.51
2014-05-13 12:00:00+00:00,-2.08
2014-05-13 13:00:00+00:00,-0.01
2014-05-13 14:00:00+00:00,0.0
2014-05-13 15:00:00+00:00,0.65
2014-05-13 16:00:00+00:00,24.7
2014-05-13 17:00:00+00:00,33.56
2014-05-13 18:00:00+00:00,92.67
2014-05-13 19:00:00+00:00,128.07
2014-05-13 20:00:00+00:00,112.3
2014-05-13 21:00:00+00:00,74.55
2014-05-13 22:00:00+00:00,64.93
2014-05-13 23:00:00+00:00,45.33
2014-05-14 00:00:00+00:00,41.2
2014-05-14 01:00:00+00:00,37.41
2014-05-14 02:00:00+00:00,36.0
2014-05-14 03:00:00+00:00,40.05
2014-05-14 04:00:00+00:00,53.08
2014-05-14 05:00:00+00:00,91.53
2014-05-14 06:00:00+00:00,57.64
2014-05-14 07:00:00+00:00,37.8
2014-05-14 08:00:00+00:00,0.28
2014-05-14 09:00:00+00:00,-0.02
2014-05-14 10:00:00+00:00,-1.13
2014-05-14 11:00:00+00:00,-4.0
2014-05-14 12:00:00+00:00,-3.0
2014-05-14 13:00:00+00:00,-1.54
2014-05-14 14:00:00+00:00,-0.89
2014-05-14 15:00:00+00:00,-0.01
2014-05-14 16:00:00+00:00,0.17
2014-05-14 17:00:00+00:00,26.09
2014-05-14 18:00:00+00:00,46.5
2014-05-14 19:00:00+00:00,64.03
2014-05-14 20:00:00+00:00,61.51
2014-05-14 21:00:00+00:00,40.14
2014-05-14 22:00:00+00:00,32.95
2014-05-14 23:00:00+00:00,19.71
2014-05-15 00:00:00+00:00,18.47
2014-05-15 01:00:00+00:00,10.55
2014-05-15 02:00:00+00:00,10.63
2014-05-15 03:00:00+00:00,16.26
2014-05-15 04:00:00+00:00,20.0
2014-05-15 05:00:00+00:00,35.01
2014-05-15 06:00:00+00:00,34.11
2014-05-15 07:00:00+00:00,3.52
2014-05-15 08:00:00+00:00,-0.5
2014-05-15 09:00:00+00:00,-1.54
2014-05-15 10:00:00+00:00,-3.0
2014-05-15 11:00:00+00:00,-3.0
2014-05-15 12:00:00+00:00,-4.0
2014-05-15 13:00:00+00:00,-5.0
2014-05-15 14:00:00+00:00,-5.0
2014-05-15 15:00:00+00:00,-3.99
2014-05-15 16:00:00+00:00,-0.5
2014-05-15 17:00:00+00:00,0.0
2014-05-15 18:00:00+00:00,18.57
2014-05-15 19:00:00+00:00,35.01
2014-05-15 20:00:00+00:00,30.64
2014-05-15 21:00:00+00:00,19.98
2014-05-15 22:00:00+00:00,5.11
2014-05-15 23:00:00+00:00,5.0
2014-05-16 00:00:00+00:00,6.0
2014-05-16 01:00:00+00:00,3.6
2014-05-16 02:00:00+00:00,3.28
2014-05-16 03:00:00+00:00,4.75
2014-05-16 04:00:00+00:00,6.0
2014-05-16 05:00:00+00:00,10.0
2014-05-16 06:00:00+00:00,0.01
2014-05-16 07:00:00+00:00,-0.01
2014-05-16 08:00:00+00:00,-5.0
2014-05-16 09:00:00+00:00,-5.8
2014-05-16 10:00:00+00:00,-8.01
2014-05-16 11:00:00+00:00,-8.01
2014-05-16 12:00:00+00:00,-9.0
2014-05-16 13:00:00+00:00,-10.0
2014-05-16 14:00:00+00:00,-10.0
2014-05-16 15:00:00+00:00,-5.5
2014-05-16 16:00:00+00:00,-1.54
2014-05-16 17:00:00+00:00,2.0
2014-05-16 18:00:00+00:00,18.04
2014-05-16 19:00:00+00:00,35.09
2014-05-16 20:00:00+00:00,41.21
2014-05-16 21:00:00+00:00,35.01
2014-05-16 22:00:00+00:00,21.23
2014-05-16 23:00:00+00:00,13.53
2014-05-17 00:00:00+00:00,12.68
2014-05-17 01:00:00+00:00,14.26
2014-05-17 02:00:00+00:00,12.82
2014-05-17 03:00:00+00:00,19.0
2014-05-17 04:00:00+00:00,21.79
2014-05-17 05:00:00+00:00,20.23
2014-05-17 06:00:00+00:00,6.09
2014-05-17 07:00:00+00:00,-0.01
2014-05-17 08:00:00+00:00,-3.0
2014-05-17 09:00:00+00:00,-5.7
2014-05-17 10:00:00+00:00,-9.7
2014-05-17 11:00:00+00:00,-10.01
2014-05-17 12:00:00+00:00,-11.26
2014-05-17 13:00:00+00:00,-10.0
2014-05-17 14:00:00+00:00,-10.0
2014-05-17 15:00:00+00:00,-5.8
2014-05-17 16:00:00+00:00,-1.81
2014-05-17 17:00:00+00:00,3.52
2014-05-17 18:00:00+00:00,26.56
2014-05-17 19:00:00+00:00,52.5
2014-05-17 20:00:00+00:00,57.12
2014-05-17 21:00:00+00:00,41.28
2014-05-17 22:00:00+00:00,37.0
2014-05-17 23:00:00+00:00,21.73
2014-05-18 00:00:00+00:00,15.49
2014-05-18 01:00:00+00:00,15.0
2014-05-18 02:00:00+00:00,13.9
2014-05-18 03:00:00+00:00,15.79
2014-05-18 04:00:00+00:00,14.5
2014-05-18 05:00:00+00:00,8.99
2014-05-18 06:00:00+00:00,0.01
2014-05-18 07:00:00+00:00,-1.54
2014-05-18 08:00:00+00:00,-10.0
2014-05-18 09:00:00+00:00,-10.04
2014-05-18 10:00:00+00:00,-12.0
2014-05-18 11:00:00+00:00,-11.0
2014-05-18 12:00:00+00:00,-15.0
2014-05-18 13:00:00+00:00,-14.05
2014-05-18 14:00:00+00:00,-13.0
2014-05-18 15:00:00+00:00,-10.0
2014-05-18 16:00:00+00:00,-3.0
2014-05-18 17:00:00+00:00,0.28
2014-05-18 18:00:00+00:00,7.44
2014-05-18 19:00:00+00:00,37.0
2014-05-18 20:00:00+00:00,40.7
2014-05-18 21:00:00+00:00,33.96
2014-05-18 22:00:00+00:00,20.82
2014-05-18 23:00:00+00:00,18.02
2014-05-19 00:00:00+00:00,13.83
2014-05-19 01:00:00+00:00,14.0
2014-05-19 02:00:00+00:00,10.63
2014-05-19 03:00:00+00:00,19.94
2014-05-19 04:00:00+00:00,25.95
2014-05-19 05:00:00+00:00,42.99
2014-05-19 06:00:00+00:00,22.0
2014-05-19 07:00:00+00:00,3.52
2014-05-19 08:00:00+00:00,0.0
2014-05-19 09:00:00+00:00,-0.5
2014-05-19 10:00:00+00:00,-1.01
2014-05-19 11:00:00+00:00,-1.5
2014-05-19 12:00:00+00:00,-1.54
2014-05-19 13:00:00+00:00,-2.0
2014-05-19 14:00:00+00:00,-2.5
2014-05-19 15:00:00+00:00,-1.54
2014-05-19 16:00:00+00:00,-0.62
2014-05-19 17:00:00+00:00,0.66
2014-05-19 18:00:00+00:00,22.2
2014-05-19 19:00:00+00:00,37.94
2014-05-19 20:00:00+00:00,37.22
2014-05-19 21:00:00+00:00,29.86
2014-05-19 22:00:00+00:00,20.53
2014-05-19 23:00:00+00:00,16.93
2014-05-20 00:00:00+00:00,13.58
2014-05-20 01:00:00+00:00,7.74
2014-05-20 02:00:00+00:00,7.0
2014-05-20 03:00:00+00:00,18.26
2014-05-20 04:00:00+00:00,25.66
2014-05-20 05:00:00+00:00,35.09
2014-05-20 06:00:00+00:00,20.2
2014-05-20 07:00:00+00:00,0.0
2014-05-20 08:00:00+00:00,-0.3
2014-05-20 09:00:00+00:00,-1.1
2014-05-20 10:00:00+00:00,-1.54
2014-05-20 11:00:00+00:00,-1.81
2014-05-20 12:00:00+00:00,-2.1
2014-05-20 13:00:00+00:00,-3.75
2014-05-20 14:00:00+00:00,-3.4
2014-05-20 15:00:00+00:00,-1.54
2014-05-20 16:00:00+00:00,-0.04
2014-05-20 17:00:00+00:00,3.52
2014-05-20 18:00:00+00:00,25.96
2014-05-20 19:00:00+00:00,53.91
2014-05-20 20:00:00+00:00,54.0
2014-05-20 21:00:00+00:00,35.01
2014-05-20 22:00:00+00:00,35.0
2014-05-20 23:00:00+00:00,30.2
2014-05-21 00:00:00+00:00,28.65
2014-05-21 01:00:00+00:00,22.03
2014-05-21 02:00:00+00:00,26.72
2014-05-21 03:00:00+00:00,30.2
2014-05-21 04:00:00+00:00,35.09
2014-05-21 05:00:00+00:00,58.87
2014-05-21 06:00:00+00:00,35.01
2014-05-21 07:00:00+00:00,10.0
2014-05-21 08:00:00+00:00,0.0
2014-05-21 09:00:00+00:00,-0.3
2014-05-21 10:00:00+00:00,-0.6
2014-05-21 11:00:00+00:00,-0.6
2014-05-21 12:00:00+00:00,-1.0
2014-05-21 13:00:00+00:00,-1.1
2014-05-21 14:00:00+00:00,-1.1
2014-05-21 15:00:00+00:00,-0.6
2014-05-21 16:00:00+00:00,0.0
2014-05-21 17:00:00+00:00,5.79
2014-05-21 18:00:00+00:00,34.94
2014-05-21 19:00:00+00:00,68.21
2014-05-21 20:00:00+00:00,41.93
2014-05-21 21:00:00+00:00,27.23
2014-05-21 22:00:00+00:00,13.06
2014-05-21 23:00:00+00:00,11.0
2014-05-22 00:00:00+00:00,7.0
2014-05-22 01:00:00+00:00,5.11
2014-05-22 02:00:00+00:00,5.11
2014-05-22 03:00:00+00:00,5.11
2014-05-22 04:00:00+00:00,6.0
2014-05-22 05:00:00+00:00,12.1
2014-05-22 06:00:00+00:00,0.65
2014-05-22 07:00:00+00:00,0.0
2014-05-22 08:00:00+00:00,-0.6
2014-05-22 09:00:00+00:00,-4.0
2014-05-22 10:00:00+00:00,-5.0
2014-05-22 11:00:00+00:00,-5.0
2014-05-22 12:00:00+00:00,-5.0
2014-05-22 13:00:00+00:00,-5.0
2014-05-22 14:00:00+00:00,-5.0
2014-05-22 15:00:00+00:00,-3.0
2014-05-22 16:00:00+00:00,-0.04
2014-05-22 17:00:00+00:00,2.0
2014-05-22 18:00:00+00:00,3.6
2014-05-22 19:00:00+00:00,24.42
2014-05-22 20:00:00+00:00,12.82
2014-05-22 21:00:00+00:00,5.0
2014-05-22 22:00:00+00:00,9.22
2014-05-22 23:00:00+00:00,7.69
2014-05-23 00:00:00+00:00,9.37
2014-05-23 01:00:00+00:00,5.8
2014-05-23 02:00:00+00:00,5.11
2014-05-23 03:00:00+00:00,4.9
2014-05-23 04:00:00+00:00,5.66
2014-05-23 05:00:00+00:00,12.34
2014-05-23 06:00:00+00:00,4.23
2014-05-23 07:00:00+00:00,1.72
2014-05-23 08:00:00+00:00,0.0
2014-05-23 09:00:00+00:00,-0.5
2014-05-23 10:00:00+00:00,-0.6
2014-05-23 11:00:00+00:00,-0.6
2014-05-23 12:00:00+00:00,-1.54
2014-05-23 13:00:00+00:00,-3.0
2014-05-23 14:00:00+00:00,-3.0
2014-05-23 15:00:00+00:00,-1.54
2014-05-23 16:00:00+00:00,-0.45
2014-05-23 17:00:00+00:00,0.65
2014-05-23 18:00:00+00:00,5.76
2014-05-23 19:00:00+00:00,31.0
2014-05-23 20:00:00+00:00,17.94
2014-05-23 21:00:00+00:00,12.58
2014-05-23 22:00:00+00:00,14.0
2014-05-23 23:00:00+00:00,12.0
2014-05-24 00:00:00+00:00,10.93
2014-05-24 01:00:00+00:00,10.34
2014-05-24 02:00:00+00:00,9.56
2014-05-24 03:00:00+00:00,9.99
2014-05-24 04:00:00+00:00,13.32
2014-05-24 05:00:00+00:00,6.0
2014-05-24 06:00:00+00:00,3.28
2014-05-24 07:00:00+00:00,-1.0
2014-05-24 08:00:00+00:00,-5.0
2014-05-24 09:00:00+00:00,-6.0
2014-05-24 10:00:00+00:00,-6.0
2014-05-24 11:00:00+00:00,-6.0
2014-05-24 12:00:00+00:00,-6.0
2014-05-24 13:00:00+00:00,-8.01
2014-05-24 14:00:00+00:00,-9.7
2014-05-24 15:00:00+00:00,-6.01
2014-05-24 16:00:00+00:00,-5.8
2014-05-24 17:00:00+00:00,-0.02
2014-05-24 18:00:00+00:00,17.72
2014-05-24 19:00:00+00:00,36.1
2014-05-24 20:00:00+00:00,52.0
2014-05-24 21:00:00+00:00,37.0
2014-05-24 22:00:00+00:00,30.0
2014-05-24 23:00:00+00:00,21.0
2014-05-25 00:00:00+00:00,18.66
2014-05-25 01:00:00+00:00,17.08
2014-05-25 02:00:00+00:00,16.01
2014-05-25 03:00:00+00:00,15.1
2014-05-25 04:00:00+00:00,15.5
2014-05-25 05:00:00+00:00,5.71
2014-05-25 06:00:00+00:00,0.01
2014-05-25 07:00:00+00:00,-1.0
2014-05-25 08:00:00+00:00,-5.0
2014-05-25 09:00:00+00:00,-6.0
2014-05-25 10:00:00+00:00,-7.71
2014-05-25 11:00:00+00:00,-15.0
2014-05-25 12:00:00+00:00,-15.0
2014-05-25 13:00:00+00:00,-14.0
2014-05-25 14:00:00+00:00,-9.02
2014-05-25 15:00:00+00:00,-6.0
2014-05-25 16:00:00+00:00,-3.99
2014-05-25 17:00:00+00:00,0.0
2014-05-25 18:00:00+00:00,17.03
2014-05-25 19:00:00+00:00,26.71
2014-05-25 20:00:00+00:00,35.01
2014-05-25 21:00:00+00:00,20.17
2014-05-25 22:00:00+00:00,26.25
2014-05-25 23:00:00+00:00,18.04
2014-05-26 00:00:00+00:00,16.64
2014-05-26 01:00:00+00:00,14.43
2014-05-26 02:00:00+00:00,16.4
2014-05-26 03:00:00+00:00,20.0
2014-05-26 04:00:00+00:00,25.78
2014-05-26 05:00:00+00:00,35.01
2014-05-26 06:00:00+00:00,25.3
2014-05-26 07:00:00+00:00,0.01
2014-05-26 08:00:00+00:00,0.0
2014-05-26 09:00:00+00:00,-0.01
2014-05-26 10:00:00+00:00,-0.01
2014-05-26 11:00:00+00:00,-0.01
2014-05-26 12:00:00+00:00,-0.02
2014-05-26 13:00:00+00:00,-0.5
2014-05-26 14:00:00+00:00,-0.3
2014-05-26 15:00:00+00:00,-0.01
2014-05-26 16:00:00+00:00,3.52
2014-05-26 17:00:00+00:00,5.11
2014-05-26 18:00:00+00:00,35.09
2014-05-26 19:00:00+00:00,76.06
2014-05-26 20:00:00+00:00,60.14
2014-05-26 21:00:00+00:00,35.33
2014-05-26 22:00:00+00:00,35.01
2014-05-26 23:00:00+00:00,30.5
2014-05-27 00:00:00+00:00,22.46
2014-05-27 01:00:00+00:00,20.0
2014-05-27 02:00:00+00:00,21.03
2014-05-27 03:00:00+00:00,26.01
2014-05-27 04:00:00+00:00,33.44
2014-05-27 05:00:00+00:00,36.26
2014-05-27 06:00:00+00:00,33.0
2014-05-27 07:00:00+00:00,18.0
2014-05-27 08:00:00+00:00,0.03
2014-05-27 09:00:00+00:00,-0.01
2014-05-27 10:00:00+00:00,-0.01
2014-05-27 11:00:00+00:00,-0.01
2014-05-27 12:00:00+00:00,-0.01
2014-05-27 13:00:00+00:00,-0.01
2014-05-27 14:00:00+00:00,-0.01
2014-05-27 15:00:00+00:00,-0.01
2014-05-27 16:00:00+00:00,0.0
2014-05-27 17:00:00+00:00,32.5
2014-05-27 18:00:00+00:00,49.56
2014-05-27 19:00:00+00:00,111.16
2014-05-27 20:00:00+00:00,100.0
2014-05-27 21:00:00+00:00,75.31
2014-05-27 22:00:00+00:00,35.01
2014-05-27 23:00:00+00:00,30.5
2014-05-28 00:00:00+00:00,33.27
2014-05-28 01:00:00+00:00,32.02
2014-05-28 02:00:00+00:00,32.0
2014-05-28 03:00:00+00:00,31.08
2014-05-28 04:00:00+00:00,35.01
2014-05-28 05:00:00+00:00,54.88
2014-05-28 06:00:00+00:00,35.01
2014-05-28 07:00:00+00:00,17.2
2014-05-28 08:00:00+00:00,0.85
2014-05-28 09:00:00+00:00,-0.01
2014-05-28 10:00:00+00:00,-0.01
2014-05-28 11:00:00+00:00,-0.01
2014-05-28 12:00:00+00:00,-0.5
2014-05-28 13:00:00+00:00,-0.6
2014-05-28 14:00:00+00:00,-0.62
2014-05-28 15:00:00+00:00,-0.01
2014-05-28 16:00:00+00:00,1.72
2014-05-28 17:00:00+00:00,23.0
2014-05-28 18:00:00+00:00,55.18
2014-05-28 19:00:00+00:00,96.0
2014-05-28 20:00:00+00:00,100.86
2014-05-28 21:00:00+00:00,54.88
2014-05-28 22:00:00+00:00,49.63
2014-05-28 23:00:00+00:00,39.0
2014-05-29 00:00:00+00:00,43.81
2014-05-29 01:00:00+00:00,39.22
2014-05-29 02:00:00+00:00,38.24
2014-05-29 03:00:00+00:00,40.01
2014-05-29 04:00:00+00:00,37.95
2014-05-29 05:00:00+00:00,45.0
2014-05-29 06:00:00+00:00,38.24
2014-05-29 07:00:00+00:00,16.06
2014-05-29 08:00:00+00:00,3.52
2014-05-29 09:00:00+00:00,0.65
2014-05-29 10:00:00+00:00,-0.01
2014-05-29 11:00:00+00:00,-0.48
2014-05-29 12:00:00+00:00,-0.9
2014-05-29 13:00:00+00:00,-0.12
2014-05-29 14:00:00+00:00,-0.01
2014-05-29 15:00:00+00:00,0.07
2014-05-29 16:00:00+00:00,17.77
2014-05-29 17:00:00+00:00,36.13
2014-05-29 18:00:00+00:00,71.63
2014-05-29 19:00:00+00:00,134.99
2014-05-29 20:00:00+00:00,119.02
2014-05-29 21:00:00+00:00,70.9
2014-05-29 22:00:00+00:00,55.0
2014-05-29 23:00:00+00:00,53.1
2014-05-30 00:00:00+00:00,47.7
2014-05-30 01:00:00+00:00,45.78
2014-05-30 02:00:00+00:00,45.54
2014-05-30 03:00:00+00:00,46.08
2014-05-30 04:00:00+00:00,49.55
2014-05-30 05:00:00+00:00,68.38
2014-05-30 06:00:00+00:00,53.01
2014-05-30 07:00:00+00:00,29.13
2014-05-30 08:00:00+00:00,1.83
2014-05-30 09:00:00+00:00,0.0
2014-05-30 10:00:00+00:00,-0.01
2014-05-30 11:00:00+00:00,-0.01
2014-05-30 12:00:00+00:00,-0.07
2014-05-30 13:00:00+00:00,-0.07
2014-05-30 14:00:00+00:00,-0.01
2014-05-30 15:00:00+00:00,5.0
2014-05-30 16:00:00+00:00,45.36
2014-05-30 17:00:00+00:00,55.28
2014-05-30 18:00:00+00:00,100.29
2014-05-30 19:00:00+00:00,120.59
2014-05-30 20:00:00+00:00,130.19
2014-05-30 21:00:00+00:00,103.35
2014-05-30 22:00:00+00:00,107.0
2014-05-30 23:00:00+00:00,89.74
2014-05-31 00:00:00+00:00,70.55
2014-05-31 01:00:00+00:00,72.0
2014-05-31 02:00:00+00:00,83.61
2014-05-31 03:00:00+00:00,80.0
2014-05-31 04:00:00+00:00,83.61
2014-05-31 05:00:00+00:00,64.31
2014-05-31 06:00:00+00:00,33.55
2014-05-31 07:00:00+00:00,1.0
2014-05-31 08:00:00+00:00,-0.02
2014-05-31 09:00:00+00:00,-1.0
2014-05-31 10:00:00+00:00,-3.07
2014-05-31 11:00:00+00:00,-5.0
2014-05-31 12:00:00+00:00,-5.48
2014-05-31 13:00:00+00:00,-3.0
2014-05-31 14:00:00+00:00,-0.05
2014-05-31 15:00:00+00:00,0.0
2014-05-31 16:00:00+00:00,1.93
2014-05-31 17:00:00+00:00,31.78
2014-05-31 18:00:00+00:00,62.0
2014-05-31 19:00:00+00:00,64.31
2014-05-31 20:00:00+00:00,74.44
2014-05-31 21:00:00+00:00,63.5
2014-05-31 22:00:00+00:00,60.0
2014-05-31 23:00:00+00:00,36.07
2014-06-01 00:00:00+00:00,35.01
2014-06-01 01:00:00+00:00,34.95
2014-06-01 02:00:00+00:00,34.43
2014-06-01 03:00:00+00:00,35.0
2014-06-01 04:00:00+00:00,35.01
2014-06-01 05:00:00+00:00,32.22
2014-06-01 06:00:00+00:00,2.4
2014-06-01 07:00:00+00:00,-0.01
2014-06-01 08:00:00+00:00,-0.6
2014-06-01 09:00:00+00:00,-2.11
2014-06-01 10:00:00+00:00,-5.48
2014-06-01 11:00:00+00:00,-6.0
2014-06-01 12:00:00+00:00,-6.0
2014-06-01 13:00:00+00:00,-6.01
2014-06-01 14:00:00+00:00,-6.0
2014-06-01 15:00:00+00:00,-0.62
2014-06-01 16:00:00+00:00,2.94
2014-06-01 17:00:00+00:00,22.82
2014-06-01 18:00:00+00:00,35.01
2014-06-01 19:00:00+00:00,40.55
2014-06-01 20:00:00+00:00,53.96
2014-06-01 21:00:00+00:00,40.41
2014-06-01 22:00:00+00:00,30.24
2014-06-01 23:00:00+00:00,27.25
2014-06-02 00:00:00+00:00,26.66
2014-06-02 01:00:00+00:00,19.1
2014-06-02 02:00:00+00:00,20.01
2014-06-02 03:00:00+00:00,18.89
2014-06-02 04:00:00+00:00,35.01
2014-06-02 05:00:00+00:00,45.59
2014-06-02 06:00:00+00:00,52.96
2014-06-02 07:00:00+00:00,40.01
2014-06-02 08:00:00+00:00,17.55
2014-06-02 09:00:00+00:00,2.95
2014-06-02 10:00:00+00:00,0.85
2014-06-02 11:00:00+00:00,0.46
2014-06-02 12:00:00+00:00,0.0
2014-06-02 13:00:00+00:00,0.0
2014-06-02 14:00:00+00:00,0.0
2014-06-02 15:00:00+00:00,1.72
2014-06-02 16:00:00+00:00,14.9
2014-06-02 17:00:00+00:00,40.3
2014-06-02 18:00:00+00:00,88.05
2014-06-02 19:00:00+00:00,100.0
2014-06-02 20:00:00+00:00,98.21
2014-06-02 21:00:00+00:00,66.5
2014-06-02 22:00:00+00:00,80.0
2014-06-02 23:00:00+00:00,69.76
2014-06-03 00:00:00+00:00,69.76
2014-06-03 01:00:00+00:00,69.76
2014-06-03 02:00:00+00:00,69.76
2014-06-03 03:00:00+00:00,80.95
2014-06-03 04:00:00+00:00,95.94
2014-06-03 05:00:00+00:00,107.61
2014-06-03 06:00:00+00:00,82.0
2014-06-03 07:00:00+00:00,52.0
2014-06-03 08:00:00+00:00,31.45
2014-06-03 09:00:00+00:00,5.0
2014-06-03 10:00:00+00:00,1.03
2014-06-03 11:00:00+00:00,0.0
2014-06-03 12:00:00+00:00,0.0
2014-06-03 13:00:00+00:00,0.0
2014-06-03 14:00:00+00:00,0.0
2014-06-03 15:00:00+00:00,3.17
2014-06-03 16:00:00+00:00,17.71
2014-06-03 17:00:00+00:00,38.57
2014-06-03 18:00:00+00:00,53.1
2014-06-03 19:00:00+00:00,108.27
2014-06-03 20:00:00+00:00,108.78
2014-06-03 21:00:00+00:00,96.05
2014-06-03 22:00:00+00:00,89.6
2014-06-03 23:00:00+00:00,80.71
2014-06-04 00:00:00+00:00,75.14
2014-06-04 01:00:00+00:00,75.0
2014-06-04 02:00:00+00:00,74.52
2014-06-04 03:00:00+00:00,82.13
2014-06-04 04:00:00+00:00,98.22
2014-06-04 05:00:00+00:00,105.0
2014-06-04 06:00:00+00:00,78.1
2014-06-04 07:00:00+00:00,48.37
2014-06-04 08:00:00+00:00,32.35
2014-06-04 09:00:00+00:00,4.83
2014-06-04 10:00:00+00:00,3.6
2014-06-04 11:00:00+00:00,3.52
2014-06-04 12:00:00+00:00,1.72
2014-06-04 13:00:00+00:00,0.09
2014-06-04 14:00:00+00:00,0.0
2014-06-04 15:00:00+00:00,6.2
2014-06-04 16:00:00+00:00,28.04
2014-06-04 17:00:00+00:00,60.0
2014-06-04 18:00:00+00:00,108.38
2014-06-04 19:00:00+00:00,127.01
2014-06-04 20:00:00+00:00,123.46
2014-06-04 21:00:00+00:00,99.38
2014-06-04 22:00:00+00:00,110.73
2014-06-04 23:00:00+00:00,96.0
2014-06-05 00:00:00+00:00,94.25
2014-06-05 01:00:00+00:00,92.28
2014-06-05 02:00:00+00:00,92.28
2014-06-05 03:00:00+00:00,93.86
2014-06-05 04:00:00+00:00,101.27
2014-06-05 05:00:00+00:00,111.24
2014-06-05 06:00:00+00:00,82.13
2014-06-05 07:00:00+00:00,17.01
2014-06-05 08:00:00+00:00,0.0
2014-06-05 09:00:00+00:00,0.0
2014-06-05 10:00:00+00:00,-0.01
2014-06-05 11:00:00+00:00,-0.01
2014-06-05 12:00:00+00:00,-0.01
2014-06-05 13:00:00+00:00,-0.01
2014-06-05 14:00:00+00:00,-0.01
2014-06-05 15:00:00+00:00,0.0
2014-06-05 16:00:00+00:00,3.17
2014-06-05 17:00:00+00:00,33.94
2014-06-05 18:00:00+00:00,99.77
2014-06-05 19:00:00+00:00,140.34
2014-06-05 20:00:00+00:00,142.03
2014-06-05 21:00:00+00:00,118.24
2014-06-05 22:00:00+00:00,130.05
2014-06-05 23:00:00+00:00,127.93
2014-06-06 00:00:00+00:00,118.24
2014-06-06 01:00:00+00:00,112.75
2014-06-06 02:00:00+00:00,112.24
2014-06-06 03:00:00+00:00,113.77
2014-06-06 04:00:00+00:00,123.26
2014-06-06 05:00:00+00:00,126.83
2014-06-06 06:00:00+00:00,123.26
2014-06-06 07:00:00+00:00,57.03
2014-06-06 08:00:00+00:00,7.26
2014-06-06 09:00:00+00:00,1.72
2014-06-06 10:00:00+00:00,0.66
2014-06-06 11:00:00+00:00,0.0
2014-06-06 12:00:00+00:00,0.0
2014-06-06 13:00:00+00:00,0.0
2014-06-06 14:00:00+00:00,0.0
2014-06-06 15:00:00+00:00,1.2
2014-06-06 16:00:00+00:00,14.34
2014-06-06 17:00:00+00:00,44.69
2014-06-06 18:00:00+00:00,105.0
2014-06-06 19:00:00+00:00,135.01
2014-06-06 20:00:00+00:00,140.34
2014-06-06 21:00:00+00:00,121.35
2014-06-06 22:00:00+00:00,112.84
2014-06-06 23:00:00+00:00,103.77
2014-06-07 00:00:00+00:00,101.57
2014-06-07 01:00:00+00:00,100.59
2014-06-07 02:00:00+00:00,100.59
2014-06-07 03:00:00+00:00,101.57
2014-06-07 04:00:00+00:00,104.0
2014-06-07 05:00:00+00:00,93.8
2014-06-07 06:00:00+00:00,22.2
2014-06-07 07:00:00+00:00,0.7
2014-06-07 08:00:00+00:00,0.0
2014-06-07 09:00:00+00:00,-0.01
2014-06-07 10:00:00+00:00,-0.5
2014-06-07 11:00:00+00:00,-0.5
2014-06-07 12:00:00+00:00,-0.6
2014-06-07 13:00:00+00:00,-1.21
2014-06-07 14:00:00+00:00,-1.21
2014-06-07 15:00:00+00:00,-0.6
2014-06-07 16:00:00+00:00,0.0
2014-06-07 17:00:00+00:00,3.52
2014-06-07 18:00:00+00:00,45.0
2014-06-07 19:00:00+00:00,110.2
2014-06-07 20:00:00+00:00,104.0
2014-06-07 21:00:00+00:00,90.0
2014-06-07 22:00:00+00:00,79.47
2014-06-07 23:00:00+00:00,78.49
2014-06-08 00:00:00+00:00,79.0
2014-06-08 01:00:00+00:00,65.0
2014-06-08 02:00:00+00:00,65.0
2014-06-08 03:00:00+00:00,65.0
2014-06-08 04:00:00+00:00,64.36
2014-06-08 05:00:00+00:00,22.02
2014-06-08 06:00:00+00:00,0.83
2014-06-08 07:00:00+00:00,-0.5
2014-06-08 08:00:00+00:00,-2.0
2014-06-08 09:00:00+00:00,-2.5
2014-06-08 10:00:00+00:00,-2.5
2014-06-08 11:00:00+00:00,-2.5
2014-06-08 12:00:00+00:00,-2.1
2014-06-08 13:00:00+00:00,-3.0
2014-06-08 14:00:00+00:00,-2.8
2014-06-08 15:00:00+00:00,-2.1
2014-06-08 16:00:00+00:00,0.0
2014-06-08 17:00:00+00:00,4.9
2014-06-08 18:00:00+00:00,86.78
2014-06-08 19:00:00+00:00,108.78
2014-06-08 20:00:00+00:00,109.29
2014-06-08 21:00:00+00:00,98.8
2014-06-08 22:00:00+00:00,90.6
2014-06-08 23:00:00+00:00,77.94
2014-06-09 00:00:00+00:00,77.94
2014-06-09 01:00:00+00:00,80.0
2014-06-09 02:00:00+00:00,82.86
2014-06-09 03:00:00+00:00,87.35
2014-06-09 04:00:00+00:00,102.25
2014-06-09 05:00:00+00:00,107.06
2014-06-09 06:00:00+00:00,85.01
2014-06-09 07:00:00+00:00,20.1
2014-06-09 08:00:00+00:00,7.19
2014-06-09 09:00:00+00:00,3.17
2014-06-09 10:00:00+00:00,1.72
2014-06-09 11:00:00+00:00,1.72
2014-06-09 12:00:00+00:00,2.95
2014-06-09 13:00:00+00:00,3.17
2014-06-09 14:00:00+00:00,5.57
2014-06-09 15:00:00+00:00,12.39
2014-06-09 16:00:00+00:00,50.0
2014-06-09 17:00:00+00:00,90.0
2014-06-09 18:00:00+00:00,113.76
2014-06-09 19:00:00+00:00,135.0
2014-06-09 20:00:00+00:00,124.1
2014-06-09 21:00:00+00:00,114.27
2014-06-09 22:00:00+00:00,118.97
2014-06-09 23:00:00+00:00,114.99
2014-06-10 00:00:00+00:00,114.4
2014-06-10 01:00:00+00:00,113.01
2014-06-10 02:00:00+00:00,113.03
2014-06-10 03:00:00+00:00,113.2
2014-06-10 04:00:00+00:00,114.4
2014-06-10 05:00:00+00:00,117.0
2014-06-10 06:00:00+00:00,114.99
2014-06-10 07:00:00+00:00,111.72
2014-06-10 08:00:00+00:00,105.0
2014-06-10 09:00:00+00:00,87.47
2014-06-10 10:00:00+00:00,56.6
2014-06-10 11:00:00+00:00,56.0
2014-06-10 12:00:00+00:00,55.4
2014-06-10 13:00:00+00:00,54.88
2014-06-10 14:00:00+00:00,55.01
2014-06-10 15:00:00+00:00,93.35
2014-06-10 16:00:00+00:00,105.0
2014-06-10 17:00:00+00:00,110.7
2014-06-10 18:00:00+00:00,119.58
2014-06-10 19:00:00+00:00,124.35
2014-06-10 20:00:00+00:00,121.18
2014-06-10 21:00:00+00:00,114.4
2014-06-10 22:00:00+00:00,111.89
2014-06-10 23:00:00+00:00,108.56
2014-06-11 00:00:00+00:00,106.07
2014-06-11 01:00:00+00:00,106.02
2014-06-11 02:00:00+00:00,104.0
2014-06-11 03:00:00+00:00,106.02
2014-06-11 04:00:00+00:00,107.49
2014-06-11 05:00:00+00:00,110.63
2014-06-11 06:00:00+00:00,109.58
2014-06-11 07:00:00+00:00,101.27
2014-06-11 08:00:00+00:00,82.28
2014-06-11 09:00:00+00:00,49.99
2014-06-11 10:00:00+00:00,14.28
2014-06-11 11:00:00+00:00,5.0
2014-06-11 12:00:00+00:00,3.52
2014-06-11 13:00:00+00:00,1.1
2014-06-11 14:00:00+00:00,2.5
2014-06-11 15:00:00+00:00,3.0
2014-06-11 16:00:00+00:00,15.0
2014-06-11 17:00:00+00:00,74.0
2014-06-11 18:00:00+00:00,105.01
2014-06-11 19:00:00+00:00,115.5
2014-06-11 20:00:00+00:00,114.81
2014-06-11 21:00:00+00:00,109.58
2014-06-11 22:00:00+00:00,104.59
2014-06-11 23:00:00+00:00,99.97
2014-06-12 00:00:00+00:00,95.11
2014-06-12 01:00:00+00:00,93.94
2014-06-12 02:00:00+00:00,93.94
2014-06-12 03:00:00+00:00,98.27
2014-06-12 04:00:00+00:00,102.98
2014-06-12 05:00:00+00:00,103.8
2014-06-12 06:00:00+00:00,90.0
2014-06-12 07:00:00+00:00,15.27
2014-06-12 08:00:00+00:00,0.01
2014-06-12 09:00:00+00:00,0.0
2014-06-12 10:00:00+00:00,-0.01
2014-06-12 11:00:00+00:00,0.0
2014-06-12 12:00:00+00:00,0.0
2014-06-12 13:00:00+00:00,-0.01
2014-06-12 14:00:00+00:00,0.01
2014-06-12 15:00:00+00:00,1.0
2014-06-12 16:00:00+00:00,15.27
2014-06-12 17:00:00+00:00,89.6
2014-06-12 18:00:00+00:00,104.01
2014-06-12 19:00:00+00:00,131.71
2014-06-12 20:00:00+00:00,140.64
2014-06-12 21:00:00+00:00,117.96
2014-06-12 22:00:00+00:00,126.84
2014-06-12 23:00:00+00:00,119.08
2014-06-13 00:00:00+00:00,113.98
2014-06-13 01:00:00+00:00,112.33
2014-06-13 02:00:00+00:00,111.35
2014-06-13 03:00:00+00:00,111.35
2014-06-13 04:00:00+00:00,113.89
2014-06-13 05:00:00+00:00,113.86
2014-06-13 06:00:00+00:00,112.47
2014-06-13 07:00:00+00:00,50.0
2014-06-13 08:00:00+00:00,14.5
2014-06-13 09:00:00+00:00,0.85
2014-06-13 10:00:00+00:00,0.0
2014-06-13 11:00:00+00:00,0.0
2014-06-13 12:00:00+00:00,-0.01
2014-06-13 13:00:00+00:00,-0.01
2014-06-13 14:00:00+00:00,0.65
2014-06-13 15:00:00+00:00,3.52
2014-06-13 16:00:00+00:00,17.43
2014-06-13 17:00:00+00:00,90.4
2014-06-13 18:00:00+00:00,105.47
2014-06-13 19:00:00+00:00,120.58
2014-06-13 20:00:00+00:00,120.98
2014-06-13 21:00:00+00:00,113.98
2014-06-13 22:00:00+00:00,110.02
2014-06-13 23:00:00+00:00,109.7
2014-06-14 00:00:00+00:00,109.8
2014-06-14 01:00:00+00:00,108.98
2014-06-14 02:00:00+00:00,109.0
2014-06-14 03:00:00+00:00,109.7
2014-06-14 04:00:00+00:00,109.73
2014-06-14 05:00:00+00:00,104.9
2014-06-14 06:00:00+00:00,51.21
2014-06-14 07:00:00+00:00,4.17
2014-06-14 08:00:00+00:00,0.46
2014-06-14 09:00:00+00:00,-0.01
2014-06-14 10:00:00+00:00,-0.58
2014-06-14 11:00:00+00:00,-0.62
2014-06-14 12:00:00+00:00,-1.0
2014-06-14 13:00:00+00:00,-1.5
2014-06-14 14:00:00+00:00,-0.37
2014-06-14 15:00:00+00:00,0.65
2014-06-14 16:00:00+00:00,5.0
2014-06-14 17:00:00+00:00,36.27
2014-06-14 18:00:00+00:00,86.0
2014-06-14 19:00:00+00:00,101.96
2014-06-14 20:00:00+00:00,105.88
2014-06-14 21:00:00+00:00,100.98
2014-06-14 22:00:00+00:00,87.47
2014-06-14 23:00:00+00:00,62.0
2014-06-15 00:00:00+00:00,38.7
2014-06-15 01:00:00+00:00,34.7
2014-06-15 02:00:00+00:00,24.35
2014-06-15 03:00:00+00:00,20.0
2014-06-15 04:00:00+00:00,18.47
2014-06-15 05:00:00+00:00,15.13
2014-06-15 06:00:00+00:00,2.0
2014-06-15 07:00:00+00:00,0.0
2014-06-15 08:00:00+00:00,-0.6
2014-06-15 09:00:00+00:00,-1.21
2014-06-15 10:00:00+00:00,-1.21
2014-06-15 11:00:00+00:00,-3.0
2014-06-15 12:00:00+00:00,-2.67
2014-06-15 13:00:00+00:00,-2.0
2014-06-15 14:00:00+00:00,-1.21
2014-06-15 15:00:00+00:00,-0.6
2014-06-15 16:00:00+00:00,0.0
2014-06-15 17:00:00+00:00,2.4
2014-06-15 18:00:00+00:00,33.96
2014-06-15 19:00:00+00:00,76.85
2014-06-15 20:00:00+00:00,78.43
2014-06-15 21:00:00+00:00,53.97
2014-06-15 22:00:00+00:00,32.74
2014-06-15 23:00:00+00:00,19.96
2014-06-16 00:00:00+00:00,16.58
2014-06-16 01:00:00+00:00,13.27
2014-06-16 02:00:00+00:00,15.0
2014-06-16 03:00:00+00:00,24.76
2014-06-16 04:00:00+00:00,60.0
2014-06-16 05:00:00+00:00,71.6
2014-06-16 06:00:00+00:00,58.49
2014-06-16 07:00:00+00:00,20.0
2014-06-16 08:00:00+00:00,4.5
2014-06-16 09:00:00+00:00,1.0
2014-06-16 10:00:00+00:00,0.65
2014-06-16 11:00:00+00:00,0.85
2014-06-16 12:00:00+00:00,1.72
2014-06-16 13:00:00+00:00,3.52
2014-06-16 14:00:00+00:00,17.73
2014-06-16 15:00:00+00:00,47.69
2014-06-16 16:00:00+00:00,101.64
2014-06-16 17:00:00+00:00,117.2
2014-06-16 18:00:00+00:00,125.41
2014-06-16 19:00:00+00:00,210.0
2014-06-16 20:00:00+00:00,166.91
2014-06-16 21:00:00+00:00,125.41
2014-06-16 22:00:00+00:00,128.64
2014-06-16 23:00:00+00:00,124.76
2014-06-17 00:00:00+00:00,120.0
2014-06-17 01:00:00+00:00,119.82
2014-06-17 02:00:00+00:00,120.0
2014-06-17 03:00:00+00:00,117.1
2014-06-17 04:00:00+00:00,119.82
2014-06-17 05:00:00+00:00,124.59
2014-06-17 06:00:00+00:00,126.91
2014-06-17 07:00:00+00:00,112.96
2014-06-17 08:00:00+00:00,72.88
2014-06-17 09:00:00+00:00,26.75
2014-06-17 10:00:00+00:00,24.17
2014-06-17 11:00:00+00:00,22.57
2014-06-17 12:00:00+00:00,18.16
2014-06-17 13:00:00+00:00,12.0
2014-06-17 14:00:00+00:00,24.2
2014-06-17 15:00:00+00:00,72.88
2014-06-17 16:00:00+00:00,94.78
2014-06-17 17:00:00+00:00,115.0
2014-06-17 18:00:00+00:00,126.68
2014-06-17 19:00:00+00:00,154.76
2014-06-17 20:00:00+00:00,152.03
2014-06-17 21:00:00+00:00,127.91
2014-06-17 22:00:00+00:00,128.37
2014-06-17 23:00:00+00:00,123.17
2014-06-18 00:00:00+00:00,121.86
2014-06-18 01:00:00+00:00,122.11
2014-06-18 02:00:00+00:00,123.17
2014-06-18 03:00:00+00:00,125.97
2014-06-18 04:00:00+00:00,125.07
2014-06-18 05:00:00+00:00,128.31
2014-06-18 06:00:00+00:00,121.12
2014-06-18 07:00:00+00:00,114.68
2014-06-18 08:00:00+00:00,80.4
2014-06-18 09:00:00+00:00,61.0
2014-06-18 10:00:00+00:00,46.01
2014-06-18 11:00:00+00:00,41.55
2014-06-18 12:00:00+00:00,41.11
2014-06-18 13:00:00+00:00,40.01
2014-06-18 14:00:00+00:00,51.77
2014-06-18 15:00:00+00:00,82.9
2014-06-18 16:00:00+00:00,114.67
2014-06-18 17:00:00+00:00,123.17
2014-06-18 18:00:00+00:00,139.03
2014-06-18 19:00:00+00:00,194.56
2014-06-18 20:00:00+00:00,166.75
2014-06-18 21:00:00+00:00,135.01
2014-06-18 22:00:00+00:00,139.01
2014-06-18 23:00:00+00:00,131.68
2014-06-19 00:00:00+00:00,128.61
2014-06-19 01:00:00+00:00,128.31
2014-06-19 02:00:00+00:00,128.12
2014-06-19 03:00:00+00:00,128.96
2014-06-19 04:00:00+00:00,135.01
2014-06-19 05:00:00+00:00,139.01
2014-06-19 06:00:00+00:00,128.37
2014-06-19 07:00:00+00:00,124.19
2014-06-19 08:00:00+00:00,114.26
2014-06-19 09:00:00+00:00,80.27
2014-06-19 10:00:00+00:00,75.75
2014-06-19 11:00:00+00:00,70.0
2014-06-19 12:00:00+00:00,67.86
2014-06-19 13:00:00+00:00,65.0
2014-06-19 14:00:00+00:00,76.0
2014-06-19 15:00:00+00:00,95.0
2014-06-19 16:00:00+00:00,118.18
2014-06-19 17:00:00+00:00,123.0
2014-06-19 18:00:00+00:00,133.22
2014-06-19 19:00:00+00:00,167.55
2014-06-19 20:00:00+00:00,164.6
2014-06-19 21:00:00+00:00,133.02
2014-06-19 22:00:00+00:00,130.78
2014-06-19 23:00:00+00:00,127.9
2014-06-20 00:00:00+00:00,125.25
2014-06-20 01:00:00+00:00,125.25
2014-06-20 02:00:00+00:00,124.94
2014-06-20 03:00:00+00:00,124.33
2014-06-20 04:00:00+00:00,127.97
2014-06-20 05:00:00+00:00,128.08
2014-06-20 06:00:00+00:00,122.57
2014-06-20 07:00:00+00:00,113.94
2014-06-20 08:00:00+00:00,86.9
2014-06-20 09:00:00+00:00,84.35
2014-06-20 10:00:00+00:00,77.0
2014-06-20 11:00:00+00:00,72.0
2014-06-20 12:00:00+00:00,71.0
2014-06-20 13:00:00+00:00,70.0
2014-06-20 14:00:00+00:00,81.5
2014-06-20 15:00:00+00:00,88.0
2014-06-20 16:00:00+00:00,111.79
2014-06-20 17:00:00+00:00,128.74
2014-06-20 18:00:00+00:00,140.0
2014-06-20 19:00:00+00:00,163.49
2014-06-20 20:00:00+00:00,159.99
2014-06-20 21:00:00+00:00,132.21
2014-06-20 22:00:00+00:00,128.89
2014-06-20 23:00:00+00:00,126.93
2014-06-21 00:00:00+00:00,125.87
2014-06-21 01:00:00+00:00,122.86
2014-06-21 02:00:00+00:00,122.42
2014-06-21 03:00:00+00:00,121.44
2014-06-21 04:00:00+00:00,122.86
2014-06-21 05:00:00+00:00,115.56
2014-06-21 06:00:00+00:00,103.6
2014-06-21 07:00:00+00:00,40.0
2014-06-21 08:00:00+00:00,2.5
2014-06-21 09:00:00+00:00,0.0
2014-06-21 10:00:00+00:00,0.0
2014-06-21 11:00:00+00:00,0.0
2014-06-21 12:00:00+00:00,0.0
2014-06-21 13:00:00+00:00,0.0
2014-06-21 14:00:00+00:00,0.1
2014-06-21 15:00:00+00:00,4.31
2014-06-21 16:00:00+00:00,74.27
2014-06-21 17:00:00+00:00,109.99
2014-06-21 18:00:00+00:00,126.34
2014-06-21 19:00:00+00:00,134.93
2014-06-21 20:00:00+00:00,138.81
2014-06-21 21:00:00+00:00,126.07
2014-06-21 22:00:00+00:00,124.24
2014-06-21 23:00:00+00:00,121.96
2014-06-22 00:00:00+00:00,122.94
2014-06-22 01:00:00+00:00,123.92
2014-06-22 02:00:00+00:00,122.94
2014-06-22 03:00:00+00:00,123.58
2014-06-22 04:00:00+00:00,122.94
2014-06-22 05:00:00+00:00,119.0
2014-06-22 06:00:00+00:00,60.0
2014-06-22 07:00:00+00:00,0.65
2014-06-22 08:00:00+00:00,-0.05
2014-06-22 09:00:00+00:00,-1.21
2014-06-22 10:00:00+00:00,-1.5
2014-06-22 11:00:00+00:00,-1.01
2014-06-22 12:00:00+00:00,-0.62
2014-06-22 13:00:00+00:00,-1.21
2014-06-22 14:00:00+00:00,-1.1
2014-06-22 15:00:00+00:00,0.0
2014-06-22 16:00:00+00:00,5.0
2014-06-22 17:00:00+00:00,71.14
2014-06-22 18:00:00+00:00,114.12
2014-06-22 19:00:00+00:00,128.76
2014-06-22 20:00:00+00:00,130.78
2014-06-22 21:00:00+00:00,128.76
2014-06-22 22:00:00+00:00,127.73
2014-06-22 23:00:00+00:00,123.58
2014-06-23 00:00:00+00:00,117.78
2014-06-23 01:00:00+00:00,115.2
2014-06-23 02:00:00+00:00,114.72
2014-06-23 03:00:00+00:00,114.96
2014-06-23 04:00:00+00:00,121.85
2014-06-23 05:00:00+00:00,127.0
2014-06-23 06:00:00+00:00,117.05
2014-06-23 07:00:00+00:00,98.86
2014-06-23 08:00:00+00:00,91.75
2014-06-23 09:00:00+00:00,75.48
2014-06-23 10:00:00+00:00,71.27
2014-06-23 11:00:00+00:00,70.75
2014-06-23 12:00:00+00:00,57.42
2014-06-23 13:00:00+00:00,70.75
2014-06-23 14:00:00+00:00,71.4
2014-06-23 15:00:00+00:00,90.0
2014-06-23 16:00:00+00:00,108.0
2014-06-23 17:00:00+00:00,124.72
2014-06-23 18:00:00+00:00,136.43
2014-06-23 19:00:00+00:00,195.77
2014-06-23 20:00:00+00:00,175.14
2014-06-23 21:00:00+00:00,135.82
2014-06-23 22:00:00+00:00,129.82
2014-06-23 23:00:00+00:00,126.84
2014-06-24 00:00:00+00:00,123.94
2014-06-24 01:00:00+00:00,124.92
2014-06-24 02:00:00+00:00,124.92
2014-06-24 03:00:00+00:00,125.21
2014-06-24 04:00:00+00:00,126.1
2014-06-24 05:00:00+00:00,126.73
2014-06-24 06:00:00+00:00,126.9
2014-06-24 07:00:00+00:00,119.04
2014-06-24 08:00:00+00:00,100.47
2014-06-24 09:00:00+00:00,77.69
2014-06-24 10:00:00+00:00,76.75
2014-06-24 11:00:00+00:00,37.28
2014-06-24 12:00:00+00:00,16.23
2014-06-24 13:00:00+00:00,7.5
2014-06-24 14:00:00+00:00,7.5
2014-06-24 15:00:00+00:00,20.06
2014-06-24 16:00:00+00:00,71.95
2014-06-24 17:00:00+00:00,104.61
2014-06-24 18:00:00+00:00,125.4
2014-06-24 19:00:00+00:00,146.03
2014-06-24 20:00:00+00:00,154.52
2014-06-24 21:00:00+00:00,131.81
2014-06-24 22:00:00+00:00,129.8
2014-06-24 23:00:00+00:00,118.37
2014-06-25 00:00:00+00:00,116.76
2014-06-25 01:00:00+00:00,116.46
2014-06-25 02:00:00+00:00,116.46
2014-06-25 03:00:00+00:00,117.14
2014-06-25 04:00:00+00:00,119.44
2014-06-25 05:00:00+00:00,125.21
2014-06-25 06:00:00+00:00,114.8
2014-06-25 07:00:00+00:00,85.23
2014-06-25 08:00:00+00:00,42.63
2014-06-25 09:00:00+00:00,27.98
2014-06-25 10:00:00+00:00,15.0
2014-06-25 11:00:00+00:00,5.79
2014-06-25 12:00:00+00:00,3.52
2014-06-25 13:00:00+00:00,2.44
2014-06-25 14:00:00+00:00,3.52
2014-06-25 15:00:00+00:00,4.9
2014-06-25 16:00:00+00:00,35.0
2014-06-25 17:00:00+00:00,96.0
2014-06-25 18:00:00+00:00,119.26
2014-06-25 19:00:00+00:00,150.0
2014-06-25 20:00:00+00:00,154.52
2014-06-25 21:00:00+00:00,125.21
2014-06-25 22:00:00+00:00,119.95
2014-06-25 23:00:00+00:00,116.43
2014-06-26 00:00:00+00:00,112.0
2014-06-26 01:00:00+00:00,110.0
2014-06-26 02:00:00+00:00,109.57
2014-06-26 03:00:00+00:00,110.55
2014-06-26 04:00:00+00:00,116.43
2014-06-26 05:00:00+00:00,117.05
2014-06-26 06:00:00+00:00,111.53
2014-06-26 07:00:00+00:00,85.0
2014-06-26 08:00:00+00:00,50.24
2014-06-26 09:00:00+00:00,63.0
2014-06-26 10:00:00+00:00,62.59
2014-06-26 11:00:00+00:00,45.64
2014-06-26 12:00:00+00:00,37.39
2014-06-26 13:00:00+00:00,36.2
2014-06-26 14:00:00+00:00,37.39
2014-06-26 15:00:00+00:00,59.13
2014-06-26 16:00:00+00:00,80.09
2014-06-26 17:00:00+00:00,97.81
2014-06-26 18:00:00+00:00,118.33
2014-06-26 19:00:00+00:00,159.62
2014-06-26 20:00:00+00:00,157.0
2014-06-26 21:00:00+00:00,119.77
2014-06-26 22:00:00+00:00,115.98
2014-06-26 23:00:00+00:00,111.91
2014-06-27 00:00:00+00:00,111.38
2014-06-27 01:00:00+00:00,111.57
2014-06-27 02:00:00+00:00,111.01
2014-06-27 03:00:00+00:00,111.91
2014-06-27 04:00:00+00:00,113.21
2014-06-27 05:00:00+00:00,115.11
2014-06-27 06:00:00+00:00,111.25
2014-06-27 07:00:00+00:00,92.91
2014-06-27 08:00:00+00:00,78.73
2014-06-27 09:00:00+00:00,67.45
2014-06-27 10:00:00+00:00,54.6
2014-06-27 11:00:00+00:00,36.95
2014-06-27 12:00:00+00:00,36.95
2014-06-27 13:00:00+00:00,35.0
2014-06-27 14:00:00+00:00,37.2
2014-06-27 15:00:00+00:00,71.87
2014-06-27 16:00:00+00:00,88.27
2014-06-27 17:00:00+00:00,109.29
2014-06-27 18:00:00+00:00,116.83
2014-06-27 19:00:00+00:00,141.05
2014-06-27 20:00:00+00:00,138.56
2014-06-27 21:00:00+00:00,115.31
2014-06-27 22:00:00+00:00,112.96
2014-06-27 23:00:00+00:00,112.92
2014-06-28 00:00:00+00:00,108.5
2014-06-28 01:00:00+00:00,108.25
2014-06-28 02:00:00+00:00,107.04
2014-06-28 03:00:00+00:00,108.0
2014-06-28 04:00:00+00:00,108.0
2014-06-28 05:00:00+00:00,108.0
2014-06-28 06:00:00+00:00,91.0
2014-06-28 07:00:00+00:00,22.22
2014-06-28 08:00:00+00:00,6.0
2014-06-28 09:00:00+00:00,0.83
2014-06-28 10:00:00+00:00,0.65
2014-06-28 11:00:00+00:00,0.65
2014-06-28 12:00:00+00:00,0.7
2014-06-28 13:00:00+00:00,0.65
2014-06-28 14:00:00+00:00,2.12
2014-06-28 15:00:00+00:00,10.26
2014-06-28 16:00:00+00:00,46.0
2014-06-28 17:00:00+00:00,96.26
2014-06-28 18:00:00+00:00,111.38
2014-06-28 19:00:00+00:00,131.33
2014-06-28 20:00:00+00:00,132.65
2014-06-28 21:00:00+00:00,115.0
2014-06-28 22:00:00+00:00,111.38
2014-06-28 23:00:00+00:00,108.02
2014-06-29 00:00:00+00:00,107.0
2014-06-29 01:00:00+00:00,106.06
2014-06-29 02:00:00+00:00,107.0
2014-06-29 03:00:00+00:00,108.02
2014-06-29 04:00:00+00:00,109.98
2014-06-29 05:00:00+00:00,107.04
2014-06-29 06:00:00+00:00,81.0
2014-06-29 07:00:00+00:00,20.0
2014-06-29 08:00:00+00:00,3.5
2014-06-29 09:00:00+00:00,0.85
2014-06-29 10:00:00+00:00,0.85
2014-06-29 11:00:00+00:00,3.5
2014-06-29 12:00:00+00:00,4.31
2014-06-29 13:00:00+00:00,4.31
2014-06-29 14:00:00+00:00,5.0
2014-06-29 15:00:00+00:00,20.0
2014-06-29 16:00:00+00:00,66.27
2014-06-29 17:00:00+00:00,102.14
2014-06-29 18:00:00+00:00,111.98
2014-06-29 19:00:00+00:00,129.45
2014-06-29 20:00:00+00:00,154.52
2014-06-29 21:00:00+00:00,133.61
2014-06-29 22:00:00+00:00,125.5
2014-06-29 23:00:00+00:00,116.18
2014-06-30 00:00:00+00:00,113.18
2014-06-30 01:00:00+00:00,111.74
2014-06-30 02:00:00+00:00,114.89
2014-06-30 03:00:00+00:00,115.0
2014-06-30 04:00:00+00:00,115.0
2014-06-30 05:00:00+00:00,121.0
2014-06-30 06:00:00+00:00,115.0
2014-06-30 07:00:00+00:00,109.63
2014-06-30 08:00:00+00:00,85.0
2014-06-30 09:00:00+00:00,78.27
2014-06-30 10:00:00+00:00,77.75
2014-06-30 11:00:00+00:00,78.01
2014-06-30 12:00:00+00:00,78.4
2014-06-30 13:00:00+00:00,88.18
2014-06-30 14:00:00+00:00,99.32
2014-06-30 15:00:00+00:00,104.1
2014-06-30 16:00:00+00:00,110.1
2014-06-30 17:00:00+00:00,111.38
2014-06-30 18:00:00+00:00,135.0
2014-06-30 19:00:00+00:00,175.01
2014-06-30 20:00:00+00:00,157.0
2014-06-30 21:00:00+00:00,127.86
2014-06-30 22:00:00+00:00,129.98
2014-06-30 23:00:00+00:00,118.32
2014-07-01 00:00:00+00:00,116.7
2014-07-01 01:00:00+00:00,115.98
2014-07-01 02:00:00+00:00,114.8
2014-07-01 03:00:00+00:00,115.98
2014-07-01 04:00:00+00:00,116.22
2014-07-01 05:00:00+00:00,121.4
2014-07-01 06:00:00+00:00,114.74
2014-07-01 07:00:00+00:00,105.0
2014-07-01 08:00:00+00:00,96.91
2014-07-01 09:00:00+00:00,80.7
2014-07-01 10:00:00+00:00,80.0
2014-07-01 11:00:00+00:00,80.0
2014-07-01 12:00:00+00:00,80.19
2014-07-01 13:00:00+00:00,80.4
2014-07-01 14:00:00+00:00,92.0
2014-07-01 15:00:00+00:00,102.65
2014-07-01 16:00:00+00:00,109.91
2014-07-01 17:00:00+00:00,115.5
2014-07-01 18:00:00+00:00,125.0
2014-07-01 19:00:00+00:00,167.0
2014-07-01 20:00:00+00:00,159.66
2014-07-01 21:00:00+00:00,129.78
2014-07-01 22:00:00+00:00,130.14
2014-07-01 23:00:00+00:00,120.0
2014-07-02 00:00:00+00:00,112.13
2014-07-02 01:00:00+00:00,111.63
2014-07-02 02:00:00+00:00,112.13
2014-07-02 03:00:00+00:00,112.92
2014-07-02 04:00:00+00:00,111.0
2014-07-02 05:00:00+00:00,113.55
2014-07-02 06:00:00+00:00,110.45
2014-07-02 07:00:00+00:00,104.1
2014-07-02 08:00:00+00:00,81.79
2014-07-02 09:00:00+00:00,76.39
2014-07-02 10:00:00+00:00,70.64
2014-07-02 11:00:00+00:00,70.64
2014-07-02 12:00:00+00:00,70.64
2014-07-02 13:00:00+00:00,71.57
2014-07-02 14:00:00+00:00,79.73
2014-07-02 15:00:00+00:00,80.0
2014-07-02 16:00:00+00:00,87.68
2014-07-02 17:00:00+00:00,107.04
2014-07-02 18:00:00+00:00,112.92
2014-07-02 19:00:00+00:00,126.16
2014-07-02 20:00:00+00:00,125.1
2014-07-02 21:00:00+00:00,110.25
2014-07-02 22:00:00+00:00,111.96
2014-07-02 23:00:00+00:00,110.0
2014-07-03 00:00:00+00:00,109.12
2014-07-03 01:00:00+00:00,101.9
2014-07-03 02:00:00+00:00,91.21
2014-07-03 03:00:00+00:00,100.18
2014-07-03 04:00:00+00:00,109.81
2014-07-03 05:00:00+00:00,111.51
2014-07-03 06:00:00+00:00,104.9
2014-07-03 07:00:00+00:00,70.58
2014-07-03 08:00:00+00:00,67.42
2014-07-03 09:00:00+00:00,55.58
2014-07-03 10:00:00+00:00,42.16
2014-07-03 11:00:00+00:00,37.2
2014-07-03 12:00:00+00:00,39.63
2014-07-03 13:00:00+00:00,56.67
2014-07-03 14:00:00+00:00,64.71
2014-07-03 15:00:00+00:00,81.0
2014-07-03 16:00:00+00:00,96.34
2014-07-03 17:00:00+00:00,109.0
2014-07-03 18:00:00+00:00,118.8
2014-07-03 19:00:00+00:00,142.59
2014-07-03 20:00:00+00:00,140.34
2014-07-03 21:00:00+00:00,119.35
2014-07-03 22:00:00+00:00,110.62
2014-07-03 23:00:00+00:00,107.9
2014-07-04 00:00:00+00:00,107.26
2014-07-04 01:00:00+00:00,106.76
2014-07-04 02:00:00+00:00,107.02
2014-07-04 03:00:00+00:00,107.83
2014-07-04 04:00:00+00:00,111.04
2014-07-04 05:00:00+00:00,113.37
2014-07-04 06:00:00+00:00,110.0
2014-07-04 07:00:00+00:00,91.15
2014-07-04 08:00:00+00:00,76.14
2014-07-04 09:00:00+00:00,72.0
2014-07-04 10:00:00+00:00,75.0
2014-07-04 11:00:00+00:00,75.58
2014-07-04 12:00:00+00:00,75.88
2014-07-04 13:00:00+00:00,75.88
2014-07-04 14:00:00+00:00,76.14
2014-07-04 15:00:00+00:00,78.98
2014-07-04 16:00:00+00:00,90.19
2014-07-04 17:00:00+00:00,108.5
2014-07-04 18:00:00+00:00,113.85
2014-07-04 19:00:00+00:00,139.26
2014-07-04 20:00:00+00:00,138.03
2014-07-04 21:00:00+00:00,122.72
2014-07-04 22:00:00+00:00,131.56
2014-07-04 23:00:00+00:00,118.8
2014-07-05 00:00:00+00:00,110.0
2014-07-05 01:00:00+00:00,107.02
2014-07-05 02:00:00+00:00,107.0
2014-07-05 03:00:00+00:00,106.69
2014-07-05 04:00:00+00:00,109.42
2014-07-05 05:00:00+00:00,110.62
2014-07-05 06:00:00+00:00,100.0
2014-07-05 07:00:00+00:00,36.8
2014-07-05 08:00:00+00:00,5.76
2014-07-05 09:00:00+00:00,3.52
2014-07-05 10:00:00+00:00,4.31
2014-07-05 11:00:00+00:00,5.0
2014-07-05 12:00:00+00:00,5.0
2014-07-05 13:00:00+00:00,5.0
2014-07-05 14:00:00+00:00,5.0
2014-07-05 15:00:00+00:00,25.44
2014-07-05 16:00:00+00:00,41.25
2014-07-05 17:00:00+00:00,100.0
2014-07-05 18:00:00+00:00,112.8
2014-07-05 19:00:00+00:00,131.33
2014-07-05 20:00:00+00:00,134.0
2014-07-05 21:00:00+00:00,120.0
2014-07-05 22:00:00+00:00,112.17
2014-07-05 23:00:00+00:00,106.01
2014-07-06 00:00:00+00:00,103.6
2014-07-06 01:00:00+00:00,100.58
2014-07-06 02:00:00+00:00,100.1
2014-07-06 03:00:00+00:00,100.82
2014-07-06 04:00:00+00:00,101.3
2014-07-06 05:00:00+00:00,96.98
2014-07-06 06:00:00+00:00,52.0
2014-07-06 07:00:00+00:00,7.4
2014-07-06 08:00:00+00:00,2.0
2014-07-06 09:00:00+00:00,1.0
2014-07-06 10:00:00+00:00,0.85
2014-07-06 11:00:00+00:00,3.52
2014-07-06 12:00:00+00:00,2.99
2014-07-06 13:00:00+00:00,0.65
2014-07-06 14:00:00+00:00,0.65
2014-07-06 15:00:00+00:00,0.65
2014-07-06 16:00:00+00:00,4.31
2014-07-06 17:00:00+00:00,31.53
2014-07-06 18:00:00+00:00,90.0
2014-07-06 19:00:00+00:00,108.21
2014-07-06 20:00:00+00:00,110.62
2014-07-06 21:00:00+00:00,108.68
2014-07-06 22:00:00+00:00,106.65
2014-07-06 23:00:00+00:00,96.18
2014-07-07 00:00:00+00:00,92.25
2014-07-07 01:00:00+00:00,89.01
2014-07-07 02:00:00+00:00,85.01
2014-07-07 03:00:00+00:00,95.0
2014-07-07 04:00:00+00:00,103.5
2014-07-07 05:00:00+00:00,106.65
2014-07-07 06:00:00+00:00,94.0
2014-07-07 07:00:00+00:00,57.5
2014-07-07 08:00:00+00:00,37.5
2014-07-07 09:00:00+00:00,18.01
2014-07-07 10:00:00+00:00,15.01
2014-07-07 11:00:00+00:00,6.0
2014-07-07 12:00:00+00:00,5.79
2014-07-07 13:00:00+00:00,5.0
2014-07-07 14:00:00+00:00,3.6
2014-07-07 15:00:00+00:00,4.31
2014-07-07 16:00:00+00:00,5.0
2014-07-07 17:00:00+00:00,37.39
2014-07-07 18:00:00+00:00,80.0
2014-07-07 19:00:00+00:00,105.75
2014-07-07 20:00:00+00:00,104.48
2014-07-07 21:00:00+00:00,95.1
2014-07-07 22:00:00+00:00,80.1
2014-07-07 23:00:00+00:00,62.4
2014-07-08 00:00:00+00:00,50.0
2014-07-08 01:00:00+00:00,35.1
2014-07-08 02:00:00+00:00,35.1
2014-07-08 03:00:00+00:00,30.1
2014-07-08 04:00:00+00:00,60.73
2014-07-08 05:00:00+00:00,74.99
2014-07-08 06:00:00+00:00,60.0
2014-07-08 07:00:00+00:00,18.01
2014-07-08 08:00:00+00:00,4.31
2014-07-08 09:00:00+00:00,1.72
2014-07-08 10:00:00+00:00,1.72
2014-07-08 11:00:00+00:00,2.99
2014-07-08 12:00:00+00:00,3.52
2014-07-08 13:00:00+00:00,3.52
2014-07-08 14:00:00+00:00,5.0
2014-07-08 15:00:00+00:00,17.1
2014-07-08 16:00:00+00:00,45.0
2014-07-08 17:00:00+00:00,60.39
2014-07-08 18:00:00+00:00,104.5
2014-07-08 19:00:00+00:00,110.69
2014-07-08 20:00:00+00:00,110.62
2014-07-08 21:00:00+00:00,106.06
2014-07-08 22:00:00+00:00,110.62
2014-07-08 23:00:00+00:00,104.01
2014-07-09 00:00:00+00:00,101.42
2014-07-09 01:00:00+00:00,103.32
2014-07-09 02:00:00+00:00,108.6
2014-07-09 03:00:00+00:00,110.37
2014-07-09 04:00:00+00:00,107.27
2014-07-09 05:00:00+00:00,111.82
2014-07-09 06:00:00+00:00,108.75
2014-07-09 07:00:00+00:00,99.5
2014-07-09 08:00:00+00:00,56.91
2014-07-09 09:00:00+00:00,40.0
2014-07-09 10:00:00+00:00,35.1
2014-07-09 11:00:00+00:00,36.2
2014-07-09 12:00:00+00:00,36.2
2014-07-09 13:00:00+00:00,37.55
2014-07-09 14:00:00+00:00,50.0
2014-07-09 15:00:00+00:00,73.55
2014-07-09 16:00:00+00:00,75.4
2014-07-09 17:00:00+00:00,110.41
2014-07-09 18:00:00+00:00,115.04
2014-07-09 19:00:00+00:00,155.75
2014-07-09 20:00:00+00:00,145.01
2014-07-09 21:00:00+00:00,120.0
2014-07-09 22:00:00+00:00,123.51
2014-07-09 23:00:00+00:00,115.5
2014-07-10 00:00:00+00:00,113.02
2014-07-10 01:00:00+00:00,112.38
2014-07-10 02:00:00+00:00,112.38
2014-07-10 03:00:00+00:00,113.53
2014-07-10 04:00:00+00:00,117.89
2014-07-10 05:00:00+00:00,123.51
2014-07-10 06:00:00+00:00,110.66
2014-07-10 07:00:00+00:00,108.1
2014-07-10 08:00:00+00:00,106.5
2014-07-10 09:00:00+00:00,90.01
2014-07-10 10:00:00+00:00,76.98
2014-07-10 11:00:00+00:00,75.57
2014-07-10 12:00:00+00:00,75.44
2014-07-10 13:00:00+00:00,75.0
2014-07-10 14:00:00+00:00,74.0
2014-07-10 15:00:00+00:00,76.73
2014-07-10 16:00:00+00:00,88.08
2014-07-10 17:00:00+00:00,103.99
2014-07-10 18:00:00+00:00,118.65
2014-07-10 19:00:00+00:00,153.75
2014-07-10 20:00:00+00:00,170.0
2014-07-10 21:00:00+00:00,132.0
2014-07-10 22:00:00+00:00,121.74
2014-07-10 23:00:00+00:00,115.46
2014-07-11 00:00:00+00:00,113.85
2014-07-11 01:00:00+00:00,112.73
2014-07-11 02:00:00+00:00,112.73
2014-07-11 03:00:00+00:00,113.33
2014-07-11 04:00:00+00:00,118.47
2014-07-11 05:00:00+00:00,125.0
2014-07-11 06:00:00+00:00,111.07
2014-07-11 07:00:00+00:00,105.34
2014-07-11 08:00:00+00:00,63.1
2014-07-11 09:00:00+00:00,76.75
2014-07-11 10:00:00+00:00,80.0
2014-07-11 11:00:00+00:00,74.01
2014-07-11 12:00:00+00:00,62.19
2014-07-11 13:00:00+00:00,59.9
2014-07-11 14:00:00+00:00,55.4
2014-07-11 15:00:00+00:00,61.98
2014-07-11 16:00:00+00:00,67.0
2014-07-11 17:00:00+00:00,100.0
2014-07-11 18:00:00+00:00,114.23
2014-07-11 19:00:00+00:00,125.67
2014-07-11 20:00:00+00:00,138.16
2014-07-11 21:00:00+00:00,130.0
2014-07-11 22:00:00+00:00,119.78
2014-07-11 23:00:00+00:00,116.62
2014-07-12 00:00:00+00:00,112.18
2014-07-12 01:00:00+00:00,107.53
2014-07-12 02:00:00+00:00,105.42
2014-07-12 03:00:00+00:00,103.79
2014-07-12 04:00:00+00:00,109.85
2014-07-12 05:00:00+00:00,118.99
2014-07-12 06:00:00+00:00,105.42
2014-07-12 07:00:00+00:00,72.95
2014-07-12 08:00:00+00:00,42.1
2014-07-12 09:00:00+00:00,19.0
2014-07-12 10:00:00+00:00,15.0
2014-07-12 11:00:00+00:00,5.76
2014-07-12 12:00:00+00:00,4.31
2014-07-12 13:00:00+00:00,0.85
2014-07-12 14:00:00+00:00,13.68
2014-07-12 15:00:00+00:00,35.0
2014-07-12 16:00:00+00:00,50.08
2014-07-12 17:00:00+00:00,75.4
2014-07-12 18:00:00+00:00,107.75
2014-07-12 19:00:00+00:00,125.67
2014-07-12 20:00:00+00:00,133.0
2014-07-12 21:00:00+00:00,121.74
2014-07-12 22:00:00+00:00,119.36
2014-07-12 23:00:00+00:00,117.06
2014-07-13 00:00:00+00:00,114.11
2014-07-13 01:00:00+00:00,113.99
2014-07-13 02:00:00+00:00,108.67
2014-07-13 03:00:00+00:00,104.64
2014-07-13 04:00:00+00:00,104.64
2014-07-13 05:00:00+00:00,90.0
2014-07-13 06:00:00+00:00,55.0
2014-07-13 07:00:00+00:00,22.5
2014-07-13 08:00:00+00:00,4.28
2014-07-13 09:00:00+00:00,0.05
2014-07-13 10:00:00+00:00,0.0
2014-07-13 11:00:00+00:00,0.0
2014-07-13 12:00:00+00:00,0.0
2014-07-13 13:00:00+00:00,0.0
2014-07-13 14:00:00+00:00,1.0
2014-07-13 15:00:00+00:00,5.79
2014-07-13 16:00:00+00:00,30.39
2014-07-13 17:00:00+00:00,70.1
2014-07-13 18:00:00+00:00,107.69
2014-07-13 19:00:00+00:00,124.5
2014-07-13 20:00:00+00:00,134.62
2014-07-13 21:00:00+00:00,121.74
2014-07-13 22:00:00+00:00,118.1
2014-07-13 23:00:00+00:00,112.45
2014-07-14 00:00:00+00:00,109.86
2014-07-14 01:00:00+00:00,109.23
2014-07-14 02:00:00+00:00,108.9
2014-07-14 03:00:00+00:00,110.1
2014-07-14 04:00:00+00:00,118.06
2014-07-14 05:00:00+00:00,122.72
2014-07-14 06:00:00+00:00,116.0
2014-07-14 07:00:00+00:00,75.19
2014-07-14 08:00:00+00:00,65.0
2014-07-14 09:00:00+00:00,33.72
2014-07-14 10:00:00+00:00,34.06
2014-07-14 11:00:00+00:00,38.8
2014-07-14 12:00:00+00:00,31.49
2014-07-14 13:00:00+00:00,18.21
2014-07-14 14:00:00+00:00,27.09
2014-07-14 15:00:00+00:00,47.5
2014-07-14 16:00:00+00:00,60.0
2014-07-14 17:00:00+00:00,77.76
2014-07-14 18:00:00+00:00,117.06
2014-07-14 19:00:00+00:00,126.64
2014-07-14 20:00:00+00:00,124.68
2014-07-14 21:00:00+00:00,118.26
2014-07-14 22:00:00+00:00,113.16
2014-07-14 23:00:00+00:00,109.48
2014-07-15 00:00:00+00:00,107.41
2014-07-15 01:00:00+00:00,107.22
2014-07-15 02:00:00+00:00,105.43
2014-07-15 03:00:00+00:00,107.38
2014-07-15 04:00:00+00:00,113.16
2014-07-15 05:00:00+00:00,118.81
2014-07-15 06:00:00+00:00,107.4
2014-07-15 07:00:00+00:00,72.97
2014-07-15 08:00:00+00:00,30.5
2014-07-15 09:00:00+00:00,39.87
2014-07-15 10:00:00+00:00,46.2
2014-07-15 11:00:00+00:00,45.0
2014-07-15 12:00:00+00:00,35.0
2014-07-15 13:00:00+00:00,29.95
2014-07-15 14:00:00+00:00,29.95
2014-07-15 15:00:00+00:00,49.0
2014-07-15 16:00:00+00:00,50.08
2014-07-15 17:00:00+00:00,72.84
2014-07-15 18:00:00+00:00,112.92
2014-07-15 19:00:00+00:00,135.87
2014-07-15 20:00:00+00:00,135.05
2014-07-15 21:00:00+00:00,120.05
2014-07-15 22:00:00+00:00,113.31
2014-07-15 23:00:00+00:00,107.85
2014-07-16 00:00:00+00:00,106.83
2014-07-16 01:00:00+00:00,106.83
2014-07-16 02:00:00+00:00,107.22
2014-07-16 03:00:00+00:00,110.68
2014-07-16 04:00:00+00:00,117.61
2014-07-16 05:00:00+00:00,125.67
2014-07-16 06:00:00+00:00,109.5
2014-07-16 07:00:00+00:00,89.0
2014-07-16 08:00:00+00:00,75.0
2014-07-16 09:00:00+00:00,70.1
2014-07-16 10:00:00+00:00,70.1
2014-07-16 11:00:00+00:00,70.1
2014-07-16 12:00:00+00:00,70.0
2014-07-16 13:00:00+00:00,69.84
2014-07-16 14:00:00+00:00,69.95
2014-07-16 15:00:00+00:00,70.1
2014-07-16 16:00:00+00:00,79.1
2014-07-16 17:00:00+00:00,109.62
2014-07-16 18:00:00+00:00,125.0
2014-07-16 19:00:00+00:00,175.49
2014-07-16 20:00:00+00:00,169.2
2014-07-16 21:00:00+00:00,129.36
2014-07-16 22:00:00+00:00,119.78
2014-07-16 23:00:00+00:00,115.13
2014-07-17 00:00:00+00:00,113.84
2014-07-17 01:00:00+00:00,108.62
2014-07-17 02:00:00+00:00,108.62
2014-07-17 03:00:00+00:00,113.46
2014-07-17 04:00:00+00:00,118.36
2014-07-17 05:00:00+00:00,125.0
2014-07-17 06:00:00+00:00,115.45
2014-07-17 07:00:00+00:00,104.27
2014-07-17 08:00:00+00:00,85.0
2014-07-17 09:00:00+00:00,77.07
2014-07-17 10:00:00+00:00,76.8
2014-07-17 11:00:00+00:00,76.68
2014-07-17 12:00:00+00:00,75.2
2014-07-17 13:00:00+00:00,73.0
2014-07-17 14:00:00+00:00,76.81
2014-07-17 15:00:00+00:00,84.36
2014-07-17 16:00:00+00:00,91.52
2014-07-17 17:00:00+00:00,108.66
2014-07-17 18:00:00+00:00,121.41
2014-07-17 19:00:00+00:00,128.67
2014-07-17 20:00:00+00:00,129.85
2014-07-17 21:00:00+00:00,120.76
2014-07-17 22:00:00+00:00,114.0
2014-07-17 23:00:00+00:00,107.61
2014-07-18 00:00:00+00:00,107.22
2014-07-18 01:00:00+00:00,105.9
2014-07-18 02:00:00+00:00,105.0
2014-07-18 03:00:00+00:00,107.17
2014-07-18 04:00:00+00:00,111.55
2014-07-18 05:00:00+00:00,115.14
2014-07-18 06:00:00+00:00,109.39
2014-07-18 07:00:00+00:00,90.64
2014-07-18 08:00:00+00:00,80.0
2014-07-18 09:00:00+00:00,81.58
2014-07-18 10:00:00+00:00,80.0
2014-07-18 11:00:00+00:00,73.02
2014-07-18 12:00:00+00:00,71.2
2014-07-18 13:00:00+00:00,72.68
2014-07-18 14:00:00+00:00,72.81
2014-07-18 15:00:00+00:00,72.8
2014-07-18 16:00:00+00:00,71.08
2014-07-18 17:00:00+00:00,72.8
2014-07-18 18:00:00+00:00,110.0
2014-07-18 19:00:00+00:00,119.39
2014-07-18 20:00:00+00:00,119.19
2014-07-18 21:00:00+00:00,111.65
2014-07-18 22:00:00+00:00,101.72
2014-07-18 23:00:00+00:00,98.25
2014-07-19 00:00:00+00:00,90.0
2014-07-19 01:00:00+00:00,84.99
2014-07-19 02:00:00+00:00,82.5
2014-07-19 03:00:00+00:00,83.74
2014-07-19 04:00:00+00:00,90.0
2014-07-19 05:00:00+00:00,79.3
2014-07-19 06:00:00+00:00,56.62
2014-07-19 07:00:00+00:00,9.83
2014-07-19 08:00:00+00:00,3.52
2014-07-19 09:00:00+00:00,0.65
2014-07-19 10:00:00+00:00,0.0
2014-07-19 11:00:00+00:00,0.0
2014-07-19 12:00:00+00:00,0.0
2014-07-19 13:00:00+00:00,0.0
2014-07-19 14:00:00+00:00,0.0
2014-07-19 15:00:00+00:00,0.65
2014-07-19 16:00:00+00:00,3.52
2014-07-19 17:00:00+00:00,42.32
2014-07-19 18:00:00+00:00,72.92
2014-07-19 19:00:00+00:00,100.28
2014-07-19 20:00:00+00:00,106.8
2014-07-19 21:00:00+00:00,96.25
2014-07-19 22:00:00+00:00,57.73
2014-07-19 23:00:00+00:00,45.0
2014-07-20 00:00:00+00:00,43.94
2014-07-20 01:00:00+00:00,43.81
2014-07-20 02:00:00+00:00,43.81
2014-07-20 03:00:00+00:00,43.81
2014-07-20 04:00:00+00:00,43.94
2014-07-20 05:00:00+00:00,38.3
2014-07-20 06:00:00+00:00,3.6
2014-07-20 07:00:00+00:00,0.65
2014-07-20 08:00:00+00:00,0.0
2014-07-20 09:00:00+00:00,0.0
2014-07-20 10:00:00+00:00,-0.01
2014-07-20 11:00:00+00:00,-0.01
2014-07-20 12:00:00+00:00,-0.01
2014-07-20 13:00:00+00:00,-0.66
2014-07-20 14:00:00+00:00,-1.01
2014-07-20 15:00:00+00:00,-0.62
2014-07-20 16:00:00+00:00,0.0
2014-07-20 17:00:00+00:00,3.6
2014-07-20 18:00:00+00:00,43.81
2014-07-20 19:00:00+00:00,75.3
2014-07-20 20:00:00+00:00,92.0
2014-07-20 21:00:00+00:00,76.26
2014-07-20 22:00:00+00:00,64.99
2014-07-20 23:00:00+00:00,51.48
2014-07-21 00:00:00+00:00,45.0
2014-07-21 01:00:00+00:00,40.0
2014-07-21 02:00:00+00:00,17.88
2014-07-21 03:00:00+00:00,50.0
2014-07-21 04:00:00+00:00,75.54
2014-07-21 05:00:00+00:00,107.88
2014-07-21 06:00:00+00:00,80.0
2014-07-21 07:00:00+00:00,40.0
2014-07-21 08:00:00+00:00,5.11
2014-07-21 09:00:00+00:00,6.0
2014-07-21 10:00:00+00:00,15.23
2014-07-21 11:00:00+00:00,22.63
2014-07-21 12:00:00+00:00,17.22
2014-07-21 13:00:00+00:00,16.01
2014-07-21 14:00:00+00:00,8.93
2014-07-21 15:00:00+00:00,30.17
2014-07-21 16:00:00+00:00,43.81
2014-07-21 17:00:00+00:00,75.11
2014-07-21 18:00:00+00:00,115.15
2014-07-21 19:00:00+00:00,169.2
2014-07-21 20:00:00+00:00,165.43
2014-07-21 21:00:00+00:00,119.78
2014-07-21 22:00:00+00:00,116.69
2014-07-21 23:00:00+00:00,112.66
2014-07-22 00:00:00+00:00,100.0
2014-07-22 01:00:00+00:00,100.62
2014-07-22 02:00:00+00:00,99.96
2014-07-22 03:00:00+00:00,107.4
2014-07-22 04:00:00+00:00,114.56
2014-07-22 05:00:00+00:00,120.76
2014-07-22 06:00:00+00:00,105.46
2014-07-22 07:00:00+00:00,69.57
2014-07-22 08:00:00+00:00,38.5
2014-07-22 09:00:00+00:00,35.01
2014-07-22 10:00:00+00:00,35.1
2014-07-22 11:00:00+00:00,35.1
2014-07-22 12:00:00+00:00,34.75
2014-07-22 13:00:00+00:00,31.25
2014-07-22 14:00:00+00:00,31.11
2014-07-22 15:00:00+00:00,35.01
2014-07-22 16:00:00+00:00,51.83
2014-07-22 17:00:00+00:00,86.66
2014-07-22 18:00:00+00:00,113.92
2014-07-22 19:00:00+00:00,138.83
2014-07-22 20:00:00+00:00,135.05
2014-07-22 21:00:00+00:00,115.39
2014-07-22 22:00:00+00:00,112.91
2014-07-22 23:00:00+00:00,106.53
2014-07-23 00:00:00+00:00,100.62
2014-07-23 01:00:00+00:00,100.5
2014-07-23 02:00:00+00:00,101.15
2014-07-23 03:00:00+00:00,101.0
2014-07-23 04:00:00+00:00,105.46
2014-07-23 05:00:00+00:00,113.91
2014-07-23 06:00:00+00:00,96.5
2014-07-23 07:00:00+00:00,83.31
2014-07-23 08:00:00+00:00,76.4
2014-07-23 09:00:00+00:00,68.64
2014-07-23 10:00:00+00:00,61.97
2014-07-23 11:00:00+00:00,51.89
2014-07-23 12:00:00+00:00,44.88
2014-07-23 13:00:00+00:00,46.0
2014-07-23 14:00:00+00:00,47.0
2014-07-23 15:00:00+00:00,51.76
2014-07-23 16:00:00+00:00,52.13
2014-07-23 17:00:00+00:00,75.92
2014-07-23 18:00:00+00:00,105.46
2014-07-23 19:00:00+00:00,112.0
2014-07-23 20:00:00+00:00,109.96
2014-07-23 21:00:00+00:00,100.39
2014-07-23 22:00:00+00:00,95.0
2014-07-23 23:00:00+00:00,85.0
2014-07-24 00:00:00+00:00,81.88
2014-07-24 01:00:00+00:00,71.79
2014-07-24 02:00:00+00:00,63.27
2014-07-24 03:00:00+00:00,80.9
2014-07-24 04:00:00+00:00,85.62
2014-07-24 05:00:00+00:00,90.44
2014-07-24 06:00:00+00:00,60.51
2014-07-24 07:00:00+00:00,35.5
2014-07-24 08:00:00+00:00,5.11
2014-07-24 09:00:00+00:00,3.52
2014-07-24 10:00:00+00:00,2.0
2014-07-24 11:00:00+00:00,3.52
2014-07-24 12:00:00+00:00,3.52
2014-07-24 13:00:00+00:00,1.72
2014-07-24 14:00:00+00:00,1.72
2014-07-24 15:00:00+00:00,1.72
2014-07-24 16:00:00+00:00,3.52
2014-07-24 17:00:00+00:00,29.97
2014-07-24 18:00:00+00:00,50.0
2014-07-24 19:00:00+00:00,90.92
2014-07-24 20:00:00+00:00,90.68
2014-07-24 21:00:00+00:00,71.05
2014-07-24 22:00:00+00:00,73.63
2014-07-24 23:00:00+00:00,65.95
2014-07-25 00:00:00+00:00,62.0
2014-07-25 01:00:00+00:00,58.99
2014-07-25 02:00:00+00:00,51.97
2014-07-25 03:00:00+00:00,63.43
2014-07-25 04:00:00+00:00,65.95
2014-07-25 05:00:00+00:00,76.0
2014-07-25 06:00:00+00:00,58.99
2014-07-25 07:00:00+00:00,12.75
2014-07-25 08:00:00+00:00,2.51
2014-07-25 09:00:00+00:00,0.65
2014-07-25 10:00:00+00:00,0.75
2014-07-25 11:00:00+00:00,0.85
2014-07-25 12:00:00+00:00,1.1
2014-07-25 13:00:00+00:00,0.65
2014-07-25 14:00:00+00:00,0.65
2014-07-25 15:00:00+00:00,0.65
2014-07-25 16:00:00+00:00,4.31
2014-07-25 17:00:00+00:00,30.85
2014-07-25 18:00:00+00:00,85.0
2014-07-25 19:00:00+00:00,104.72
2014-07-25 20:00:00+00:00,101.94
2014-07-25 21:00:00+00:00,79.99
2014-07-25 22:00:00+00:00,96.27
2014-07-25 23:00:00+00:00,77.16
2014-07-26 00:00:00+00:00,66.28
2014-07-26 01:00:00+00:00,56.84
2014-07-26 02:00:00+00:00,46.4
2014-07-26 03:00:00+00:00,50.74
2014-07-26 04:00:00+00:00,57.33
2014-07-26 05:00:00+00:00,55.01
2014-07-26 06:00:00+00:00,41.05
2014-07-26 07:00:00+00:00,3.6
2014-07-26 08:00:00+00:00,0.65
2014-07-26 09:00:00+00:00,0.09
2014-07-26 10:00:00+00:00,0.15
2014-07-26 11:00:00+00:00,0.09
2014-07-26 12:00:00+00:00,0.01
2014-07-26 13:00:00+00:00,0.0
2014-07-26 14:00:00+00:00,0.0
2014-07-26 15:00:00+00:00,0.0
2014-07-26 16:00:00+00:00,0.65
2014-07-26 17:00:00+00:00,23.99
2014-07-26 18:00:00+00:00,65.29
2014-07-26 19:00:00+00:00,92.57
2014-07-26 20:00:00+00:00,100.0
2014-07-26 21:00:00+00:00,90.66
2014-07-26 22:00:00+00:00,72.74
2014-07-26 23:00:00+00:00,62.67
2014-07-27 00:00:00+00:00,63.0
2014-07-27 01:00:00+00:00,62.94
2014-07-27 02:00:00+00:00,56.4
2014-07-27 03:00:00+00:00,56.16
2014-07-27 04:00:00+00:00,56.16
2014-07-27 05:00:00+00:00,50.0
2014-07-27 06:00:00+00:00,32.34
2014-07-27 07:00:00+00:00,3.52
2014-07-27 08:00:00+00:00,0.0
2014-07-27 09:00:00+00:00,-0.01
2014-07-27 10:00:00+00:00,-0.01
2014-07-27 11:00:00+00:00,-0.01
2014-07-27 12:00:00+00:00,-0.01
2014-07-27 13:00:00+00:00,-0.5
2014-07-27 14:00:00+00:00,-0.6
2014-07-27 15:00:00+00:00,-0.5
2014-07-27 16:00:00+00:00,0.0
2014-07-27 17:00:00+00:00,4.9
2014-07-27 18:00:00+00:00,40.0
2014-07-27 19:00:00+00:00,62.67
2014-07-27 20:00:00+00:00,88.64
2014-07-27 21:00:00+00:00,66.95
2014-07-27 22:00:00+00:00,62.29
2014-07-27 23:00:00+00:00,55.75
2014-07-28 00:00:00+00:00,50.0
2014-07-28 01:00:00+00:00,45.03
2014-07-28 02:00:00+00:00,42.49
2014-07-28 03:00:00+00:00,45.07
2014-07-28 04:00:00+00:00,50.0
2014-07-28 05:00:00+00:00,56.23
2014-07-28 06:00:00+00:00,63.71
2014-07-28 07:00:00+00:00,30.0
2014-07-28 08:00:00+00:00,5.79
2014-07-28 09:00:00+00:00,3.52
2014-07-28 10:00:00+00:00,1.21
2014-07-28 11:00:00+00:00,0.85
2014-07-28 12:00:00+00:00,0.85
2014-07-28 13:00:00+00:00,0.65
2014-07-28 14:00:00+00:00,0.65
2014-07-28 15:00:00+00:00,0.9
2014-07-28 16:00:00+00:00,3.52
2014-07-28 17:00:00+00:00,16.0
2014-07-28 18:00:00+00:00,60.0
2014-07-28 19:00:00+00:00,74.98
2014-07-28 20:00:00+00:00,88.54
2014-07-28 21:00:00+00:00,63.25
2014-07-28 22:00:00+00:00,50.68
2014-07-28 23:00:00+00:00,37.97
2014-07-29 00:00:00+00:00,34.78
2014-07-29 01:00:00+00:00,32.0
2014-07-29 02:00:00+00:00,30.28
2014-07-29 03:00:00+00:00,34.78
2014-07-29 04:00:00+00:00,45.0
2014-07-29 05:00:00+00:00,50.0
2014-07-29 06:00:00+00:00,49.45
2014-07-29 07:00:00+00:00,13.0
2014-07-29 08:00:00+00:00,3.52
2014-07-29 09:00:00+00:00,0.09
2014-07-29 10:00:00+00:00,0.15
2014-07-29 11:00:00+00:00,0.65
2014-07-29 12:00:00+00:00,0.65
2014-07-29 13:00:00+00:00,0.65
2014-07-29 14:00:00+00:00,0.65
2014-07-29 15:00:00+00:00,1.11
2014-07-29 16:00:00+00:00,8.0
2014-07-29 17:00:00+00:00,35.17
2014-07-29 18:00:00+00:00,57.58
2014-07-29 19:00:00+00:00,98.0
2014-07-29 20:00:00+00:00,103.27
2014-07-29 21:00:00+00:00,84.13
2014-07-29 22:00:00+00:00,66.7
2014-07-29 23:00:00+00:00,50.92
2014-07-30 00:00:00+00:00,43.75
2014-07-30 01:00:00+00:00,38.48
2014-07-30 02:00:00+00:00,32.55
2014-07-30 03:00:00+00:00,38.48
2014-07-30 04:00:00+00:00,45.51
2014-07-30 05:00:00+00:00,72.96
2014-07-30 06:00:00+00:00,57.38
2014-07-30 07:00:00+00:00,35.17
2014-07-30 08:00:00+00:00,9.07
2014-07-30 09:00:00+00:00,3.52
2014-07-30 10:00:00+00:00,4.31
2014-07-30 11:00:00+00:00,5.11
2014-07-30 12:00:00+00:00,5.79
2014-07-30 13:00:00+00:00,4.31
2014-07-30 14:00:00+00:00,5.0
2014-07-30 15:00:00+00:00,6.0
2014-07-30 16:00:00+00:00,30.5
2014-07-30 17:00:00+00:00,39.6
2014-07-30 18:00:00+00:00,77.99
2014-07-30 19:00:00+00:00,101.49
2014-07-30 20:00:00+00:00,104.36
2014-07-30 21:00:00+00:00,92.18
2014-07-30 22:00:00+00:00,90.0
2014-07-30 23:00:00+00:00,77.37
2014-07-31 00:00:00+00:00,71.07
2014-07-31 01:00:00+00:00,58.38
2014-07-31 02:00:00+00:00,57.75
2014-07-31 03:00:00+00:00,59.01
2014-07-31 04:00:00+00:00,81.96
2014-07-31 05:00:00+00:00,100.46
2014-07-31 06:00:00+00:00,91.55
2014-07-31 07:00:00+00:00,51.31
2014-07-31 08:00:00+00:00,30.5
2014-07-31 09:00:00+00:00,23.92
2014-07-31 10:00:00+00:00,29.01
2014-07-31 11:00:00+00:00,23.5
2014-07-31 12:00:00+00:00,25.26
2014-07-31 13:00:00+00:00,28.5
2014-07-31 14:00:00+00:00,30.0
2014-07-31 15:00:00+00:00,39.1
2014-07-31 16:00:00+00:00,54.92
2014-07-31 17:00:00+00:00,86.71
2014-07-31 18:00:00+00:00,107.99
2014-07-31 19:00:00+00:00,114.45
2014-07-31 20:00:00+00:00,110.27
2014-07-31 21:00:00+00:00,98.32
2014-07-31 22:00:00+00:00,102.22
2014-07-31 23:00:00+00:00,93.47
2014-08-01 00:00:00+00:00,81.0
2014-08-01 01:00:00+00:00,72.55
2014-08-01 02:00:00+00:00,63.98
2014-08-01 03:00:00+00:00,73.6
2014-08-01 04:00:00+00:00,83.14
2014-08-01 05:00:00+00:00,100.62
2014-08-01 06:00:00+00:00,100.0
2014-08-01 07:00:00+00:00,65.06
2014-08-01 08:00:00+00:00,45.81
2014-08-01 09:00:00+00:00,35.08
2014-08-01 10:00:00+00:00,31.87
2014-08-01 11:00:00+00:00,25.06
2014-08-01 12:00:00+00:00,20.01
2014-08-01 13:00:00+00:00,13.43
2014-08-01 14:00:00+00:00,17.42
2014-08-01 15:00:00+00:00,27.47
2014-08-01 16:00:00+00:00,44.8
2014-08-01 17:00:00+00:00,70.12
2014-08-01 18:00:00+00:00,87.34
2014-08-01 19:00:00+00:00,103.02
2014-08-01 20:00:00+00:00,102.52
2014-08-01 21:00:00+00:00,95.41
2014-08-01 22:00:00+00:00,97.8
2014-08-01 23:00:00+00:00,77.08
2014-08-02 00:00:00+00:00,65.27
2014-08-02 01:00:00+00:00,49.56
2014-08-02 02:00:00+00:00,43.33
2014-08-02 03:00:00+00:00,44.29
2014-08-02 04:00:00+00:00,51.08
2014-08-02 05:00:00+00:00,49.81
2014-08-02 06:00:00+00:00,37.33
2014-08-02 07:00:00+00:00,3.52
2014-08-02 08:00:00+00:00,1.06
2014-08-02 09:00:00+00:00,0.0
2014-08-02 10:00:00+00:00,0.0
2014-08-02 11:00:00+00:00,0.0
2014-08-02 12:00:00+00:00,0.0
2014-08-02 13:00:00+00:00,0.0
2014-08-02 14:00:00+00:00,0.0
2014-08-02 15:00:00+00:00,0.65
2014-08-02 16:00:00+00:00,3.52
2014-08-02 17:00:00+00:00,15.2
2014-08-02 18:00:00+00:00,74.53
2014-08-02 19:00:00+00:00,99.64
2014-08-02 20:00:00+00:00,99.64
2014-08-02 21:00:00+00:00,80.5
2014-08-02 22:00:00+00:00,80.4
2014-08-02 23:00:00+00:00,69.26
2014-08-03 00:00:00+00:00,42.96
2014-08-03 01:00:00+00:00,37.38
2014-08-03 02:00:00+00:00,30.02
2014-08-03 03:00:00+00:00,30.2
2014-08-03 04:00:00+00:00,32.03
2014-08-03 05:00:00+00:00,26.28
2014-08-03 06:00:00+00:00,6.16
2014-08-03 07:00:00+00:00,0.0
2014-08-03 08:00:00+00:00,-1.01
2014-08-03 09:00:00+00:00,-2.1
2014-08-03 10:00:00+00:00,-3.0
2014-08-03 11:00:00+00:00,-5.0
2014-08-03 12:00:00+00:00,-4.0
2014-08-03 13:00:00+00:00,-4.98
2014-08-03 14:00:00+00:00,-1.49
2014-08-03 15:00:00+00:00,-0.01
2014-08-03 16:00:00+00:00,0.01
2014-08-03 17:00:00+00:00,27.08
2014-08-03 18:00:00+00:00,78.2
2014-08-03 19:00:00+00:00,96.13
2014-08-03 20:00:00+00:00,97.4
2014-08-03 21:00:00+00:00,85.09
2014-08-03 22:00:00+00:00,80.99
2014-08-03 23:00:00+00:00,80.4
2014-08-04 00:00:00+00:00,80.0
2014-08-04 01:00:00+00:00,80.4
2014-08-04 02:00:00+00:00,85.27
2014-08-04 03:00:00+00:00,85.27
2014-08-04 04:00:00+00:00,95.67
2014-08-04 05:00:00+00:00,106.23
2014-08-04 06:00:00+00:00,97.81
2014-08-04 07:00:00+00:00,52.57
2014-08-04 08:00:00+00:00,30.0
2014-08-04 09:00:00+00:00,13.75
2014-08-04 10:00:00+00:00,6.76
2014-08-04 11:00:00+00:00,4.05
2014-08-04 12:00:00+00:00,3.52
2014-08-04 13:00:00+00:00,3.52
2014-08-04 14:00:00+00:00,5.79
2014-08-04 15:00:00+00:00,26.35
2014-08-04 16:00:00+00:00,38.94
2014-08-04 17:00:00+00:00,70.77
2014-08-04 18:00:00+00:00,103.25
2014-08-04 19:00:00+00:00,168.02
2014-08-04 20:00:00+00:00,138.8
2014-08-04 21:00:00+00:00,115.04
2014-08-04 22:00:00+00:00,140.7
2014-08-04 23:00:00+00:00,107.94
2014-08-05 00:00:00+00:00,95.4
2014-08-05 01:00:00+00:00,95.4
2014-08-05 02:00:00+00:00,94.5
2014-08-05 03:00:00+00:00,91.25
2014-08-05 04:00:00+00:00,101.42
2014-08-05 05:00:00+00:00,106.22
2014-08-05 06:00:00+00:00,80.0
2014-08-05 07:00:00+00:00,30.1
2014-08-05 08:00:00+00:00,5.0
2014-08-05 09:00:00+00:00,1.72
2014-08-05 10:00:00+00:00,0.8
2014-08-05 11:00:00+00:00,0.85
2014-08-05 12:00:00+00:00,1.0
2014-08-05 13:00:00+00:00,1.01
2014-08-05 14:00:00+00:00,1.72
2014-08-05 15:00:00+00:00,0.66
2014-08-05 16:00:00+00:00,3.0
2014-08-05 17:00:00+00:00,46.4
2014-08-05 18:00:00+00:00,83.4
2014-08-05 19:00:00+00:00,102.62
2014-08-05 20:00:00+00:00,98.36
2014-08-05 21:00:00+00:00,83.16
2014-08-05 22:00:00+00:00,80.97
2014-08-05 23:00:00+00:00,75.26
2014-08-06 00:00:00+00:00,80.0
2014-08-06 01:00:00+00:00,80.4
2014-08-06 02:00:00+00:00,85.72
2014-08-06 03:00:00+00:00,97.35
2014-08-06 04:00:00+00:00,94.0
2014-08-06 05:00:00+00:00,104.41
2014-08-06 06:00:00+00:00,97.35
2014-08-06 07:00:00+00:00,76.95
2014-08-06 08:00:00+00:00,51.0
2014-08-06 09:00:00+00:00,27.67
2014-08-06 10:00:00+00:00,28.4
2014-08-06 11:00:00+00:00,27.2
2014-08-06 12:00:00+00:00,27.2
2014-08-06 13:00:00+00:00,27.2
2014-08-06 14:00:00+00:00,28.8
2014-08-06 15:00:00+00:00,52.0
2014-08-06 16:00:00+00:00,80.32
2014-08-06 17:00:00+00:00,106.22
2014-08-06 18:00:00+00:00,114.64
2014-08-06 19:00:00+00:00,170.0
2014-08-06 20:00:00+00:00,150.01
2014-08-06 21:00:00+00:00,115.43
2014-08-06 22:00:00+00:00,116.95
2014-08-06 23:00:00+00:00,108.66
2014-08-07 00:00:00+00:00,105.0
2014-08-07 01:00:00+00:00,108.62
2014-08-07 02:00:00+00:00,107.96
2014-08-07 03:00:00+00:00,108.59
2014-08-07 04:00:00+00:00,114.7
2014-08-07 05:00:00+00:00,119.28
2014-08-07 06:00:00+00:00,119.22
2014-08-07 07:00:00+00:00,80.43
2014-08-07 08:00:00+00:00,50.0
2014-08-07 09:00:00+00:00,26.39
2014-08-07 10:00:00+00:00,26.39
2014-08-07 11:00:00+00:00,28.42
2014-08-07 12:00:00+00:00,27.2
2014-08-07 13:00:00+00:00,26.39
2014-08-07 14:00:00+00:00,27.2
2014-08-07 15:00:00+00:00,48.97
2014-08-07 16:00:00+00:00,70.0
2014-08-07 17:00:00+00:00,101.53
2014-08-07 18:00:00+00:00,115.42
2014-08-07 19:00:00+00:00,145.01
2014-08-07 20:00:00+00:00,125.16
2014-08-07 21:00:00+00:00,110.0
2014-08-07 22:00:00+00:00,106.54
2014-08-07 23:00:00+00:00,103.4
2014-08-08 00:00:00+00:00,104.4
2014-08-08 01:00:00+00:00,103.52
2014-08-08 02:00:00+00:00,102.39
2014-08-08 03:00:00+00:00,104.72
2014-08-08 04:00:00+00:00,105.68
2014-08-08 05:00:00+00:00,110.46
2014-08-08 06:00:00+00:00,104.72
2014-08-08 07:00:00+00:00,68.65
2014-08-08 08:00:00+00:00,41.13
2014-08-08 09:00:00+00:00,9.0
2014-08-08 10:00:00+00:00,5.0
2014-08-08 11:00:00+00:00,1.5
2014-08-08 12:00:00+00:00,1.5
2014-08-08 13:00:00+00:00,0.74
2014-08-08 14:00:00+00:00,10.49
2014-08-08 15:00:00+00:00,49.77
2014-08-08 16:00:00+00:00,68.62
2014-08-08 17:00:00+00:00,104.07
2014-08-08 18:00:00+00:00,109.9
2014-08-08 19:00:00+00:00,136.87
2014-08-08 20:00:00+00:00,115.97
2014-08-08 21:00:00+00:00,109.0
2014-08-08 22:00:00+00:00,105.43
2014-08-08 23:00:00+00:00,105.43
2014-08-09 00:00:00+00:00,105.43
2014-08-09 01:00:00+00:00,105.41
2014-08-09 02:00:00+00:00,104.72
2014-08-09 03:00:00+00:00,104.72
2014-08-09 04:00:00+00:00,110.7
2014-08-09 05:00:00+00:00,113.12
2014-08-09 06:00:00+00:00,102.07
2014-08-09 07:00:00+00:00,43.09
2014-08-09 08:00:00+00:00,0.85
2014-08-09 09:00:00+00:00,0.0
2014-08-09 10:00:00+00:00,-0.01
2014-08-09 11:00:00+00:00,0.0
2014-08-09 12:00:00+00:00,0.0
2014-08-09 13:00:00+00:00,-0.01
2014-08-09 14:00:00+00:00,0.0
2014-08-09 15:00:00+00:00,3.52
2014-08-09 16:00:00+00:00,28.61
2014-08-09 17:00:00+00:00,69.99
2014-08-09 18:00:00+00:00,94.0
2014-08-09 19:00:00+00:00,100.26
2014-08-09 20:00:00+00:00,96.64
2014-08-09 21:00:00+00:00,94.78
2014-08-09 22:00:00+00:00,104.72
2014-08-09 23:00:00+00:00,85.44
2014-08-10 00:00:00+00:00,79.0
2014-08-10 01:00:00+00:00,68.0
2014-08-10 02:00:00+00:00,85.0
2014-08-10 03:00:00+00:00,90.5
2014-08-10 04:00:00+00:00,96.44
2014-08-10 05:00:00+00:00,90.0
2014-08-10 06:00:00+00:00,49.9
2014-08-10 07:00:00+00:00,0.0
2014-08-10 08:00:00+00:00,-0.44
2014-08-10 09:00:00+00:00,-0.99
2014-08-10 10:00:00+00:00,-1.0
2014-08-10 11:00:00+00:00,-0.62
2014-08-10 12:00:00+00:00,-0.6
2014-08-10 13:00:00+00:00,-0.6
2014-08-10 14:00:00+00:00,-0.5
2014-08-10 15:00:00+00:00,1.72
2014-08-10 16:00:00+00:00,26.5
2014-08-10 17:00:00+00:00,80.5
2014-08-10 18:00:00+00:00,98.01
2014-08-10 19:00:00+00:00,130.0
2014-08-10 20:00:00+00:00,136.87
2014-08-10 21:00:00+00:00,112.98
2014-08-10 22:00:00+00:00,109.7
2014-08-10 23:00:00+00:00,100.43
2014-08-11 00:00:00+00:00,100.0
2014-08-11 01:00:00+00:00,99.89
2014-08-11 02:00:00+00:00,99.18
2014-08-11 03:00:00+00:00,99.89
2014-08-11 04:00:00+00:00,99.65
2014-08-11 05:00:00+00:00,105.43
2014-08-11 06:00:00+00:00,100.61
2014-08-11 07:00:00+00:00,63.6
2014-08-11 08:00:00+00:00,45.0
2014-08-11 09:00:00+00:00,22.51
2014-08-11 10:00:00+00:00,15.0
2014-08-11 11:00:00+00:00,15.0
2014-08-11 12:00:00+00:00,10.0
2014-08-11 13:00:00+00:00,9.0
2014-08-11 14:00:00+00:00,44.5
2014-08-11 15:00:00+00:00,57.97
2014-08-11 16:00:00+00:00,90.0
2014-08-11 17:00:00+00:00,111.24
2014-08-11 18:00:00+00:00,135.09
2014-08-11 19:00:00+00:00,144.41
2014-08-11 20:00:00+00:00,133.51
2014-08-11 21:00:00+00:00,110.91
2014-08-11 22:00:00+00:00,109.13
2014-08-11 23:00:00+00:00,99.94
2014-08-12 00:00:00+00:00,104.72
2014-08-12 01:00:00+00:00,104.38
2014-08-12 02:00:00+00:00,103.0
2014-08-12 03:00:00+00:00,104.38
2014-08-12 04:00:00+00:00,99.18
2014-08-12 05:00:00+00:00,109.7
2014-08-12 06:00:00+00:00,98.69
2014-08-12 07:00:00+00:00,96.13
2014-08-12 08:00:00+00:00,66.34
2014-08-12 09:00:00+00:00,40.94
2014-08-12 10:00:00+00:00,27.2
2014-08-12 11:00:00+00:00,26.28
2014-08-12 12:00:00+00:00,27.2
2014-08-12 13:00:00+00:00,35.05
2014-08-12 14:00:00+00:00,63.8
2014-08-12 15:00:00+00:00,85.82
2014-08-12 16:00:00+00:00,96.78
2014-08-12 17:00:00+00:00,121.86
2014-08-12 18:00:00+00:00,154.93
2014-08-12 19:00:00+00:00,140.81
2014-08-12 20:00:00+00:00,126.87
2014-08-12 21:00:00+00:00,109.7
2014-08-12 22:00:00+00:00,109.73
2014-08-12 23:00:00+00:00,110.7
2014-08-13 00:00:00+00:00,109.98
2014-08-13 01:00:00+00:00,105.55
2014-08-13 02:00:00+00:00,104.32
2014-08-13 03:00:00+00:00,104.32
2014-08-13 04:00:00+00:00,105.0
2014-08-13 05:00:00+00:00,121.17
2014-08-13 06:00:00+00:00,118.24
2014-08-13 07:00:00+00:00,94.1
2014-08-13 08:00:00+00:00,90.0
2014-08-13 09:00:00+00:00,71.0
2014-08-13 10:00:00+00:00,63.48
2014-08-13 11:00:00+00:00,60.0
2014-08-13 12:00:00+00:00,63.22
2014-08-13 13:00:00+00:00,70.9
2014-08-13 14:00:00+00:00,84.15
2014-08-13 15:00:00+00:00,93.1
2014-08-13 16:00:00+00:00,105.0
2014-08-13 17:00:00+00:00,107.23
2014-08-13 18:00:00+00:00,155.1
2014-08-13 19:00:00+00:00,153.0
2014-08-13 20:00:00+00:00,123.21
2014-08-13 21:00:00+00:00,106.27
2014-08-13 22:00:00+00:00,126.87
2014-08-13 23:00:00+00:00,115.7
2014-08-14 00:00:00+00:00,110.28
2014-08-14 01:00:00+00:00,105.27
2014-08-14 02:00:00+00:00,102.0
2014-08-14 03:00:00+00:00,101.12
2014-08-14 04:00:00+00:00,107.0
2014-08-14 05:00:00+00:00,109.65
2014-08-14 06:00:00+00:00,99.31
2014-08-14 07:00:00+00:00,90.92
2014-08-14 08:00:00+00:00,71.67
2014-08-14 09:00:00+00:00,67.4
2014-08-14 10:00:00+00:00,54.01
2014-08-14 11:00:00+00:00,40.91
2014-08-14 12:00:00+00:00,54.9
2014-08-14 13:00:00+00:00,69.43
2014-08-14 14:00:00+00:00,71.67
2014-08-14 15:00:00+00:00,80.0
2014-08-14 16:00:00+00:00,102.0
2014-08-14 17:00:00+00:00,115.78
2014-08-14 18:00:00+00:00,137.99
2014-08-14 19:00:00+00:00,149.02
2014-08-14 20:00:00+00:00,125.88
2014-08-14 21:00:00+00:00,111.92
2014-08-14 22:00:00+00:00,119.07
2014-08-14 23:00:00+00:00,105.3
2014-08-15 00:00:00+00:00,99.9
2014-08-15 01:00:00+00:00,96.22
2014-08-15 02:00:00+00:00,93.66
2014-08-15 03:00:00+00:00,91.16
2014-08-15 04:00:00+00:00,98.5
2014-08-15 05:00:00+00:00,97.52
2014-08-15 06:00:00+00:00,71.89
2014-08-15 07:00:00+00:00,43.97
2014-08-15 08:00:00+00:00,6.0
2014-08-15 09:00:00+00:00,3.0
2014-08-15 10:00:00+00:00,0.08
2014-08-15 11:00:00+00:00,0.0
2014-08-15 12:00:00+00:00,0.0
2014-08-15 13:00:00+00:00,1.72
2014-08-15 14:00:00+00:00,23.53
2014-08-15 15:00:00+00:00,33.23
2014-08-15 16:00:00+00:00,61.12
2014-08-15 17:00:00+00:00,100.82
2014-08-15 18:00:00+00:00,111.39
2014-08-15 19:00:00+00:00,144.75
2014-08-15 20:00:00+00:00,142.0
2014-08-15 21:00:00+00:00,117.63
2014-08-15 22:00:00+00:00,118.82
2014-08-15 23:00:00+00:00,114.32
2014-08-16 00:00:00+00:00,109.69
2014-08-16 01:00:00+00:00,105.0
2014-08-16 02:00:00+00:00,104.28
2014-08-16 03:00:00+00:00,105.35
2014-08-16 04:00:00+00:00,108.43
2014-08-16 05:00:00+00:00,111.19
2014-08-16 06:00:00+00:00,103.67
2014-08-16 07:00:00+00:00,60.93
2014-08-16 08:00:00+00:00,26.28
2014-08-16 09:00:00+00:00,3.8
2014-08-16 10:00:00+00:00,0.65
2014-08-16 11:00:00+00:00,0.65
2014-08-16 12:00:00+00:00,0.66
2014-08-16 13:00:00+00:00,1.1
2014-08-16 14:00:00+00:00,3.6
2014-08-16 15:00:00+00:00,21.52
2014-08-16 16:00:00+00:00,68.8
2014-08-16 17:00:00+00:00,100.0
2014-08-16 18:00:00+00:00,111.05
2014-08-16 19:00:00+00:00,144.0
2014-08-16 20:00:00+00:00,137.0
2014-08-16 21:00:00+00:00,117.65
2014-08-16 22:00:00+00:00,118.58
2014-08-16 23:00:00+00:00,113.12
2014-08-17 00:00:00+00:00,106.27
2014-08-17 01:00:00+00:00,104.59
2014-08-17 02:00:00+00:00,104.66
2014-08-17 03:00:00+00:00,105.01
2014-08-17 04:00:00+00:00,104.34
2014-08-17 05:00:00+00:00,96.99
2014-08-17 06:00:00+00:00,101.12
2014-08-17 07:00:00+00:00,27.2
2014-08-17 08:00:00+00:00,9.7
2014-08-17 09:00:00+00:00,0.65
2014-08-17 10:00:00+00:00,0.65
2014-08-17 11:00:00+00:00,0.65
2014-08-17 12:00:00+00:00,0.65
2014-08-17 13:00:00+00:00,0.65
2014-08-17 14:00:00+00:00,5.13
2014-08-17 15:00:00+00:00,16.72
2014-08-17 16:00:00+00:00,51.45
2014-08-17 17:00:00+00:00,94.03
2014-08-17 18:00:00+00:00,113.12
2014-08-17 19:00:00+00:00,124.65
2014-08-17 20:00:00+00:00,131.25
2014-08-17 21:00:00+00:00,117.67
2014-08-17 22:00:00+00:00,109.52
2014-08-17 23:00:00+00:00,105.54
2014-08-18 00:00:00+00:00,104.3
2014-08-18 01:00:00+00:00,103.1
2014-08-18 02:00:00+00:00,99.82
2014-08-18 03:00:00+00:00,101.12
2014-08-18 04:00:00+00:00,105.34
2014-08-18 05:00:00+00:00,106.54
2014-08-18 06:00:00+00:00,106.54
2014-08-18 07:00:00+00:00,104.56
2014-08-18 08:00:00+00:00,97.52
2014-08-18 09:00:00+00:00,75.59
2014-08-18 10:00:00+00:00,69.0
2014-08-18 11:00:00+00:00,69.0
2014-08-18 12:00:00+00:00,67.9
2014-08-18 13:00:00+00:00,60.0
2014-08-18 14:00:00+00:00,69.26
2014-08-18 15:00:00+00:00,84.53
2014-08-18 16:00:00+00:00,104.07
2014-08-18 17:00:00+00:00,115.06
2014-08-18 18:00:00+00:00,120.0
2014-08-18 19:00:00+00:00,120.76
2014-08-18 20:00:00+00:00,114.32
2014-08-18 21:00:00+00:00,106.84
2014-08-18 22:00:00+00:00,103.06
2014-08-18 23:00:00+00:00,101.12
2014-08-19 00:00:00+00:00,98.1
2014-08-19 01:00:00+00:00,92.41
2014-08-19 02:00:00+00:00,90.37
2014-08-19 03:00:00+00:00,91.4
2014-08-19 04:00:00+00:00,99.0
2014-08-19 05:00:00+00:00,102.82
2014-08-19 06:00:00+00:00,98.1
2014-08-19 07:00:00+00:00,88.57
2014-08-19 08:00:00+00:00,69.64
2014-08-19 09:00:00+00:00,43.23
2014-08-19 10:00:00+00:00,30.0
2014-08-19 11:00:00+00:00,29.14
2014-08-19 12:00:00+00:00,30.91
2014-08-19 13:00:00+00:00,40.54
2014-08-19 14:00:00+00:00,46.8
2014-08-19 15:00:00+00:00,48.7
2014-08-19 16:00:00+00:00,62.2
2014-08-19 17:00:00+00:00,88.97
2014-08-19 18:00:00+00:00,97.74
2014-08-19 19:00:00+00:00,106.85
2014-08-19 20:00:00+00:00,106.54
2014-08-19 21:00:00+00:00,99.0
2014-08-19 22:00:00+00:00,95.58
2014-08-19 23:00:00+00:00,88.03
2014-08-20 00:00:00+00:00,83.0
2014-08-20 01:00:00+00:00,81.0
2014-08-20 02:00:00+00:00,76.2
2014-08-20 03:00:00+00:00,82.0
2014-08-20 04:00:00+00:00,88.46
2014-08-20 05:00:00+00:00,96.54
2014-08-20 06:00:00+00:00,89.81
2014-08-20 07:00:00+00:00,71.55
2014-08-20 08:00:00+00:00,49.8
2014-08-20 09:00:00+00:00,49.9
2014-08-20 10:00:00+00:00,49.02
2014-08-20 11:00:00+00:00,35.0
2014-08-20 12:00:00+00:00,31.53
2014-08-20 13:00:00+00:00,27.2
2014-08-20 14:00:00+00:00,27.99
2014-08-20 15:00:00+00:00,37.0
2014-08-20 16:00:00+00:00,49.27
2014-08-20 17:00:00+00:00,69.27
2014-08-20 18:00:00+00:00,78.73
2014-08-20 19:00:00+00:00,100.07
2014-08-20 20:00:00+00:00,97.52
2014-08-20 21:00:00+00:00,84.98
2014-08-20 22:00:00+00:00,95.28
2014-08-20 23:00:00+00:00,88.88
2014-08-21 00:00:00+00:00,85.26
2014-08-21 01:00:00+00:00,83.68
2014-08-21 02:00:00+00:00,82.1
2014-08-21 03:00:00+00:00,84.0
2014-08-21 04:00:00+00:00,85.82
2014-08-21 05:00:00+00:00,101.12
2014-08-21 06:00:00+00:00,85.26
2014-08-21 07:00:00+00:00,50.2
2014-08-21 08:00:00+00:00,25.67
2014-08-21 09:00:00+00:00,10.0
2014-08-21 10:00:00+00:00,7.89
2014-08-21 11:00:00+00:00,5.11
2014-08-21 12:00:00+00:00,5.11
2014-08-21 13:00:00+00:00,3.52
2014-08-21 14:00:00+00:00,5.79
2014-08-21 15:00:00+00:00,6.0
2014-08-21 16:00:00+00:00,25.0
2014-08-21 17:00:00+00:00,50.0
2014-08-21 18:00:00+00:00,77.84
2014-08-21 19:00:00+00:00,83.26
2014-08-21 20:00:00+00:00,75.0
2014-08-21 21:00:00+00:00,71.6
2014-08-21 22:00:00+00:00,77.1
2014-08-21 23:00:00+00:00,72.0
2014-08-22 00:00:00+00:00,68.01
2014-08-22 01:00:00+00:00,65.2
2014-08-22 02:00:00+00:00,70.01
2014-08-22 03:00:00+00:00,69.81
2014-08-22 04:00:00+00:00,71.03
2014-08-22 05:00:00+00:00,78.06
2014-08-22 06:00:00+00:00,75.1
2014-08-22 07:00:00+00:00,49.67
2014-08-22 08:00:00+00:00,15.57
2014-08-22 09:00:00+00:00,5.11
2014-08-22 10:00:00+00:00,4.31
2014-08-22 11:00:00+00:00,5.79
2014-08-22 12:00:00+00:00,5.37
2014-08-22 13:00:00+00:00,5.01
2014-08-22 14:00:00+00:00,5.79
2014-08-22 15:00:00+00:00,20.0
2014-08-22 16:00:00+00:00,35.2
2014-08-22 17:00:00+00:00,84.56
2014-08-22 18:00:00+00:00,104.53
2014-08-22 19:00:00+00:00,103.49
2014-08-22 20:00:00+00:00,101.59
2014-08-22 21:00:00+00:00,94.37
2014-08-22 22:00:00+00:00,95.33
2014-08-22 23:00:00+00:00,89.32
2014-08-23 00:00:00+00:00,80.94
2014-08-23 01:00:00+00:00,78.21
2014-08-23 02:00:00+00:00,76.06
2014-08-23 03:00:00+00:00,79.1
2014-08-23 04:00:00+00:00,84.28
2014-08-23 05:00:00+00:00,86.42
2014-08-23 06:00:00+00:00,79.15
2014-08-23 07:00:00+00:00,55.02
2014-08-23 08:00:00+00:00,15.85
2014-08-23 09:00:00+00:00,3.46
2014-08-23 10:00:00+00:00,1.82
2014-08-23 11:00:00+00:00,0.75
2014-08-23 12:00:00+00:00,0.65
2014-08-23 13:00:00+00:00,3.52
2014-08-23 14:00:00+00:00,11.99
2014-08-23 15:00:00+00:00,38.38
2014-08-23 16:00:00+00:00,64.64
2014-08-23 17:00:00+00:00,106.96
2014-08-23 18:00:00+00:00,118.85
2014-08-23 19:00:00+00:00,130.87
2014-08-23 20:00:00+00:00,111.16
2014-08-23 21:00:00+00:00,108.96
2014-08-23 22:00:00+00:00,106.0
2014-08-23 23:00:00+00:00,101.12
2014-08-24 00:00:00+00:00,97.52
2014-08-24 01:00:00+00:00,94.24
2014-08-24 02:00:00+00:00,93.76
2014-08-24 03:00:00+00:00,94.0
2014-08-24 04:00:00+00:00,94.24
2014-08-24 05:00:00+00:00,95.96
2014-08-24 06:00:00+00:00,75.0
2014-08-24 07:00:00+00:00,25.0
2014-08-24 08:00:00+00:00,0.0
2014-08-24 09:00:00+00:00,-0.05
2014-08-24 10:00:00+00:00,-0.6
2014-08-24 11:00:00+00:00,-0.6
2014-08-24 12:00:00+00:00,-0.5
2014-08-24 13:00:00+00:00,-0.1
2014-08-24 14:00:00+00:00,0.0
2014-08-24 15:00:00+00:00,12.93
2014-08-24 16:00:00+00:00,61.15
2014-08-24 17:00:00+00:00,98.57
2014-08-24 18:00:00+00:00,114.99
2014-08-24 19:00:00+00:00,114.32
2014-08-24 20:00:00+00:00,111.92
2014-08-24 21:00:00+00:00,105.77
2014-08-24 22:00:00+00:00,111.92
2014-08-24 23:00:00+00:00,107.5
2014-08-25 00:00:00+00:00,104.99
2014-08-25 01:00:00+00:00,101.12
2014-08-25 02:00:00+00:00,98.35
2014-08-25 03:00:00+00:00,104.99
2014-08-25 04:00:00+00:00,108.73
2014-08-25 05:00:00+00:00,114.32
2014-08-25 06:00:00+00:00,114.32
2014-08-25 07:00:00+00:00,108.32
2014-08-25 08:00:00+00:00,89.51
2014-08-25 09:00:00+00:00,65.01
2014-08-25 10:00:00+00:00,55.2
2014-08-25 11:00:00+00:00,35.0
2014-08-25 12:00:00+00:00,26.17
2014-08-25 13:00:00+00:00,25.2
2014-08-25 14:00:00+00:00,56.43
2014-08-25 15:00:00+00:00,70.1
2014-08-25 16:00:00+00:00,97.43
2014-08-25 17:00:00+00:00,114.78
2014-08-25 18:00:00+00:00,125.95
2014-08-25 19:00:00+00:00,142.0
2014-08-25 20:00:00+00:00,123.11
2014-08-25 21:00:00+00:00,114.68
2014-08-25 22:00:00+00:00,106.76
2014-08-25 23:00:00+00:00,102.4
2014-08-26 00:00:00+00:00,99.99
2014-08-26 01:00:00+00:00,99.6
2014-08-26 02:00:00+00:00,100.78
2014-08-26 03:00:00+00:00,102.4
2014-08-26 04:00:00+00:00,109.52
2014-08-26 05:00:00+00:00,125.95
2014-08-26 06:00:00+00:00,112.79
2014-08-26 07:00:00+00:00,97.52
2014-08-26 08:00:00+00:00,70.0
2014-08-26 09:00:00+00:00,60.65
2014-08-26 10:00:00+00:00,41.25
2014-08-26 11:00:00+00:00,26.28
2014-08-26 12:00:00+00:00,38.05
2014-08-26 13:00:00+00:00,47.44
2014-08-26 14:00:00+00:00,60.0
2014-08-26 15:00:00+00:00,65.03
2014-08-26 16:00:00+00:00,76.1
2014-08-26 17:00:00+00:00,103.14
2014-08-26 18:00:00+00:00,117.0
2014-08-26 19:00:00+00:00,123.46
2014-08-26 20:00:00+00:00,113.12
2014-08-26 21:00:00+00:00,106.79
2014-08-26 22:00:00+00:00,109.1
2014-08-26 23:00:00+00:00,102.84
2014-08-27 00:00:00+00:00,101.12
2014-08-27 01:00:00+00:00,97.54
2014-08-27 02:00:00+00:00,93.05
2014-08-27 03:00:00+00:00,93.05
2014-08-27 04:00:00+00:00,102.84
2014-08-27 05:00:00+00:00,113.12
2014-08-27 06:00:00+00:00,113.64
2014-08-27 07:00:00+00:00,101.63
2014-08-27 08:00:00+00:00,85.21
2014-08-27 09:00:00+00:00,77.75
2014-08-27 10:00:00+00:00,63.65
2014-08-27 11:00:00+00:00,49.85
2014-08-27 12:00:00+00:00,50.62
2014-08-27 13:00:00+00:00,50.62
2014-08-27 14:00:00+00:00,51.14
2014-08-27 15:00:00+00:00,51.4
2014-08-27 16:00:00+00:00,64.9
2014-08-27 17:00:00+00:00,99.0
2014-08-27 18:00:00+00:00,109.1
2014-08-27 19:00:00+00:00,114.32
2014-08-27 20:00:00+00:00,113.63
2014-08-27 21:00:00+00:00,103.57
2014-08-27 22:00:00+00:00,97.15
2014-08-27 23:00:00+00:00,90.14
2014-08-28 00:00:00+00:00,86.07
2014-08-28 01:00:00+00:00,73.25
2014-08-28 02:00:00+00:00,69.4
2014-08-28 03:00:00+00:00,76.42
2014-08-28 04:00:00+00:00,83.38
2014-08-28 05:00:00+00:00,90.38
2014-08-28 06:00:00+00:00,90.38
2014-08-28 07:00:00+00:00,69.4
2014-08-28 08:00:00+00:00,17.35
2014-08-28 09:00:00+00:00,3.52
2014-08-28 10:00:00+00:00,1.72
2014-08-28 11:00:00+00:00,1.5
2014-08-28 12:00:00+00:00,0.65
2014-08-28 13:00:00+00:00,0.01
2014-08-28 14:00:00+00:00,0.65
2014-08-28 15:00:00+00:00,1.5
2014-08-28 16:00:00+00:00,5.11
2014-08-28 17:00:00+00:00,65.28
2014-08-28 18:00:00+00:00,90.0
2014-08-28 19:00:00+00:00,97.08
2014-08-28 20:00:00+00:00,93.77
2014-08-28 21:00:00+00:00,88.09
2014-08-28 22:00:00+00:00,82.7
2014-08-28 23:00:00+00:00,79.64
2014-08-29 00:00:00+00:00,72.2
2014-08-29 01:00:00+00:00,60.0
2014-08-29 02:00:00+00:00,54.43
2014-08-29 03:00:00+00:00,54.6
2014-08-29 04:00:00+00:00,75.01
2014-08-29 05:00:00+00:00,80.2
2014-08-29 06:00:00+00:00,70.09
2014-08-29 07:00:00+00:00,42.47
2014-08-29 08:00:00+00:00,5.0
2014-08-29 09:00:00+00:00,0.83
2014-08-29 10:00:00+00:00,0.65
2014-08-29 11:00:00+00:00,0.01
2014-08-29 12:00:00+00:00,0.0
2014-08-29 13:00:00+00:00,0.0
2014-08-29 14:00:00+00:00,0.0
2014-08-29 15:00:00+00:00,0.0
2014-08-29 16:00:00+00:00,3.52
2014-08-29 17:00:00+00:00,53.55
2014-08-29 18:00:00+00:00,81.8
2014-08-29 19:00:00+00:00,100.01
2014-08-29 20:00:00+00:00,95.14
2014-08-29 21:00:00+00:00,86.17
2014-08-29 22:00:00+00:00,91.56
2014-08-29 23:00:00+00:00,86.64
2014-08-30 00:00:00+00:00,87.56
2014-08-30 01:00:00+00:00,83.48
2014-08-30 02:00:00+00:00,80.88
2014-08-30 03:00:00+00:00,80.64
2014-08-30 04:00:00+00:00,85.06
2014-08-30 05:00:00+00:00,88.29
2014-08-30 06:00:00+00:00,77.0
2014-08-30 07:00:00+00:00,32.0
2014-08-30 08:00:00+00:00,9.5
2014-08-30 09:00:00+00:00,0.65
2014-08-30 10:00:00+00:00,0.0
2014-08-30 11:00:00+00:00,-0.01
2014-08-30 12:00:00+00:00,-0.01
2014-08-30 13:00:00+00:00,0.0
2014-08-30 14:00:00+00:00,0.0
2014-08-30 15:00:00+00:00,0.0
2014-08-30 16:00:00+00:00,8.16
2014-08-30 17:00:00+00:00,57.97
2014-08-30 18:00:00+00:00,89.93
2014-08-30 19:00:00+00:00,107.12
2014-08-30 20:00:00+00:00,101.12
2014-08-30 21:00:00+00:00,95.0
2014-08-30 22:00:00+00:00,81.06
2014-08-30 23:00:00+00:00,75.4
2014-08-31 00:00:00+00:00,70.5
2014-08-31 01:00:00+00:00,67.0
2014-08-31 02:00:00+00:00,70.12
2014-08-31 03:00:00+00:00,70.12
2014-08-31 04:00:00+00:00,70.12
2014-08-31 05:00:00+00:00,75.4
2014-08-31 06:00:00+00:00,45.0
2014-08-31 07:00:00+00:00,3.6
2014-08-31 08:00:00+00:00,0.0
2014-08-31 09:00:00+00:00,-0.01
2014-08-31 10:00:00+00:00,-0.08
2014-08-31 11:00:00+00:00,-0.95
2014-08-31 12:00:00+00:00,-0.6
2014-08-31 13:00:00+00:00,-0.62
2014-08-31 14:00:00+00:00,-0.98
2014-08-31 15:00:00+00:00,-0.27
2014-08-31 16:00:00+00:00,0.0
2014-08-31 17:00:00+00:00,3.52
2014-08-31 18:00:00+00:00,59.55
2014-08-31 19:00:00+00:00,73.88
2014-08-31 20:00:00+00:00,71.4
2014-08-31 21:00:00+00:00,62.0
2014-08-31 22:00:00+00:00,35.79
2014-08-31 23:00:00+00:00,18.07
2014-09-01 00:00:00+00:00,22.34
2014-09-01 01:00:00+00:00,17.64
2014-09-01 02:00:00+00:00,15.0
2014-09-01 03:00:00+00:00,25.21
2014-09-01 04:00:00+00:00,33.23
2014-09-01 05:00:00+00:00,53.18
2014-09-01 06:00:00+00:00,64.0
2014-09-01 07:00:00+00:00,35.79
2014-09-01 08:00:00+00:00,3.52
2014-09-01 09:00:00+00:00,0.0
2014-09-01 10:00:00+00:00,0.0
2014-09-01 11:00:00+00:00,0.0
2014-09-01 12:00:00+00:00,0.0
2014-09-01 13:00:00+00:00,0.0
2014-09-01 14:00:00+00:00,0.0
2014-09-01 15:00:00+00:00,0.0
2014-09-01 16:00:00+00:00,3.52
2014-09-01 17:00:00+00:00,55.0
2014-09-01 18:00:00+00:00,80.0
2014-09-01 19:00:00+00:00,100.01
2014-09-01 20:00:00+00:00,92.8
2014-09-01 21:00:00+00:00,80.0
2014-09-01 22:00:00+00:00,100.86
2014-09-01 23:00:00+00:00,95.0
2014-09-02 00:00:00+00:00,87.2
2014-09-02 01:00:00+00:00,81.88
2014-09-02 02:00:00+00:00,80.3
2014-09-02 03:00:00+00:00,80.3
2014-09-02 04:00:00+00:00,81.55
2014-09-02 05:00:00+00:00,95.15
2014-09-02 06:00:00+00:00,87.2
2014-09-02 07:00:00+00:00,39.0
2014-09-02 08:00:00+00:00,7.96
2014-09-02 09:00:00+00:00,1.2
2014-09-02 10:00:00+00:00,1.5
2014-09-02 11:00:00+00:00,0.65
2014-09-02 12:00:00+00:00,0.21
2014-09-02 13:00:00+00:00,1.5
2014-09-02 14:00:00+00:00,3.52
2014-09-02 15:00:00+00:00,14.0
2014-09-02 16:00:00+00:00,32.89
2014-09-02 17:00:00+00:00,84.0
2014-09-02 18:00:00+00:00,109.52
2014-09-02 19:00:00+00:00,160.0
2014-09-02 20:00:00+00:00,116.72
2014-09-02 21:00:00+00:00,104.22
2014-09-02 22:00:00+00:00,105.23
2014-09-02 23:00:00+00:00,95.0
2014-09-03 00:00:00+00:00,85.0
2014-09-03 01:00:00+00:00,80.5
2014-09-03 02:00:00+00:00,76.05
2014-09-03 03:00:00+00:00,76.05
2014-09-03 04:00:00+00:00,83.22
2014-09-03 05:00:00+00:00,93.0
2014-09-03 06:00:00+00:00,83.22
2014-09-03 07:00:00+00:00,17.5
2014-09-03 08:00:00+00:00,0.0
2014-09-03 09:00:00+00:00,-0.01
2014-09-03 10:00:00+00:00,-0.01
2014-09-03 11:00:00+00:00,-0.02
2014-09-03 12:00:00+00:00,-0.02
2014-09-03 13:00:00+00:00,-0.01
2014-09-03 14:00:00+00:00,-0.01
2014-09-03 15:00:00+00:00,0.0
2014-09-03 16:00:00+00:00,12.85
2014-09-03 17:00:00+00:00,70.0
2014-09-03 18:00:00+00:00,103.13
2014-09-03 19:00:00+00:00,133.45
2014-09-03 20:00:00+00:00,107.43
2014-09-03 21:00:00+00:00,100.86
2014-09-03 22:00:00+00:00,91.24
2014-09-03 23:00:00+00:00,85.0
2014-09-04 00:00:00+00:00,79.91
2014-09-04 01:00:00+00:00,72.27
2014-09-04 02:00:00+00:00,70.0
2014-09-04 03:00:00+00:00,70.7
2014-09-04 04:00:00+00:00,81.02
2014-09-04 05:00:00+00:00,103.55
2014-09-04 06:00:00+00:00,93.53
2014-09-04 07:00:00+00:00,50.0
2014-09-04 08:00:00+00:00,18.07
2014-09-04 09:00:00+00:00,5.79
2014-09-04 10:00:00+00:00,3.2
2014-09-04 11:00:00+00:00,1.72
2014-09-04 12:00:00+00:00,1.6
2014-09-04 13:00:00+00:00,1.55
2014-09-04 14:00:00+00:00,3.7
2014-09-04 15:00:00+00:00,7.01
2014-09-04 16:00:00+00:00,28.19
2014-09-04 17:00:00+00:00,66.04
2014-09-04 18:00:00+00:00,102.5
2014-09-04 19:00:00+00:00,112.99
2014-09-04 20:00:00+00:00,100.45
2014-09-04 21:00:00+00:00,85.5
2014-09-04 22:00:00+00:00,89.25
2014-09-04 23:00:00+00:00,79.02
2014-09-05 00:00:00+00:00,65.0
2014-09-05 01:00:00+00:00,60.0
2014-09-05 02:00:00+00:00,53.31
2014-09-05 03:00:00+00:00,60.0
2014-09-05 04:00:00+00:00,76.79
2014-09-05 05:00:00+00:00,89.99
2014-09-05 06:00:00+00:00,88.22
2014-09-05 07:00:00+00:00,79.1
2014-09-05 08:00:00+00:00,35.0
2014-09-05 09:00:00+00:00,10.0
2014-09-05 10:00:00+00:00,3.52
2014-09-05 11:00:00+00:00,3.52
2014-09-05 12:00:00+00:00,1.03
2014-09-05 13:00:00+00:00,0.65
2014-09-05 14:00:00+00:00,0.85
2014-09-05 15:00:00+00:00,3.52
2014-09-05 16:00:00+00:00,45.23
2014-09-05 17:00:00+00:00,89.25
2014-09-05 18:00:00+00:00,103.97
2014-09-05 19:00:00+00:00,107.1
2014-09-05 20:00:00+00:00,95.0
2014-09-05 21:00:00+00:00,88.38
2014-09-05 22:00:00+00:00,74.64
2014-09-05 23:00:00+00:00,58.78
2014-09-06 00:00:00+00:00,48.71
2014-09-06 01:00:00+00:00,39.9
2014-09-06 02:00:00+00:00,34.8
2014-09-06 03:00:00+00:00,33.46
2014-09-06 04:00:00+00:00,35.0
2014-09-06 05:00:00+00:00,42.0
2014-09-06 06:00:00+00:00,34.9
2014-09-06 07:00:00+00:00,15.23
2014-09-06 08:00:00+00:00,1.72
2014-09-06 09:00:00+00:00,0.0
2014-09-06 10:00:00+00:00,-0.02
2014-09-06 11:00:00+00:00,-0.86
2014-09-06 12:00:00+00:00,-0.99
2014-09-06 13:00:00+00:00,-0.16
2014-09-06 14:00:00+00:00,-0.02
2014-09-06 15:00:00+00:00,0.0
2014-09-06 16:00:00+00:00,0.0
2014-09-06 17:00:00+00:00,24.37
2014-09-06 18:00:00+00:00,42.0
2014-09-06 19:00:00+00:00,58.54
2014-09-06 20:00:00+00:00,55.44
2014-09-06 21:00:00+00:00,39.5
2014-09-06 22:00:00+00:00,23.0
2014-09-06 23:00:00+00:00,14.0
2014-09-07 00:00:00+00:00,25.15
2014-09-07 01:00:00+00:00,21.0
2014-09-07 02:00:00+00:00,18.32
2014-09-07 03:00:00+00:00,26.28
2014-09-07 04:00:00+00:00,14.0
2014-09-07 05:00:00+00:00,19.99
2014-09-07 06:00:00+00:00,26.5
2014-09-07 07:00:00+00:00,25.3
2014-09-07 08:00:00+00:00,4.96
2014-09-07 09:00:00+00:00,0.66
2014-09-07 10:00:00+00:00,0.0
2014-09-07 11:00:00+00:00,0.01
2014-09-07 12:00:00+00:00,0.16
2014-09-07 13:00:00+00:00,0.0
2014-09-07 14:00:00+00:00,0.65
2014-09-07 15:00:00+00:00,6.08
2014-09-07 16:00:00+00:00,47.5
2014-09-07 17:00:00+00:00,79.02
2014-09-07 18:00:00+00:00,98.21
2014-09-07 19:00:00+00:00,111.56
2014-09-07 20:00:00+00:00,104.9
2014-09-07 21:00:00+00:00,97.0
2014-09-07 22:00:00+00:00,104.5
2014-09-07 23:00:00+00:00,94.5
2014-09-08 00:00:00+00:00,91.54
2014-09-08 01:00:00+00:00,85.52
2014-09-08 02:00:00+00:00,80.94
2014-09-08 03:00:00+00:00,81.97
2014-09-08 04:00:00+00:00,92.02
2014-09-08 05:00:00+00:00,104.45
2014-09-08 06:00:00+00:00,108.36
2014-09-08 07:00:00+00:00,98.21
2014-09-08 08:00:00+00:00,85.83
2014-09-08 09:00:00+00:00,63.0
2014-09-08 10:00:00+00:00,52.01
2014-09-08 11:00:00+00:00,38.56
2014-09-08 12:00:00+00:00,27.2
2014-09-08 13:00:00+00:00,27.08
2014-09-08 14:00:00+00:00,27.2
2014-09-08 15:00:00+00:00,48.64
2014-09-08 16:00:00+00:00,73.08
2014-09-08 17:00:00+00:00,91.15
2014-09-08 18:00:00+00:00,98.21
2014-09-08 19:00:00+00:00,95.26
2014-09-08 20:00:00+00:00,90.51
2014-09-08 21:00:00+00:00,73.08
2014-09-08 22:00:00+00:00,63.33
2014-09-08 23:00:00+00:00,63.33
2014-09-09 00:00:00+00:00,61.51
2014-09-09 01:00:00+00:00,61.51
2014-09-09 02:00:00+00:00,61.51
2014-09-09 03:00:00+00:00,69.45
2014-09-09 04:00:00+00:00,83.09
2014-09-09 05:00:00+00:00,96.1
2014-09-09 06:00:00+00:00,96.44
2014-09-09 07:00:00+00:00,80.71
2014-09-09 08:00:00+00:00,54.93
2014-09-09 09:00:00+00:00,30.22
2014-09-09 10:00:00+00:00,26.0
2014-09-09 11:00:00+00:00,19.25
2014-09-09 12:00:00+00:00,17.19
2014-09-09 13:00:00+00:00,8.91
2014-09-09 14:00:00+00:00,16.57
2014-09-09 15:00:00+00:00,30.0
2014-09-09 16:00:00+00:00,56.0
2014-09-09 17:00:00+00:00,90.0
2014-09-09 18:00:00+00:00,111.37
2014-09-09 19:00:00+00:00,120.0
2014-09-09 20:00:00+00:00,110.0
2014-09-09 21:00:00+00:00,98.07
2014-09-09 22:00:00+00:00,89.94
2014-09-09 23:00:00+00:00,83.09
2014-09-10 00:00:00+00:00,83.09
2014-09-10 01:00:00+00:00,81.1
2014-09-10 02:00:00+00:00,72.99
2014-09-10 03:00:00+00:00,66.0
2014-09-10 04:00:00+00:00,77.5
2014-09-10 05:00:00+00:00,84.26
2014-09-10 06:00:00+00:00,75.99
2014-09-10 07:00:00+00:00,45.1
2014-09-10 08:00:00+00:00,8.0
2014-09-10 09:00:00+00:00,0.0
2014-09-10 10:00:00+00:00,0.0
2014-09-10 11:00:00+00:00,-0.01
2014-09-10 12:00:00+00:00,-0.01
2014-09-10 13:00:00+00:00,-0.01
2014-09-10 14:00:00+00:00,-0.01
2014-09-10 15:00:00+00:00,4.9
2014-09-10 16:00:00+00:00,23.09
2014-09-10 17:00:00+00:00,62.17
2014-09-10 18:00:00+00:00,96.0
2014-09-10 19:00:00+00:00,105.01
2014-09-10 20:00:00+00:00,96.26
2014-09-10 21:00:00+00:00,83.09
2014-09-10 22:00:00+00:00,85.0
2014-09-10 23:00:00+00:00,78.35
2014-09-11 00:00:00+00:00,67.3
2014-09-11 01:00:00+00:00,67.3
2014-09-11 02:00:00+00:00,70.0
2014-09-11 03:00:00+00:00,74.0
2014-09-11 04:00:00+00:00,78.84
2014-09-11 05:00:00+00:00,98.3
2014-09-11 06:00:00+00:00,88.07
2014-09-11 07:00:00+00:00,45.1
2014-09-11 08:00:00+00:00,0.03
2014-09-11 09:00:00+00:00,-0.01
2014-09-11 10:00:00+00:00,-0.01
2014-09-11 11:00:00+00:00,-0.01
2014-09-11 12:00:00+00:00,-0.01
2014-09-11 13:00:00+00:00,-0.01
2014-09-11 14:00:00+00:00,-0.01
2014-09-11 15:00:00+00:00,0.0
2014-09-11 16:00:00+00:00,7.05
2014-09-11 17:00:00+00:00,88.12
2014-09-11 18:00:00+00:00,106.3
2014-09-11 19:00:00+00:00,140.0
2014-09-11 20:00:00+00:00,111.82
2014-09-11 21:00:00+00:00,100.44
2014-09-11 22:00:00+00:00,105.0
2014-09-11 23:00:00+00:00,95.03
2014-09-12 00:00:00+00:00,93.8
2014-09-12 01:00:00+00:00,93.02
2014-09-12 02:00:00+00:00,93.02
2014-09-12 03:00:00+00:00,95.03
2014-09-12 04:00:00+00:00,105.98
2014-09-12 05:00:00+00:00,143.15
2014-09-12 06:00:00+00:00,115.35
2014-09-12 07:00:00+00:00,93.84
2014-09-12 08:00:00+00:00,60.97
2014-09-12 09:00:00+00:00,19.57
2014-09-12 10:00:00+00:00,4.5
2014-09-12 11:00:00+00:00,2.5
2014-09-12 12:00:00+00:00,1.5
2014-09-12 13:00:00+00:00,0.75
2014-09-12 14:00:00+00:00,3.52
2014-09-12 15:00:00+00:00,19.68
2014-09-12 16:00:00+00:00,46.8
2014-09-12 17:00:00+00:00,93.26
2014-09-12 18:00:00+00:00,123.45
2014-09-12 19:00:00+00:00,143.03
2014-09-12 20:00:00+00:00,105.01
2014-09-12 21:00:00+00:00,97.35
2014-09-12 22:00:00+00:00,102.3
2014-09-12 23:00:00+00:00,99.54
2014-09-13 00:00:00+00:00,97.96
2014-09-13 01:00:00+00:00,97.84
2014-09-13 02:00:00+00:00,96.68
2014-09-13 03:00:00+00:00,92.0
2014-09-13 04:00:00+00:00,94.98
2014-09-13 05:00:00+00:00,100.02
2014-09-13 06:00:00+00:00,99.78
2014-09-13 07:00:00+00:00,69.04
2014-09-13 08:00:00+00:00,9.62
2014-09-13 09:00:00+00:00,2.37
2014-09-13 10:00:00+00:00,0.0
2014-09-13 11:00:00+00:00,-0.01
2014-09-13 12:00:00+00:00,-0.01
2014-09-13 13:00:00+00:00,0.0
2014-09-13 14:00:00+00:00,0.0
2014-09-13 15:00:00+00:00,0.65
2014-09-13 16:00:00+00:00,14.0
2014-09-13 17:00:00+00:00,82.86
2014-09-13 18:00:00+00:00,100.13
2014-09-13 19:00:00+00:00,106.11
2014-09-13 20:00:00+00:00,99.3
2014-09-13 21:00:00+00:00,95.1
2014-09-13 22:00:00+00:00,75.0
2014-09-13 23:00:00+00:00,66.23
2014-09-14 00:00:00+00:00,65.29
2014-09-14 01:00:00+00:00,65.3
2014-09-14 02:00:00+00:00,65.81
2014-09-14 03:00:00+00:00,71.54
2014-09-14 04:00:00+00:00,71.54
2014-09-14 05:00:00+00:00,77.57
2014-09-14 06:00:00+00:00,66.23
2014-09-14 07:00:00+00:00,23.58
2014-09-14 08:00:00+00:00,5.01
2014-09-14 09:00:00+00:00,0.0
2014-09-14 10:00:00+00:00,0.0
2014-09-14 11:00:00+00:00,0.0
2014-09-14 12:00:00+00:00,-0.01
2014-09-14 13:00:00+00:00,0.0
2014-09-14 14:00:00+00:00,0.0
2014-09-14 15:00:00+00:00,1.1
2014-09-14 16:00:00+00:00,15.65
2014-09-14 17:00:00+00:00,67.3
2014-09-14 18:00:00+00:00,103.81
2014-09-14 19:00:00+00:00,126.13
2014-09-14 20:00:00+00:00,106.01
2014-09-14 21:00:00+00:00,99.84
2014-09-14 22:00:00+00:00,97.03
2014-09-14 23:00:00+00:00,94.95
2014-09-15 00:00:00+00:00,90.0
2014-09-15 01:00:00+00:00,89.0
2014-09-15 02:00:00+00:00,87.82
2014-09-15 03:00:00+00:00,94.17
2014-09-15 04:00:00+00:00,97.33
2014-09-15 05:00:00+00:00,120.83
2014-09-15 06:00:00+00:00,124.0
2014-09-15 07:00:00+00:00,84.2
2014-09-15 08:00:00+00:00,35.1
2014-09-15 09:00:00+00:00,7.63
2014-09-15 10:00:00+00:00,8.0
2014-09-15 11:00:00+00:00,4.5
2014-09-15 12:00:00+00:00,2.5
2014-09-15 13:00:00+00:00,3.52
2014-09-15 14:00:00+00:00,4.96
2014-09-15 15:00:00+00:00,16.0
2014-09-15 16:00:00+00:00,43.99
2014-09-15 17:00:00+00:00,94.17
2014-09-15 18:00:00+00:00,110.0
2014-09-15 19:00:00+00:00,110.96
2014-09-15 20:00:00+00:00,98.5
2014-09-15 21:00:00+00:00,85.97
2014-09-15 22:00:00+00:00,80.01
2014-09-15 23:00:00+00:00,77.99
2014-09-16 00:00:00+00:00,72.03
2014-09-16 01:00:00+00:00,73.35
2014-09-16 02:00:00+00:00,80.0
2014-09-16 03:00:00+00:00,84.2
2014-09-16 04:00:00+00:00,99.9
2014-09-16 05:00:00+00:00,111.87
2014-09-16 06:00:00+00:00,111.84
2014-09-16 07:00:00+00:00,93.89
2014-09-16 08:00:00+00:00,38.1
2014-09-16 09:00:00+00:00,15.2
2014-09-16 10:00:00+00:00,9.14
2014-09-16 11:00:00+00:00,9.14
2014-09-16 12:00:00+00:00,5.76
2014-09-16 13:00:00+00:00,3.52
2014-09-16 14:00:00+00:00,9.14
2014-09-16 15:00:00+00:00,38.14
2014-09-16 16:00:00+00:00,69.29
2014-09-16 17:00:00+00:00,109.03
2014-09-16 18:00:00+00:00,134.29
2014-09-16 19:00:00+00:00,198.95
2014-09-16 20:00:00+00:00,111.84
2014-09-16 21:00:00+00:00,104.5
2014-09-16 22:00:00+00:00,107.12
2014-09-16 23:00:00+00:00,104.78
2014-09-17 00:00:00+00:00,102.9
2014-09-17 01:00:00+00:00,99.91
2014-09-17 02:00:00+00:00,98.5
2014-09-17 03:00:00+00:00,102.0
2014-09-17 04:00:00+00:00,104.78
2014-09-17 05:00:00+00:00,118.56
2014-09-17 06:00:00+00:00,112.08
2014-09-17 07:00:00+00:00,95.05
2014-09-17 08:00:00+00:00,57.9
2014-09-17 09:00:00+00:00,37.6
2014-09-17 10:00:00+00:00,19.68
2014-09-17 11:00:00+00:00,19.57
2014-09-17 12:00:00+00:00,15.1
2014-09-17 13:00:00+00:00,16.4
2014-09-17 14:00:00+00:00,20.33
2014-09-17 15:00:00+00:00,50.0
2014-09-17 16:00:00+00:00,83.12
2014-09-17 17:00:00+00:00,111.76
2014-09-17 18:00:00+00:00,150.0
2014-09-17 19:00:00+00:00,215.0
2014-09-17 20:00:00+00:00,117.11
2014-09-17 21:00:00+00:00,104.99
2014-09-17 22:00:00+00:00,109.18
2014-09-17 23:00:00+00:00,105.26
2014-09-18 00:00:00+00:00,104.54
2014-09-18 01:00:00+00:00,104.78
2014-09-18 02:00:00+00:00,104.78
2014-09-18 03:00:00+00:00,105.26
2014-09-18 04:00:00+00:00,107.28
2014-09-18 05:00:00+00:00,126.55
2014-09-18 06:00:00+00:00,111.4
2014-09-18 07:00:00+00:00,104.26
2014-09-18 08:00:00+00:00,56.4
2014-09-18 09:00:00+00:00,60.0
2014-09-18 10:00:00+00:00,50.08
2014-09-18 11:00:00+00:00,50.0
2014-09-18 12:00:00+00:00,44.02
2014-09-18 13:00:00+00:00,44.0
2014-09-18 14:00:00+00:00,55.0
2014-09-18 15:00:00+00:00,66.3
2014-09-18 16:00:00+00:00,96.86
2014-09-18 17:00:00+00:00,124.7
2014-09-18 18:00:00+00:00,160.0
2014-09-18 19:00:00+00:00,200.0
2014-09-18 20:00:00+00:00,130.0
2014-09-18 21:00:00+00:00,107.65
2014-09-18 22:00:00+00:00,113.07
2014-09-18 23:00:00+00:00,110.91
2014-09-19 00:00:00+00:00,108.34
2014-09-19 01:00:00+00:00,108.26
2014-09-19 02:00:00+00:00,107.21
2014-09-19 03:00:00+00:00,108.26
2014-09-19 04:00:00+00:00,110.78
2014-09-19 05:00:00+00:00,120.42
2014-09-19 06:00:00+00:00,113.54
2014-09-19 07:00:00+00:00,106.68
2014-09-19 08:00:00+00:00,66.04
2014-09-19 09:00:00+00:00,52.14
2014-09-19 10:00:00+00:00,49.0
2014-09-19 11:00:00+00:00,45.1
2014-09-19 12:00:00+00:00,31.25
2014-09-19 13:00:00+00:00,32.61
2014-09-19 14:00:00+00:00,55.0
2014-09-19 15:00:00+00:00,65.87
2014-09-19 16:00:00+00:00,76.0
2014-09-19 17:00:00+00:00,108.14
2014-09-19 18:00:00+00:00,125.2
2014-09-19 19:00:00+00:00,125.0
2014-09-19 20:00:00+00:00,105.78
2014-09-19 21:00:00+00:00,104.68
2014-09-19 22:00:00+00:00,104.99
2014-09-19 23:00:00+00:00,99.89
2014-09-20 00:00:00+00:00,97.0
2014-09-20 01:00:00+00:00,93.8
2014-09-20 02:00:00+00:00,95.29
2014-09-20 03:00:00+00:00,95.15
2014-09-20 04:00:00+00:00,99.89
2014-09-20 05:00:00+00:00,101.0
2014-09-20 06:00:00+00:00,99.89
2014-09-20 07:00:00+00:00,65.6
2014-09-20 08:00:00+00:00,30.0
2014-09-20 09:00:00+00:00,3.94
2014-09-20 10:00:00+00:00,1.72
2014-09-20 11:00:00+00:00,0.65
2014-09-20 12:00:00+00:00,0.65
2014-09-20 13:00:00+00:00,0.65
2014-09-20 14:00:00+00:00,4.31
2014-09-20 15:00:00+00:00,15.43
2014-09-20 16:00:00+00:00,55.08
2014-09-20 17:00:00+00:00,93.56
2014-09-20 18:00:00+00:00,110.36
2014-09-20 19:00:00+00:00,110.91
2014-09-20 20:00:00+00:00,104.6
2014-09-20 21:00:00+00:00,101.0
2014-09-20 22:00:00+00:00,85.8
2014-09-20 23:00:00+00:00,82.85
2014-09-21 00:00:00+00:00,75.94
2014-09-21 01:00:00+00:00,79.0
2014-09-21 02:00:00+00:00,78.97
2014-09-21 03:00:00+00:00,75.35
2014-09-21 04:00:00+00:00,75.94
2014-09-21 05:00:00+00:00,85.0
2014-09-21 06:00:00+00:00,69.38
2014-09-21 07:00:00+00:00,26.2
2014-09-21 08:00:00+00:00,10.0
2014-09-21 09:00:00+00:00,0.65
2014-09-21 10:00:00+00:00,0.0
2014-09-21 11:00:00+00:00,0.0
2014-09-21 12:00:00+00:00,-0.01
2014-09-21 13:00:00+00:00,-0.5
2014-09-21 14:00:00+00:00,-0.62
2014-09-21 15:00:00+00:00,-0.01
2014-09-21 16:00:00+00:00,3.52
2014-09-21 17:00:00+00:00,43.16
2014-09-21 18:00:00+00:00,69.96
2014-09-21 19:00:00+00:00,61.4
2014-09-21 20:00:00+00:00,54.8
2014-09-21 21:00:00+00:00,38.09
2014-09-21 22:00:00+00:00,30.9
2014-09-21 23:00:00+00:00,30.9
2014-09-22 00:00:00+00:00,26.2
2014-09-22 01:00:00+00:00,26.2
2014-09-22 02:00:00+00:00,34.9
2014-09-22 03:00:00+00:00,30.14
2014-09-22 04:00:00+00:00,30.9
2014-09-22 05:00:00+00:00,60.6
2014-09-22 06:00:00+00:00,62.03
2014-09-22 07:00:00+00:00,29.35
2014-09-22 08:00:00+00:00,2.0
2014-09-22 09:00:00+00:00,0.0
2014-09-22 10:00:00+00:00,0.0
2014-09-22 11:00:00+00:00,-0.01
2014-09-22 12:00:00+00:00,-0.01
2014-09-22 13:00:00+00:00,-0.01
2014-09-22 14:00:00+00:00,-0.01
2014-09-22 15:00:00+00:00,0.0
2014-09-22 16:00:00+00:00,15.6
2014-09-22 17:00:00+00:00,67.99
2014-09-22 18:00:00+00:00,108.95
2014-09-22 19:00:00+00:00,109.38
2014-09-22 20:00:00+00:00,82.8
2014-09-22 21:00:00+00:00,80.0
2014-09-22 22:00:00+00:00,79.11
2014-09-22 23:00:00+00:00,61.0
2014-09-23 00:00:00+00:00,85.28
2014-09-23 01:00:00+00:00,76.95
2014-09-23 02:00:00+00:00,79.11
2014-09-23 03:00:00+00:00,83.7
2014-09-23 04:00:00+00:00,85.28
2014-09-23 05:00:00+00:00,86.56
2014-09-23 06:00:00+00:00,85.8
2014-09-23 07:00:00+00:00,39.9
2014-09-23 08:00:00+00:00,3.82
2014-09-23 09:00:00+00:00,0.65
2014-09-23 10:00:00+00:00,0.01
2014-09-23 11:00:00+00:00,0.0
2014-09-23 12:00:00+00:00,0.0
2014-09-23 13:00:00+00:00,0.0
2014-09-23 14:00:00+00:00,0.0
2014-09-23 15:00:00+00:00,2.2
2014-09-23 16:00:00+00:00,26.47
2014-09-23 17:00:00+00:00,86.32
2014-09-23 18:00:00+00:00,105.01
2014-09-23 19:00:00+00:00,98.5
2014-09-23 20:00:00+00:00,76.02
2014-09-23 21:00:00+00:00,75.84
2014-09-23 22:00:00+00:00,53.51
2014-09-23 23:00:00+00:00,39.8
2014-09-24 00:00:00+00:00,48.6
2014-09-24 01:00:00+00:00,42.0
2014-09-24 02:00:00+00:00,41.5
2014-09-24 03:00:00+00:00,48.6
2014-09-24 04:00:00+00:00,48.8
2014-09-24 05:00:00+00:00,66.96
2014-09-24 06:00:00+00:00,69.01
2014-09-24 07:00:00+00:00,57.91
2014-09-24 08:00:00+00:00,9.52
2014-09-24 09:00:00+00:00,1.07
2014-09-24 10:00:00+00:00,0.65
2014-09-24 11:00:00+00:00,1.55
2014-09-24 12:00:00+00:00,0.65
2014-09-24 13:00:00+00:00,0.01
2014-09-24 14:00:00+00:00,0.65
2014-09-24 15:00:00+00:00,20.1
2014-09-24 16:00:00+00:00,72.72
2014-09-24 17:00:00+00:00,95.0
2014-09-24 18:00:00+00:00,116.12
2014-09-24 19:00:00+00:00,105.77
2014-09-24 20:00:00+00:00,90.0
2014-09-24 21:00:00+00:00,83.08
2014-09-24 22:00:00+00:00,83.46
2014-09-24 23:00:00+00:00,75.94
2014-09-25 00:00:00+00:00,75.94
2014-09-25 01:00:00+00:00,76.46
2014-09-25 02:00:00+00:00,79.7
2014-09-25 03:00:00+00:00,77.0
2014-09-25 04:00:00+00:00,85.85
2014-09-25 05:00:00+00:00,112.7
2014-09-25 06:00:00+00:00,116.89
2014-09-25 07:00:00+00:00,88.57
2014-09-25 08:00:00+00:00,55.12
2014-09-25 09:00:00+00:00,30.2
2014-09-25 10:00:00+00:00,29.99
2014-09-25 11:00:00+00:00,25.93
2014-09-25 12:00:00+00:00,20.1
2014-09-25 13:00:00+00:00,22.74
2014-09-25 14:00:00+00:00,25.93
2014-09-25 15:00:00+00:00,53.13
2014-09-25 16:00:00+00:00,76.01
2014-09-25 17:00:00+00:00,114.11
2014-09-25 18:00:00+00:00,174.1
2014-09-25 19:00:00+00:00,175.01
2014-09-25 20:00:00+00:00,128.8
2014-09-25 21:00:00+00:00,101.9
2014-09-25 22:00:00+00:00,106.48
2014-09-25 23:00:00+00:00,104.52
2014-09-26 00:00:00+00:00,100.0
2014-09-26 01:00:00+00:00,98.71
2014-09-26 02:00:00+00:00,99.0
2014-09-26 03:00:00+00:00,104.52
2014-09-26 04:00:00+00:00,107.96
2014-09-26 05:00:00+00:00,123.37
2014-09-26 06:00:00+00:00,123.28
2014-09-26 07:00:00+00:00,108.8
2014-09-26 08:00:00+00:00,88.59
2014-09-26 09:00:00+00:00,34.99
2014-09-26 10:00:00+00:00,25.76
2014-09-26 11:00:00+00:00,29.2
2014-09-26 12:00:00+00:00,21.56
2014-09-26 13:00:00+00:00,47.06
2014-09-26 14:00:00+00:00,53.0
2014-09-26 15:00:00+00:00,59.28
2014-09-26 16:00:00+00:00,94.08
2014-09-26 17:00:00+00:00,123.6
2014-09-26 18:00:00+00:00,150.0
2014-09-26 19:00:00+00:00,160.0
2014-09-26 20:00:00+00:00,122.01
2014-09-26 21:00:00+00:00,113.92
2014-09-26 22:00:00+00:00,115.87
2014-09-26 23:00:00+00:00,108.83
2014-09-27 00:00:00+00:00,105.5
2014-09-27 01:00:00+00:00,109.0
2014-09-27 02:00:00+00:00,105.47
2014-09-27 03:00:00+00:00,98.0
2014-09-27 04:00:00+00:00,95.0
2014-09-27 05:00:00+00:00,103.5
2014-09-27 06:00:00+00:00,106.67
2014-09-27 07:00:00+00:00,82.66
2014-09-27 08:00:00+00:00,38.8
2014-09-27 09:00:00+00:00,20.25
2014-09-27 10:00:00+00:00,16.79
2014-09-27 11:00:00+00:00,12.91
2014-09-27 12:00:00+00:00,6.51
2014-09-27 13:00:00+00:00,6.0
2014-09-27 14:00:00+00:00,12.27
2014-09-27 15:00:00+00:00,29.2
2014-09-27 16:00:00+00:00,67.0
2014-09-27 17:00:00+00:00,92.56
2014-09-27 18:00:00+00:00,103.11
2014-09-27 19:00:00+00:00,100.04
2014-09-27 20:00:00+00:00,95.07
2014-09-27 21:00:00+00:00,91.84
2014-09-27 22:00:00+00:00,63.51
2014-09-27 23:00:00+00:00,60.86
2014-09-28 00:00:00+00:00,59.83
2014-09-28 01:00:00+00:00,58.3
2014-09-28 02:00:00+00:00,58.04
2014-09-28 03:00:00+00:00,58.04
2014-09-28 04:00:00+00:00,57.91
2014-09-28 05:00:00+00:00,58.87
2014-09-28 06:00:00+00:00,58.87
2014-09-28 07:00:00+00:00,57.91
2014-09-28 08:00:00+00:00,35.0
2014-09-28 09:00:00+00:00,29.16
2014-09-28 10:00:00+00:00,17.11
2014-09-28 11:00:00+00:00,8.53
2014-09-28 12:00:00+00:00,15.0
2014-09-28 13:00:00+00:00,16.79
2014-09-28 14:00:00+00:00,22.97
2014-09-28 15:00:00+00:00,37.34
2014-09-28 16:00:00+00:00,61.11
2014-09-28 17:00:00+00:00,70.98
2014-09-28 18:00:00+00:00,74.14
2014-09-28 19:00:00+00:00,61.0
2014-09-28 20:00:00+00:00,69.62
2014-09-28 21:00:00+00:00,60.16
2014-09-28 22:00:00+00:00,51.6
2014-09-28 23:00:00+00:00,47.7
2014-09-29 00:00:00+00:00,45.0
2014-09-29 01:00:00+00:00,32.0
2014-09-29 02:00:00+00:00,30.0
2014-09-29 03:00:00+00:00,32.5
2014-09-29 04:00:00+00:00,50.0
2014-09-29 05:00:00+00:00,74.4
2014-09-29 06:00:00+00:00,77.8
2014-09-29 07:00:00+00:00,73.08
2014-09-29 08:00:00+00:00,59.33
2014-09-29 09:00:00+00:00,40.14
2014-09-29 10:00:00+00:00,35.0
2014-09-29 11:00:00+00:00,28.3
2014-09-29 12:00:00+00:00,21.99
2014-09-29 13:00:00+00:00,27.94
2014-09-29 14:00:00+00:00,35.0
2014-09-29 15:00:00+00:00,52.0
2014-09-29 16:00:00+00:00,85.0
2014-09-29 17:00:00+00:00,101.13
2014-09-29 18:00:00+00:00,133.26
2014-09-29 19:00:00+00:00,105.68
2014-09-29 20:00:00+00:00,90.04
2014-09-29 21:00:00+00:00,88.6
2014-09-29 22:00:00+00:00,95.46
2014-09-29 23:00:00+00:00,88.25
2014-09-30 00:00:00+00:00,80.0
2014-09-30 01:00:00+00:00,76.43
2014-09-30 02:00:00+00:00,78.0
2014-09-30 03:00:00+00:00,80.0
2014-09-30 04:00:00+00:00,97.11
2014-09-30 05:00:00+00:00,105.68
2014-09-30 06:00:00+00:00,120.0
2014-09-30 07:00:00+00:00,93.97
2014-09-30 08:00:00+00:00,60.1
2014-09-30 09:00:00+00:00,31.0
2014-09-30 10:00:00+00:00,24.47
2014-09-30 11:00:00+00:00,21.9
2014-09-30 12:00:00+00:00,22.0
2014-09-30 13:00:00+00:00,29.08
2014-09-30 14:00:00+00:00,35.0
2014-09-30 15:00:00+00:00,54.94
2014-09-30 16:00:00+00:00,84.0
2014-09-30 17:00:00+00:00,117.0
2014-09-30 18:00:00+00:00,199.34
2014-09-30 19:00:00+00:00,172.11
2014-09-30 20:00:00+00:00,119.9
2014-09-30 21:00:00+00:00,101.5
2014-09-30 22:00:00+00:00,103.405
2014-09-30 23:00:00+00:00,105.6275
2014-10-01 00:00:00+00:00,101.5525
2014-10-01 01:00:00+00:00,97.625
2014-10-01 02:00:00+00:00,101.445
2014-10-01 03:00:00+00:00,101.59
2014-10-01 04:00:00+00:00,103.48
2014-10-01 05:00:00+00:00,113.4225
2014-10-01 06:00:00+00:00,123.285
2014-10-01 07:00:00+00:00,95.6875
2014-10-01 08:00:00+00:00,67.2625
2014-10-01 09:00:00+00:00,41.0275
2014-10-01 10:00:00+00:00,23.92
2014-10-01 11:00:00+00:00,16.275
2014-10-01 12:00:00+00:00,14.0225
2014-10-01 13:00:00+00:00,19.245
2014-10-01 14:00:00+00:00,36.9725
2014-10-01 15:00:00+00:00,53.1925
2014-10-01 16:00:00+00:00,86.5725
2014-10-01 17:00:00+00:00,125.0575
2014-10-01 18:00:00+00:00,217.8975
2014-10-01 19:00:00+00:00,129.4125
2014-10-01 20:00:00+00:00,108.47
2014-10-01 21:00:00+00:00,103.3525
2014-10-01 22:00:00+00:00,104.3375
2014-10-01 23:00:00+00:00,99.995
2014-10-02 00:00:00+00:00,95.0
2014-10-02 01:00:00+00:00,97.0725
2014-10-02 02:00:00+00:00,100.3225
2014-10-02 03:00:00+00:00,105.015
2014-10-02 04:00:00+00:00,105.4875
2014-10-02 05:00:00+00:00,121.42
2014-10-02 06:00:00+00:00,131.1475
2014-10-02 07:00:00+00:00,93.615
2014-10-02 08:00:00+00:00,59.115
2014-10-02 09:00:00+00:00,34.285
2014-10-02 10:00:00+00:00,22.1
2014-10-02 11:00:00+00:00,17.67
2014-10-02 12:00:00+00:00,16.4075
2014-10-02 13:00:00+00:00,16.5925
2014-10-02 14:00:00+00:00,31.895
2014-10-02 15:00:00+00:00,45.635000000000005
2014-10-02 16:00:00+00:00,80.18
2014-10-02 17:00:00+00:00,106.9175
2014-10-02 18:00:00+00:00,204.2575
2014-10-02 19:00:00+00:00,156.49
2014-10-02 20:00:00+00:00,118.79
2014-10-02 21:00:00+00:00,104.695
2014-10-02 22:00:00+00:00,116.68
2014-10-02 23:00:00+00:00,112.61
2014-10-03 00:00:00+00:00,105.5
2014-10-03 01:00:00+00:00,104.06
2014-10-03 02:00:00+00:00,104.04
2014-10-03 03:00:00+00:00,106.18
2014-10-03 04:00:00+00:00,110.6125
2014-10-03 05:00:00+00:00,124.445
2014-10-03 06:00:00+00:00,132.435
2014-10-03 07:00:00+00:00,115.5775
2014-10-03 08:00:00+00:00,69.8775
2014-10-03 09:00:00+00:00,49.695
2014-10-03 10:00:00+00:00,41.7925
2014-10-03 11:00:00+00:00,39.1275
2014-10-03 12:00:00+00:00,39.1175
2014-10-03 13:00:00+00:00,38.2275
2014-10-03 14:00:00+00:00,44.1025
2014-10-03 15:00:00+00:00,58.3875
2014-10-03 16:00:00+00:00,94.9125
2014-10-03 17:00:00+00:00,119.975
2014-10-03 18:00:00+00:00,138.7575
2014-10-03 19:00:00+00:00,134.4775
2014-10-03 20:00:00+00:00,120.8075
2014-10-03 21:00:00+00:00,116.495
2014-10-03 22:00:00+00:00,110.935
2014-10-03 23:00:00+00:00,102.9175
2014-10-04 00:00:00+00:00,100.525
2014-10-04 01:00:00+00:00,95.75
2014-10-04 02:00:00+00:00,93.0125
2014-10-04 03:00:00+00:00,99.625
2014-10-04 04:00:00+00:00,94.375
2014-10-04 05:00:00+00:00,100.295
2014-10-04 06:00:00+00:00,92.3475
2014-10-04 07:00:00+00:00,40.365
2014-10-04 08:00:00+00:00,6.165
2014-10-04 09:00:00+00:00,0.11
2014-10-04 10:00:00+00:00,-0.0075
2014-10-04 11:00:00+00:00,-0.015
2014-10-04 12:00:00+00:00,-0.015
2014-10-04 13:00:00+00:00,-0.0075
2014-10-04 14:00:00+00:00,-0.0075
2014-10-04 15:00:00+00:00,0.1475
2014-10-04 16:00:00+00:00,10.805
2014-10-04 17:00:00+00:00,65.6075
2014-10-04 18:00:00+00:00,74.35
2014-10-04 19:00:00+00:00,71.95
2014-10-04 20:00:00+00:00,68.26
2014-10-04 21:00:00+00:00,47.0275
2014-10-04 22:00:00+00:00,35.0175
2014-10-04 23:00:00+00:00,33.5125
2014-10-05 00:00:00+00:00,29.0475
2014-10-05 01:00:00+00:00,28.9325
2014-10-05 02:00:00+00:00,28.2
2014-10-05 03:00:00+00:00,28.2
2014-10-05 04:00:00+00:00,29.1925
2014-10-05 05:00:00+00:00,28.1025
2014-10-05 06:00:00+00:00,24.8475
2014-10-05 07:00:00+00:00,5.2725
2014-10-05 08:00:00+00:00,-0.005
2014-10-05 09:00:00+00:00,-0.635
2014-10-05 10:00:00+00:00,-1.115
2014-10-05 11:00:00+00:00,-2.2225
2014-10-05 12:00:00+00:00,-2.4525
2014-10-05 13:00:00+00:00,-1.2125
2014-10-05 14:00:00+00:00,-0.63
2014-10-05 15:00:00+00:00,-0.115
2014-10-05 16:00:00+00:00,13.8675
2014-10-05 17:00:00+00:00,52.425
2014-10-05 18:00:00+00:00,70.34
2014-10-05 19:00:00+00:00,83.13250000000001
2014-10-05 20:00:00+00:00,60.49
2014-10-05 21:00:00+00:00,41.13
2014-10-05 22:00:00+00:00,45.075
2014-10-05 23:00:00+00:00,42.4175
2014-10-06 00:00:00+00:00,43.05
2014-10-06 01:00:00+00:00,45.23
2014-10-06 02:00:00+00:00,46.805
2014-10-06 03:00:00+00:00,55.81
2014-10-06 04:00:00+00:00,82.055
2014-10-06 05:00:00+00:00,112.85
2014-10-06 06:00:00+00:00,124.76
2014-10-06 07:00:00+00:00,108.4025
2014-10-06 08:00:00+00:00,70.7725
2014-10-06 09:00:00+00:00,46.9725
2014-10-06 10:00:00+00:00,44.435
2014-10-06 11:00:00+00:00,41.435
2014-10-06 12:00:00+00:00,36.31
2014-10-06 13:00:00+00:00,40.325
2014-10-06 14:00:00+00:00,43.7775
2014-10-06 15:00:00+00:00,68.615
2014-10-06 16:00:00+00:00,98.93
2014-10-06 17:00:00+00:00,137.63750000000002
2014-10-06 18:00:00+00:00,163.34
2014-10-06 19:00:00+00:00,169.24
2014-10-06 20:00:00+00:00,125.735
2014-10-06 21:00:00+00:00,103.13
2014-10-06 22:00:00+00:00,110.335
2014-10-06 23:00:00+00:00,108.675
2014-10-07 00:00:00+00:00,107.245
2014-10-07 01:00:00+00:00,103.655
2014-10-07 02:00:00+00:00,103.3475
2014-10-07 03:00:00+00:00,102.93
2014-10-07 04:00:00+00:00,108.505
2014-10-07 05:00:00+00:00,121.0125
2014-10-07 06:00:00+00:00,132.315
2014-10-07 07:00:00+00:00,118.1
2014-10-07 08:00:00+00:00,75.89
2014-10-07 09:00:00+00:00,51.7625
2014-10-07 10:00:00+00:00,50.8775
2014-10-07 11:00:00+00:00,41.405
2014-10-07 12:00:00+00:00,37.34
2014-10-07 13:00:00+00:00,42.81
2014-10-07 14:00:00+00:00,54.95
2014-10-07 15:00:00+00:00,77.7175
2014-10-07 16:00:00+00:00,109.645
2014-10-07 17:00:00+00:00,150.0025
2014-10-07 18:00:00+00:00,168.35
2014-10-07 19:00:00+00:00,156.29250000000002
2014-10-07 20:00:00+00:00,119.7575
2014-10-07 21:00:00+00:00,114.79
2014-10-07 22:00:00+00:00,111.5575
2014-10-07 23:00:00+00:00,104.2475
2014-10-08 00:00:00+00:00,101.145
2014-10-08 01:00:00+00:00,99.7475
2014-10-08 02:00:00+00:00,100.0
2014-10-08 03:00:00+00:00,97.555
2014-10-08 04:00:00+00:00,105.235
2014-10-08 05:00:00+00:00,129.145
2014-10-08 06:00:00+00:00,154.26749999999998
2014-10-08 07:00:00+00:00,109.8525
2014-10-08 08:00:00+00:00,98.0275
2014-10-08 09:00:00+00:00,79.7375
2014-10-08 10:00:00+00:00,76.19
2014-10-08 11:00:00+00:00,68.2
2014-10-08 12:00:00+00:00,63.225
2014-10-08 13:00:00+00:00,61.945
2014-10-08 14:00:00+00:00,55.5525
2014-10-08 15:00:00+00:00,76.5475
2014-10-08 16:00:00+00:00,91.03
2014-10-08 17:00:00+00:00,141.785
2014-10-08 18:00:00+00:00,139.05
2014-10-08 19:00:00+00:00,113.2675
2014-10-08 20:00:00+00:00,106.37
2014-10-08 21:00:00+00:00,96.8675
2014-10-08 22:00:00+00:00,92.365
2014-10-08 23:00:00+00:00,80.955
2014-10-09 00:00:00+00:00,78.945
2014-10-09 01:00:00+00:00,69.855
2014-10-09 02:00:00+00:00,65.58
2014-10-09 03:00:00+00:00,68.47
2014-10-09 04:00:00+00:00,85.7775
2014-10-09 05:00:00+00:00,101.8775
2014-10-09 06:00:00+00:00,111.275
2014-10-09 07:00:00+00:00,91.0575
2014-10-09 08:00:00+00:00,34.8975
2014-10-09 09:00:00+00:00,12.55
2014-10-09 10:00:00+00:00,5.2925
2014-10-09 11:00:00+00:00,9.425
2014-10-09 12:00:00+00:00,6.0
2014-10-09 13:00:00+00:00,5.98
2014-10-09 14:00:00+00:00,12.3275
2014-10-09 15:00:00+00:00,39.7825
2014-10-09 16:00:00+00:00,68.8725
2014-10-09 17:00:00+00:00,105.995
2014-10-09 18:00:00+00:00,114.4575
2014-10-09 19:00:00+00:00,101.685
2014-10-09 20:00:00+00:00,95.0675
2014-10-09 21:00:00+00:00,92.7375
2014-10-09 22:00:00+00:00,89.0175
2014-10-09 23:00:00+00:00,85.015
2014-10-10 00:00:00+00:00,79.9925
2014-10-10 01:00:00+00:00,72.955
2014-10-10 02:00:00+00:00,69.7525
2014-10-10 03:00:00+00:00,78.87
2014-10-10 04:00:00+00:00,94.9825
2014-10-10 05:00:00+00:00,100.54
2014-10-10 06:00:00+00:00,107.235
2014-10-10 07:00:00+00:00,93.8375
2014-10-10 08:00:00+00:00,48.545
2014-10-10 09:00:00+00:00,42.92
2014-10-10 10:00:00+00:00,43.9075
2014-10-10 11:00:00+00:00,41.0775
2014-10-10 12:00:00+00:00,33.225
2014-10-10 13:00:00+00:00,45.71
2014-10-10 14:00:00+00:00,52.1875
2014-10-10 15:00:00+00:00,79.425
2014-10-10 16:00:00+00:00,96.125
2014-10-10 17:00:00+00:00,115.005
2014-10-10 18:00:00+00:00,117.4675
2014-10-10 19:00:00+00:00,108.0975
2014-10-10 20:00:00+00:00,103.4325
2014-10-10 21:00:00+00:00,101.955
2014-10-10 22:00:00+00:00,106.945
2014-10-10 23:00:00+00:00,105.45
2014-10-11 00:00:00+00:00,103.81
2014-10-11 01:00:00+00:00,101.0275
2014-10-11 02:00:00+00:00,100.3425
2014-10-11 03:00:00+00:00,101.885
2014-10-11 04:00:00+00:00,102.3525
2014-10-11 05:00:00+00:00,101.4125
2014-10-11 06:00:00+00:00,102.0925
2014-10-11 07:00:00+00:00,85.69
2014-10-11 08:00:00+00:00,53.8425
2014-10-11 09:00:00+00:00,18.25
2014-10-11 10:00:00+00:00,4.88
2014-10-11 11:00:00+00:00,4.44
2014-10-11 12:00:00+00:00,3.84
2014-10-11 13:00:00+00:00,3.7175
2014-10-11 14:00:00+00:00,7.5125
2014-10-11 15:00:00+00:00,41.9825
2014-10-11 16:00:00+00:00,83.0625
2014-10-11 17:00:00+00:00,106.6
2014-10-11 18:00:00+00:00,108.26
2014-10-11 19:00:00+00:00,109.805
2014-10-11 20:00:00+00:00,106.99
2014-10-11 21:00:00+00:00,104.6525
2014-10-11 22:00:00+00:00,105.055
2014-10-11 23:00:00+00:00,101.8675
2014-10-12 00:00:00+00:00,81.275
2014-10-12 01:00:00+00:00,76.995
2014-10-12 02:00:00+00:00,77.5
2014-10-12 03:00:00+00:00,77.5
2014-10-12 04:00:00+00:00,77.1575
2014-10-12 05:00:00+00:00,81.475
2014-10-12 06:00:00+00:00,85.21
2014-10-12 07:00:00+00:00,65.575
2014-10-12 08:00:00+00:00,24.2275
2014-10-12 09:00:00+00:00,1.29
2014-10-12 10:00:00+00:00,0.65
2014-10-12 11:00:00+00:00,1.0375
2014-10-12 12:00:00+00:00,1.72
2014-10-12 13:00:00+00:00,1.495
2014-10-12 14:00:00+00:00,7.237500000000001
2014-10-12 15:00:00+00:00,34.4175
2014-10-12 16:00:00+00:00,86.3225
2014-10-12 17:00:00+00:00,109.4025
2014-10-12 18:00:00+00:00,115.135
2014-10-12 19:00:00+00:00,115.115
2014-10-12 20:00:00+00:00,113.6425
2014-10-12 21:00:00+00:00,109.715
2014-10-12 22:00:00+00:00,101.0125
2014-10-12 23:00:00+00:00,92.1875
2014-10-13 00:00:00+00:00,83.88
2014-10-13 01:00:00+00:00,92.17
2014-10-13 02:00:00+00:00,95.07
2014-10-13 03:00:00+00:00,101.9275
2014-10-13 04:00:00+00:00,105.92
2014-10-13 05:00:00+00:00,115.195
2014-10-13 06:00:00+00:00,127.4125
2014-10-13 07:00:00+00:00,120.5525
2014-10-13 08:00:00+00:00,103.9425
2014-10-13 09:00:00+00:00,88.36
2014-10-13 10:00:00+00:00,77.2875
2014-10-13 11:00:00+00:00,70.4175
2014-10-13 12:00:00+00:00,68.6975
2014-10-13 13:00:00+00:00,63.715
2014-10-13 14:00:00+00:00,70.9125
2014-10-13 15:00:00+00:00,79.2625
2014-10-13 16:00:00+00:00,99.9125
2014-10-13 17:00:00+00:00,132.0775
2014-10-13 18:00:00+00:00,162.09
2014-10-13 19:00:00+00:00,160.4875
2014-10-13 20:00:00+00:00,129.25
2014-10-13 21:00:00+00:00,115.015
2014-10-13 22:00:00+00:00,116.2875
2014-10-13 23:00:00+00:00,109.2175
2014-10-14 00:00:00+00:00,107.06
2014-10-14 01:00:00+00:00,106.9325
2014-10-14 02:00:00+00:00,107.22
2014-10-14 03:00:00+00:00,108.4975
2014-10-14 04:00:00+00:00,115.5825
2014-10-14 05:00:00+00:00,126.6275
2014-10-14 06:00:00+00:00,155.8625
2014-10-14 07:00:00+00:00,122.5125
2014-10-14 08:00:00+00:00,105.425
2014-10-14 09:00:00+00:00,88.0375
2014-10-14 10:00:00+00:00,76.85499999999999
2014-10-14 11:00:00+00:00,66.7575
2014-10-14 12:00:00+00:00,63.495000000000005
2014-10-14 13:00:00+00:00,61.7175
2014-10-14 14:00:00+00:00,69.35249999999999
2014-10-14 15:00:00+00:00,86.94749999999999
2014-10-14 16:00:00+00:00,112.3275
2014-10-14 17:00:00+00:00,145.16
2014-10-14 18:00:00+00:00,160.2014
2014-10-14 19:00:00+00:00,144.1925
2014-10-14 20:00:00+00:00,130.0725
2014-10-14 21:00:00+00:00,111.385
2014-10-14 22:00:00+00:00,116.04
2014-10-14 23:00:00+00:00,108.2575
2014-10-15 00:00:00+00:00,105.4525
2014-10-15 01:00:00+00:00,103.77
2014-10-15 02:00:00+00:00,103.77
2014-10-15 03:00:00+00:00,106.9625
2014-10-15 04:00:00+00:00,113.9025
2014-10-15 05:00:00+00:00,142.3975
2014-10-15 06:00:00+00:00,158.1725
2014-10-15 07:00:00+00:00,121.3875
2014-10-15 08:00:00+00:00,100.4375
2014-10-15 09:00:00+00:00,84.62
2014-10-15 10:00:00+00:00,73.02250000000001
2014-10-15 11:00:00+00:00,68.595
2014-10-15 12:00:00+00:00,66.75
2014-10-15 13:00:00+00:00,66.945
2014-10-15 14:00:00+00:00,76.05
2014-10-15 15:00:00+00:00,90.8725
2014-10-15 16:00:00+00:00,116.8825
2014-10-15 17:00:00+00:00,156.5225
2014-10-15 18:00:00+00:00,163.0675
2014-10-15 19:00:00+00:00,148.725
2014-10-15 20:00:00+00:00,120.25
2014-10-15 21:00:00+00:00,112.6675
2014-10-15 22:00:00+00:00,117.3675
2014-10-15 23:00:00+00:00,109.6725
2014-10-16 00:00:00+00:00,106.095
2014-10-16 01:00:00+00:00,105.0
2014-10-16 02:00:00+00:00,104.975
2014-10-16 03:00:00+00:00,106.63
2014-10-16 04:00:00+00:00,114.8875
2014-10-16 05:00:00+00:00,128.1125
2014-10-16 06:00:00+00:00,152.885
2014-10-16 07:00:00+00:00,124.765
2014-10-16 08:00:00+00:00,107.52
2014-10-16 09:00:00+00:00,85.92
2014-10-16 10:00:00+00:00,77.7025
2014-10-16 11:00:00+00:00,73.21000000000001
2014-10-16 12:00:00+00:00,70.44
2014-10-16 13:00:00+00:00,71.675
2014-10-16 14:00:00+00:00,78.61
2014-10-16 15:00:00+00:00,94.6275
2014-10-16 16:00:00+00:00,119.33
2014-10-16 17:00:00+00:00,147.3075
2014-10-16 18:00:00+00:00,153.4725
2014-10-16 19:00:00+00:00,141.775
2014-10-16 20:00:00+00:00,129.8425
2014-10-16 21:00:00+00:00,115.22
2014-10-16 22:00:00+00:00,123.5325
2014-10-16 23:00:00+00:00,109.9875
2014-10-17 00:00:00+00:00,106.4975
2014-10-17 01:00:00+00:00,105.155
2014-10-17 02:00:00+00:00,105.0525
2014-10-17 03:00:00+00:00,106.83
2014-10-17 04:00:00+00:00,116.3175
2014-10-17 05:00:00+00:00,137.275
2014-10-17 06:00:00+00:00,159.4
2014-10-17 07:00:00+00:00,129.765
2014-10-17 08:00:00+00:00,99.375
2014-10-17 09:00:00+00:00,84.4225
2014-10-17 10:00:00+00:00,76.575
2014-10-17 11:00:00+00:00,59.135
2014-10-17 12:00:00+00:00,48.39
2014-10-17 13:00:00+00:00,45.0
2014-10-17 14:00:00+00:00,57.7975
2014-10-17 15:00:00+00:00,94.705
2014-10-17 16:00:00+00:00,120.745
2014-10-17 17:00:00+00:00,138.1875
2014-10-17 18:00:00+00:00,157.6525
2014-10-17 19:00:00+00:00,147.755
2014-10-17 20:00:00+00:00,127.875
2014-10-17 21:00:00+00:00,122.215
2014-10-17 22:00:00+00:00,125.5225
2014-10-17 23:00:00+00:00,112.895
2014-10-18 00:00:00+00:00,100.88
2014-10-18 01:00:00+00:00,101.35
2014-10-18 02:00:00+00:00,102.3425
2014-10-18 03:00:00+00:00,97.445
2014-10-18 04:00:00+00:00,103.8325
2014-10-18 05:00:00+00:00,114.8975
2014-10-18 06:00:00+00:00,118.5225
2014-10-18 07:00:00+00:00,104.9425
2014-10-18 08:00:00+00:00,75.3725
2014-10-18 09:00:00+00:00,29.27
2014-10-18 10:00:00+00:00,6.74
2014-10-18 11:00:00+00:00,4.4575
2014-10-18 12:00:00+00:00,2.235
2014-10-18 13:00:00+00:00,0.9075
2014-10-18 14:00:00+00:00,4.2014
2014-10-18 15:00:00+00:00,47.9675
2014-10-18 16:00:00+00:00,96.205
2014-10-18 17:00:00+00:00,117.9725
2014-10-18 18:00:00+00:00,128.645
2014-10-18 19:00:00+00:00,120.7325
2014-10-18 20:00:00+00:00,113.17
2014-10-18 21:00:00+00:00,109.165
2014-10-18 22:00:00+00:00,86.5425
2014-10-18 23:00:00+00:00,71.355
2014-10-19 00:00:00+00:00,56.265
2014-10-19 01:00:00+00:00,34.1325
2014-10-19 02:00:00+00:00,30.47
2014-10-19 03:00:00+00:00,29.5825
2014-10-19 04:00:00+00:00,29.745
2014-10-19 05:00:00+00:00,30.6175
2014-10-19 06:00:00+00:00,31.3525
2014-10-19 07:00:00+00:00,24.795
2014-10-19 08:00:00+00:00,5.88
2014-10-19 09:00:00+00:00,1.67
2014-10-19 10:00:00+00:00,0.0075
2014-10-19 11:00:00+00:00,0.0
2014-10-19 12:00:00+00:00,0.0
2014-10-19 13:00:00+00:00,0.0
2014-10-19 14:00:00+00:00,0.165
2014-10-19 15:00:00+00:00,3.4625
2014-10-19 16:00:00+00:00,36.2014
2014-10-19 17:00:00+00:00,66.645
2014-10-19 18:00:00+00:00,72.135
2014-10-19 19:00:00+00:00,70.855
2014-10-19 20:00:00+00:00,57.3775
2014-10-19 21:00:00+00:00,47.405
2014-10-19 22:00:00+00:00,45.8375
2014-10-19 23:00:00+00:00,28.4
2014-10-20 00:00:00+00:00,25.16
2014-10-20 01:00:00+00:00,26.19
2014-10-20 02:00:00+00:00,26.4525
2014-10-20 03:00:00+00:00,27.2875
2014-10-20 04:00:00+00:00,51.095
2014-10-20 05:00:00+00:00,75.32
2014-10-20 06:00:00+00:00,92.845
2014-10-20 07:00:00+00:00,84.1625
2014-10-20 08:00:00+00:00,38.4625
2014-10-20 09:00:00+00:00,14.1025
2014-10-20 10:00:00+00:00,3.52
2014-10-20 11:00:00+00:00,2.79
2014-10-20 12:00:00+00:00,0.8025
2014-10-20 13:00:00+00:00,0.2825
2014-10-20 14:00:00+00:00,1.635
2014-10-20 15:00:00+00:00,11.7675
2014-10-20 16:00:00+00:00,40.1425
2014-10-20 17:00:00+00:00,79.05
2014-10-20 18:00:00+00:00,100.34
2014-10-20 19:00:00+00:00,92.895
2014-10-20 20:00:00+00:00,67.2625
2014-10-20 21:00:00+00:00,48.18
2014-10-20 22:00:00+00:00,35.9475
2014-10-20 23:00:00+00:00,23.7375
2014-10-21 00:00:00+00:00,13.0825
2014-10-21 01:00:00+00:00,11.0475
2014-10-21 02:00:00+00:00,13.98
2014-10-21 03:00:00+00:00,18.0425
2014-10-21 04:00:00+00:00,35.27
2014-10-21 05:00:00+00:00,62.965
2014-10-21 06:00:00+00:00,93.4075
2014-10-21 07:00:00+00:00,78.52
2014-10-21 08:00:00+00:00,41.4925
2014-10-21 09:00:00+00:00,19.1925
2014-10-21 10:00:00+00:00,5.855
2014-10-21 11:00:00+00:00,3.52
2014-10-21 12:00:00+00:00,3.2625
2014-10-21 13:00:00+00:00,1.84
2014-10-21 14:00:00+00:00,3.3925
2014-10-21 15:00:00+00:00,13.8775
2014-10-21 16:00:00+00:00,48.0275
2014-10-21 17:00:00+00:00,78.31
2014-10-21 18:00:00+00:00,101.185
2014-10-21 19:00:00+00:00,82.9675
2014-10-21 20:00:00+00:00,78.8175
2014-10-21 21:00:00+00:00,52.9525
2014-10-21 22:00:00+00:00,37.5975
2014-10-21 23:00:00+00:00,30.54
2014-10-22 00:00:00+00:00,27.62
2014-10-22 01:00:00+00:00,24.3025
2014-10-22 02:00:00+00:00,24.28
2014-10-22 03:00:00+00:00,27.575
2014-10-22 04:00:00+00:00,43.05
2014-10-22 05:00:00+00:00,56.3225
2014-10-22 06:00:00+00:00,74.39
2014-10-22 07:00:00+00:00,45.485
2014-10-22 08:00:00+00:00,12.9825
2014-10-22 09:00:00+00:00,3.39
2014-10-22 10:00:00+00:00,1.0225
2014-10-22 11:00:00+00:00,0.3875
2014-10-22 12:00:00+00:00,0.03
2014-10-22 13:00:00+00:00,0.01
2014-10-22 14:00:00+00:00,0.38
2014-10-22 15:00:00+00:00,3.43
2014-10-22 16:00:00+00:00,31.195
2014-10-22 17:00:00+00:00,60.135
2014-10-22 18:00:00+00:00,66.61
2014-10-22 19:00:00+00:00,43.19
2014-10-22 20:00:00+00:00,26.26
2014-10-22 21:00:00+00:00,19.9975
2014-10-22 22:00:00+00:00,7.2175
2014-10-22 23:00:00+00:00,1.4575
2014-10-23 00:00:00+00:00,0.22
2014-10-23 01:00:00+00:00,0.0
2014-10-23 02:00:00+00:00,0.0
2014-10-23 03:00:00+00:00,0.0025
2014-10-23 04:00:00+00:00,2.6175
2014-10-23 05:00:00+00:00,16.490000000000002
2014-10-23 06:00:00+00:00,23.4875
2014-10-23 07:00:00+00:00,13.83
2014-10-23 08:00:00+00:00,1.4475
2014-10-23 09:00:00+00:00,0.175
2014-10-23 10:00:00+00:00,0.0
2014-10-23 11:00:00+00:00,0.0
2014-10-23 12:00:00+00:00,-0.005
2014-10-23 13:00:00+00:00,-0.01
2014-10-23 14:00:00+00:00,-0.0025
2014-10-23 15:00:00+00:00,1.8025
2014-10-23 16:00:00+00:00,18.9725
2014-10-23 17:00:00+00:00,69.26
2014-10-23 18:00:00+00:00,112.965
2014-10-23 19:00:00+00:00,116.5375
2014-10-23 20:00:00+00:00,102.81
2014-10-23 21:00:00+00:00,76.985
2014-10-23 22:00:00+00:00,101.8525
2014-10-23 23:00:00+00:00,92.505
2014-10-24 00:00:00+00:00,88.63
2014-10-24 01:00:00+00:00,87.6425
2014-10-24 02:00:00+00:00,87.8375
2014-10-24 03:00:00+00:00,90.7375
2014-10-24 04:00:00+00:00,105.895
2014-10-24 05:00:00+00:00,134.6725
2014-10-24 06:00:00+00:00,160.6775
2014-10-24 07:00:00+00:00,133.3
2014-10-24 08:00:00+00:00,93.6925
2014-10-24 09:00:00+00:00,62.510000000000005
2014-10-24 10:00:00+00:00,46.2225
2014-10-24 11:00:00+00:00,28.895
2014-10-24 12:00:00+00:00,16.125
2014-10-24 13:00:00+00:00,15.8725
2014-10-24 14:00:00+00:00,31.94
2014-10-24 15:00:00+00:00,65.32000000000001
2014-10-24 16:00:00+00:00,102.4775
2014-10-24 17:00:00+00:00,126.58
2014-10-24 18:00:00+00:00,161.91750000000002
2014-10-24 19:00:00+00:00,149.925
2014-10-24 20:00:00+00:00,114.6925
2014-10-24 21:00:00+00:00,103.9625
2014-10-24 22:00:00+00:00,97.585
2014-10-24 23:00:00+00:00,93.0775
2014-10-25 00:00:00+00:00,87.7125
2014-10-25 01:00:00+00:00,84.465
2014-10-25 02:00:00+00:00,95.4
2014-10-25 03:00:00+00:00,96.3875
2014-10-25 04:00:00+00:00,99.5125
2014-10-25 05:00:00+00:00,108.1425
2014-10-25 06:00:00+00:00,117.41
2014-10-25 07:00:00+00:00,104.3775
2014-10-25 08:00:00+00:00,84.5025
2014-10-25 09:00:00+00:00,56.7925
2014-10-25 10:00:00+00:00,35.7075
2014-10-25 11:00:00+00:00,28.9625
2014-10-25 12:00:00+00:00,21.2675
2014-10-25 13:00:00+00:00,16.515
2014-10-25 14:00:00+00:00,18.06
2014-10-25 15:00:00+00:00,47.0425
2014-10-25 16:00:00+00:00,88.58500000000001
2014-10-25 17:00:00+00:00,113.12
2014-10-25 18:00:00+00:00,126.4875
2014-10-25 19:00:00+00:00,114.0425
2014-10-25 20:00:00+00:00,106.7125
2014-10-25 21:00:00+00:00,99.775
2014-10-25 22:00:00+00:00,97.49
2014-10-25 23:00:00+00:00,87.4975
2014-10-26 00:00:00+00:00,63.1125
2014-10-26 01:00:00+00:00,57.35
2014-10-26 02:00:00+00:00,58.545
2014-10-26 03:00:00+00:00,57.5825
2014-10-26 04:00:00+00:00,56.2375
2014-10-26 05:00:00+00:00,52.015
2014-10-26 06:00:00+00:00,43.025
2014-10-26 07:00:00+00:00,36.5075
2014-10-26 08:00:00+00:00,14.76
2014-10-26 09:00:00+00:00,5.255
2014-10-26 10:00:00+00:00,2.255
2014-10-26 11:00:00+00:00,1.67
2014-10-26 12:00:00+00:00,2.42
2014-10-26 13:00:00+00:00,4.9775
2014-10-26 14:00:00+00:00,8.62
2014-10-26 15:00:00+00:00,19.6325
2014-10-26 16:00:00+00:00,48.1925
2014-10-26 17:00:00+00:00,82.965
2014-10-26 18:00:00+00:00,96.4175
2014-10-26 19:00:00+00:00,105.37
2014-10-26 20:00:00+00:00,97.8125
2014-10-26 21:00:00+00:00,92.505
2014-10-26 22:00:00+00:00,89.7775
2014-10-26 23:00:00+00:00,87.0
2014-10-27 00:00:00+00:00,77.41499999999999
2014-10-27 01:00:00+00:00,76.9325
2014-10-27 02:00:00+00:00,77.12
2014-10-27 03:00:00+00:00,79.6
2014-10-27 04:00:00+00:00,103.5
2014-10-27 05:00:00+00:00,110.4925
2014-10-27 06:00:00+00:00,152.675
2014-10-27 07:00:00+00:00,124.085
2014-10-27 08:00:00+00:00,85.1875
2014-10-27 09:00:00+00:00,51.0025
2014-10-27 10:00:00+00:00,26.32
2014-10-27 11:00:00+00:00,29.77
2014-10-27 12:00:00+00:00,21.7725
2014-10-27 13:00:00+00:00,20.025
2014-10-27 14:00:00+00:00,42.8025
2014-10-27 15:00:00+00:00,70.7625
2014-10-27 16:00:00+00:00,116.135
2014-10-27 17:00:00+00:00,138.4975
2014-10-27 18:00:00+00:00,145.26
2014-10-27 19:00:00+00:00,157.1325
2014-10-27 20:00:00+00:00,137.7
2014-10-27 21:00:00+00:00,114.7775
2014-10-27 22:00:00+00:00,107.425
2014-10-27 23:00:00+00:00,108.28
2014-10-28 00:00:00+00:00,105.7675
2014-10-28 01:00:00+00:00,105.495
2014-10-28 02:00:00+00:00,104.275
2014-10-28 03:00:00+00:00,104.2925
2014-10-28 04:00:00+00:00,99.62
2014-10-28 05:00:00+00:00,110.2125
2014-10-28 06:00:00+00:00,121.485
2014-10-28 07:00:00+00:00,111.8275
2014-10-28 08:00:00+00:00,100.4375
2014-10-28 09:00:00+00:00,75.1975
2014-10-28 10:00:00+00:00,62.025
2014-10-28 11:00:00+00:00,60.0
2014-10-28 12:00:00+00:00,63.5
2014-10-28 13:00:00+00:00,70.8075
2014-10-28 14:00:00+00:00,74.9675
2014-10-28 15:00:00+00:00,98.8575
2014-10-28 16:00:00+00:00,110.9175
2014-10-28 17:00:00+00:00,128.0425
2014-10-28 18:00:00+00:00,130.1275
2014-10-28 19:00:00+00:00,142.2425
2014-10-28 20:00:00+00:00,130.04
2014-10-28 21:00:00+00:00,111.3325
2014-10-28 22:00:00+00:00,106.695
2014-10-28 23:00:00+00:00,88.7675
2014-10-29 00:00:00+00:00,84.32000000000001
2014-10-29 01:00:00+00:00,80.025
2014-10-29 02:00:00+00:00,76.4975
2014-10-29 03:00:00+00:00,78.57
2014-10-29 04:00:00+00:00,82.34
2014-10-29 05:00:00+00:00,90.26
2014-10-29 06:00:00+00:00,108.3275
2014-10-29 07:00:00+00:00,111.7025
2014-10-29 08:00:00+00:00,102.515
2014-10-29 09:00:00+00:00,89.055
2014-10-29 10:00:00+00:00,83.135
2014-10-29 11:00:00+00:00,82.8175
2014-10-29 12:00:00+00:00,85.1175
2014-10-29 13:00:00+00:00,94.71
2014-10-29 14:00:00+00:00,103.015
2014-10-29 15:00:00+00:00,108.5075
2014-10-29 16:00:00+00:00,123.55
2014-10-29 17:00:00+00:00,137.3225
2014-10-29 18:00:00+00:00,152.38
2014-10-29 19:00:00+00:00,159.89
2014-10-29 20:00:00+00:00,147.6025
2014-10-29 21:00:00+00:00,125.9975
2014-10-29 22:00:00+00:00,111.245
2014-10-29 23:00:00+00:00,120.8075
2014-10-30 00:00:00+00:00,113.0375
2014-10-30 01:00:00+00:00,105.435
2014-10-30 02:00:00+00:00,103.72
2014-10-30 03:00:00+00:00,94.2925
2014-10-30 04:00:00+00:00,92.8175
2014-10-30 05:00:00+00:00,109.4525
2014-10-30 06:00:00+00:00,122.4275
2014-10-30 07:00:00+00:00,119.08
2014-10-30 08:00:00+00:00,110.87
2014-10-30 09:00:00+00:00,63.8675
2014-10-30 10:00:00+00:00,39.3225
2014-10-30 11:00:00+00:00,16.64
2014-10-30 12:00:00+00:00,17.51
2014-10-30 13:00:00+00:00,15.4575
2014-10-30 14:00:00+00:00,25.4525
2014-10-30 15:00:00+00:00,63.39
2014-10-30 16:00:00+00:00,109.0625
2014-10-30 17:00:00+00:00,118.41
2014-10-30 18:00:00+00:00,121.2525
2014-10-30 19:00:00+00:00,135.725
2014-10-30 20:00:00+00:00,120.8
2014-10-30 21:00:00+00:00,109.745
2014-10-30 22:00:00+00:00,93.645
2014-10-30 23:00:00+00:00,69.26
2014-10-31 00:00:00+00:00,54.355
2014-10-31 01:00:00+00:00,52.2675
2014-10-31 02:00:00+00:00,50.81
2014-10-31 03:00:00+00:00,50.4
2014-10-31 04:00:00+00:00,50.81
2014-10-31 05:00:00+00:00,67.4925
2014-10-31 06:00:00+00:00,77.44
2014-10-31 07:00:00+00:00,75.49000000000001
2014-10-31 08:00:00+00:00,58.8975
2014-10-31 09:00:00+00:00,34.0925
2014-10-31 10:00:00+00:00,18.1175
2014-10-31 11:00:00+00:00,17.072499999999998
2014-10-31 12:00:00+00:00,15.915
2014-10-31 13:00:00+00:00,15.7
2014-10-31 14:00:00+00:00,21.7475
2014-10-31 15:00:00+00:00,42.3025
2014-10-31 16:00:00+00:00,65.8175
2014-10-31 17:00:00+00:00,83.2325
2014-10-31 18:00:00+00:00,90.36
2014-10-31 19:00:00+00:00,93.74
2014-10-31 20:00:00+00:00,87.7975
2014-10-31 21:00:00+00:00,77.41499999999999
2014-10-31 22:00:00+00:00,68.485
2014-10-31 23:00:00+00:00,45.925
2014-11-01 00:00:00+00:00,24.4225
2014-11-01 01:00:00+00:00,22.485
2014-11-01 02:00:00+00:00,30.0
2014-11-01 03:00:00+00:00,30.0875
2014-11-01 04:00:00+00:00,33.86
2014-11-01 05:00:00+00:00,47.3
2014-11-01 06:00:00+00:00,51.9975
2014-11-01 07:00:00+00:00,50.395
2014-11-01 08:00:00+00:00,23.745
2014-11-01 09:00:00+00:00,18.3
2014-11-01 10:00:00+00:00,14.895
2014-11-01 11:00:00+00:00,10.775
2014-11-01 12:00:00+00:00,15.6475
2014-11-01 13:00:00+00:00,15.2125
2014-11-01 14:00:00+00:00,21.0075
2014-11-01 15:00:00+00:00,36.22
2014-11-01 16:00:00+00:00,56.655
2014-11-01 17:00:00+00:00,82.3975
2014-11-01 18:00:00+00:00,103.3775
2014-11-01 19:00:00+00:00,104.94
2014-11-01 20:00:00+00:00,100.4275
2014-11-01 21:00:00+00:00,80.985
2014-11-01 22:00:00+00:00,72.865
2014-11-01 23:00:00+00:00,74.44
2014-11-02 00:00:00+00:00,53.8875
2014-11-02 01:00:00+00:00,31.2725
2014-11-02 02:00:00+00:00,16.705
2014-11-02 03:00:00+00:00,16.79
2014-11-02 04:00:00+00:00,17.792499999999997
2014-11-02 05:00:00+00:00,29.985
2014-11-02 06:00:00+00:00,37.2475
2014-11-02 07:00:00+00:00,23.835
2014-11-02 08:00:00+00:00,7.6875
2014-11-02 09:00:00+00:00,0.165
2014-11-02 10:00:00+00:00,0.0
2014-11-02 11:00:00+00:00,0.0
2014-11-02 12:00:00+00:00,0.0
2014-11-02 13:00:00+00:00,0.0
2014-11-02 14:00:00+00:00,0.0
2014-11-02 15:00:00+00:00,5.13
2014-11-02 16:00:00+00:00,38.6175
2014-11-02 17:00:00+00:00,80.49000000000001
2014-11-02 18:00:00+00:00,103.2014
2014-11-02 19:00:00+00:00,110.6225
2014-11-02 20:00:00+00:00,111.6275
2014-11-02 21:00:00+00:00,103.24
2014-11-02 22:00:00+00:00,97.63
2014-11-02 23:00:00+00:00,88.96
2014-11-03 00:00:00+00:00,83.8225
2014-11-03 01:00:00+00:00,82.995
2014-11-03 02:00:00+00:00,82.56
2014-11-03 03:00:00+00:00,82.815
2014-11-03 04:00:00+00:00,86.0075
2014-11-03 05:00:00+00:00,103.2075
2014-11-03 06:00:00+00:00,133.08499999999998
2014-11-03 07:00:00+00:00,113.73
2014-11-03 08:00:00+00:00,70.89
2014-11-03 09:00:00+00:00,34.14
2014-11-03 10:00:00+00:00,19.97
2014-11-03 11:00:00+00:00,16.49
2014-11-03 12:00:00+00:00,13.7225
2014-11-03 13:00:00+00:00,18.62
2014-11-03 14:00:00+00:00,33.6475
2014-11-03 15:00:00+00:00,62.995000000000005
2014-11-03 16:00:00+00:00,110.37
2014-11-03 17:00:00+00:00,125.0325
2014-11-03 18:00:00+00:00,147.6025
2014-11-03 19:00:00+00:00,151.4225
2014-11-03 20:00:00+00:00,130.49
2014-11-03 21:00:00+00:00,102.2775
2014-11-03 22:00:00+00:00,91.845
2014-11-03 23:00:00+00:00,77.885
2014-11-04 00:00:00+00:00,68.3775
2014-11-04 01:00:00+00:00,67.3475
2014-11-04 02:00:00+00:00,56.370000000000005
2014-11-04 03:00:00+00:00,50.025
2014-11-04 04:00:00+00:00,55.4475
2014-11-04 05:00:00+00:00,66.2975
2014-11-04 06:00:00+00:00,79.0
2014-11-04 07:00:00+00:00,72.56
2014-11-04 08:00:00+00:00,33.1325
2014-11-04 09:00:00+00:00,13.655
2014-11-04 10:00:00+00:00,4.535
2014-11-04 11:00:00+00:00,3.7375
2014-11-04 12:00:00+00:00,3.52
2014-11-04 13:00:00+00:00,4.0875
2014-11-04 14:00:00+00:00,12.3025
2014-11-04 15:00:00+00:00,23.225
2014-11-04 16:00:00+00:00,57.3675
2014-11-04 17:00:00+00:00,77.47
2014-11-04 18:00:00+00:00,83.57249999999999
2014-11-04 19:00:00+00:00,82.6425
2014-11-04 20:00:00+00:00,78.115
2014-11-04 21:00:00+00:00,72.345
2014-11-04 22:00:00+00:00,43.525
2014-11-04 23:00:00+00:00,30.8875
2014-11-05 00:00:00+00:00,24.585
2014-11-05 01:00:00+00:00,17.21
2014-11-05 02:00:00+00:00,13.8725
2014-11-05 03:00:00+00:00,7.0
2014-11-05 04:00:00+00:00,13.885
2014-11-05 05:00:00+00:00,27.58
2014-11-05 06:00:00+00:00,33.9875
2014-11-05 07:00:00+00:00,34.07
2014-11-05 08:00:00+00:00,21.2825
2014-11-05 09:00:00+00:00,8.5575
2014-11-05 10:00:00+00:00,3.7175
2014-11-05 11:00:00+00:00,5.3225
2014-11-05 12:00:00+00:00,5.2625
2014-11-05 13:00:00+00:00,9.755
2014-11-05 14:00:00+00:00,16.7225
2014-11-05 15:00:00+00:00,26.66
2014-11-05 16:00:00+00:00,33.405
2014-11-05 17:00:00+00:00,46.22
2014-11-05 18:00:00+00:00,65.88
2014-11-05 19:00:00+00:00,70.5
2014-11-05 20:00:00+00:00,66.8
2014-11-05 21:00:00+00:00,47.9375
2014-11-05 22:00:00+00:00,34.975
2014-11-05 23:00:00+00:00,20.8425
2014-11-06 00:00:00+00:00,15.0875
2014-11-06 01:00:00+00:00,15.365
2014-11-06 02:00:00+00:00,11.6025
2014-11-06 03:00:00+00:00,7.8575
2014-11-06 04:00:00+00:00,16.322499999999998
2014-11-06 05:00:00+00:00,39.1825
2014-11-06 06:00:00+00:00,69.91
2014-11-06 07:00:00+00:00,61.17
2014-11-06 08:00:00+00:00,14.9025
2014-11-06 09:00:00+00:00,3.52
2014-11-06 10:00:00+00:00,0.955
2014-11-06 11:00:00+00:00,0.65
2014-11-06 12:00:00+00:00,0.8625
2014-11-06 13:00:00+00:00,1.505
2014-11-06 14:00:00+00:00,3.265
2014-11-06 15:00:00+00:00,18.1475
2014-11-06 16:00:00+00:00,75.4775
2014-11-06 17:00:00+00:00,101.1625
2014-11-06 18:00:00+00:00,119.5825
2014-11-06 19:00:00+00:00,109.6175
2014-11-06 20:00:00+00:00,92.8375
2014-11-06 21:00:00+00:00,87.5575
2014-11-06 22:00:00+00:00,78.6675
2014-11-06 23:00:00+00:00,59.4625
2014-11-07 00:00:00+00:00,52.9075
2014-11-07 01:00:00+00:00,49.69
2014-11-07 02:00:00+00:00,37.7025
2014-11-07 03:00:00+00:00,33.755
2014-11-07 04:00:00+00:00,43.335
2014-11-07 05:00:00+00:00,62.985
2014-11-07 06:00:00+00:00,80.205
2014-11-07 07:00:00+00:00,91.3925
2014-11-07 08:00:00+00:00,71.8475
2014-11-07 09:00:00+00:00,57.5975
2014-11-07 10:00:00+00:00,49.205
2014-11-07 11:00:00+00:00,48.75
2014-11-07 12:00:00+00:00,43.02
2014-11-07 13:00:00+00:00,50.0075
2014-11-07 14:00:00+00:00,59.8525
2014-11-07 15:00:00+00:00,79.44
2014-11-07 16:00:00+00:00,94.3
2014-11-07 17:00:00+00:00,107.0275
2014-11-07 18:00:00+00:00,107.57
2014-11-07 19:00:00+00:00,103.2075
2014-11-07 20:00:00+00:00,96.1025
2014-11-07 21:00:00+00:00,85.6325
2014-11-07 22:00:00+00:00,72.2075
2014-11-07 23:00:00+00:00,67.58500000000001
2014-11-08 00:00:00+00:00,56.35
2014-11-08 01:00:00+00:00,50.98
2014-11-08 02:00:00+00:00,45.5275
2014-11-08 03:00:00+00:00,35.7125
2014-11-08 04:00:00+00:00,36.9875
2014-11-08 05:00:00+00:00,47.35
2014-11-08 06:00:00+00:00,50.9
2014-11-08 07:00:00+00:00,38.51
2014-11-08 08:00:00+00:00,4.4225
2014-11-08 09:00:00+00:00,0.0025
2014-11-08 10:00:00+00:00,-0.0075
2014-11-08 11:00:00+00:00,-0.26
2014-11-08 12:00:00+00:00,-0.01
2014-11-08 13:00:00+00:00,-0.01
2014-11-08 14:00:00+00:00,-0.005
2014-11-08 15:00:00+00:00,4.5425
2014-11-08 16:00:00+00:00,62.165
2014-11-08 17:00:00+00:00,87.325
2014-11-08 18:00:00+00:00,88.8375
2014-11-08 19:00:00+00:00,84.11
2014-11-08 20:00:00+00:00,78.2725
2014-11-08 21:00:00+00:00,75.815
2014-11-08 22:00:00+00:00,73.0125
2014-11-08 23:00:00+00:00,67.9175
2014-11-09 00:00:00+00:00,61.7775
2014-11-09 01:00:00+00:00,55.45
2014-11-09 02:00:00+00:00,53.3575
2014-11-09 03:00:00+00:00,53.120000000000005
2014-11-09 04:00:00+00:00,56.265
2014-11-09 05:00:00+00:00,67.6575
2014-11-09 06:00:00+00:00,74.32000000000001
2014-11-09 07:00:00+00:00,67.885
2014-11-09 08:00:00+00:00,40.4325
2014-11-09 09:00:00+00:00,2.67
2014-11-09 10:00:00+00:00,0.65
2014-11-09 11:00:00+00:00,0.675
2014-11-09 12:00:00+00:00,2.5775
2014-11-09 13:00:00+00:00,4.0525
2014-11-09 14:00:00+00:00,17.64
2014-11-09 15:00:00+00:00,56.825
2014-11-09 16:00:00+00:00,84.2925
2014-11-09 17:00:00+00:00,95.005
2014-11-09 18:00:00+00:00,105.5025
2014-11-09 19:00:00+00:00,112.9175
2014-11-09 20:00:00+00:00,115.1225
2014-11-09 21:00:00+00:00,104.005
2014-11-09 22:00:00+00:00,89.475
2014-11-09 23:00:00+00:00,89.33
2014-11-10 00:00:00+00:00,78.7025
2014-11-10 01:00:00+00:00,66.35249999999999
2014-11-10 02:00:00+00:00,59.925
2014-11-10 03:00:00+00:00,59.675
2014-11-10 04:00:00+00:00,66.865
2014-11-10 05:00:00+00:00,91.205
2014-11-10 06:00:00+00:00,110.06
2014-11-10 07:00:00+00:00,111.6025
2014-11-10 08:00:00+00:00,72.655
2014-11-10 09:00:00+00:00,44.105
2014-11-10 10:00:00+00:00,35.6775
2014-11-10 11:00:00+00:00,37.72
2014-11-10 12:00:00+00:00,31.0
2014-11-10 13:00:00+00:00,32.78
2014-11-10 14:00:00+00:00,47.7675
2014-11-10 15:00:00+00:00,70.15
2014-11-10 16:00:00+00:00,110.4925
2014-11-10 17:00:00+00:00,131.57
2014-11-10 18:00:00+00:00,143.68
2014-11-10 19:00:00+00:00,136.88
2014-11-10 20:00:00+00:00,131.285
2014-11-10 21:00:00+00:00,107.02
2014-11-10 22:00:00+00:00,93.9725
2014-11-10 23:00:00+00:00,91.275
2014-11-11 00:00:00+00:00,88.64500000000001
2014-11-11 01:00:00+00:00,89.22
2014-11-11 02:00:00+00:00,88.95
2014-11-11 03:00:00+00:00,88.71000000000001
2014-11-11 04:00:00+00:00,88.435
2014-11-11 05:00:00+00:00,89.6575
2014-11-11 06:00:00+00:00,94.87
2014-11-11 07:00:00+00:00,93.4325
2014-11-11 08:00:00+00:00,50.9875
2014-11-11 09:00:00+00:00,13.0675
2014-11-11 10:00:00+00:00,10.7
2014-11-11 11:00:00+00:00,12.955
2014-11-11 12:00:00+00:00,8.665000000000001
2014-11-11 13:00:00+00:00,5.635
2014-11-11 14:00:00+00:00,12.815
2014-11-11 15:00:00+00:00,42.005
2014-11-11 16:00:00+00:00,79.66
2014-11-11 17:00:00+00:00,95.78
2014-11-11 18:00:00+00:00,102.475
2014-11-11 19:00:00+00:00,102.605
2014-11-11 20:00:00+00:00,96.1675
2014-11-11 21:00:00+00:00,87.89
2014-11-11 22:00:00+00:00,70.4575
2014-11-11 23:00:00+00:00,36.895
2014-11-12 00:00:00+00:00,18.7075
2014-11-12 01:00:00+00:00,15.7675
2014-11-12 02:00:00+00:00,12.2575
2014-11-12 03:00:00+00:00,9.21
2014-11-12 04:00:00+00:00,14.48
2014-11-12 05:00:00+00:00,37.5725
2014-11-12 06:00:00+00:00,52.36
2014-11-12 07:00:00+00:00,45.4575
2014-11-12 08:00:00+00:00,11.5925
2014-11-12 09:00:00+00:00,2.0875
2014-11-12 10:00:00+00:00,0.0025
2014-11-12 11:00:00+00:00,1.3375
2014-11-12 12:00:00+00:00,0.7875
2014-11-12 13:00:00+00:00,1.145
2014-11-12 14:00:00+00:00,3.2425
2014-11-12 15:00:00+00:00,16.1525
2014-11-12 16:00:00+00:00,46.42
2014-11-12 17:00:00+00:00,55.23
2014-11-12 18:00:00+00:00,63.5
2014-11-12 19:00:00+00:00,71.57
2014-11-12 20:00:00+00:00,65.66
2014-11-12 21:00:00+00:00,51.95
2014-11-12 22:00:00+00:00,33.355000000000004
2014-11-12 23:00:00+00:00,24.5175
2014-11-13 00:00:00+00:00,21.5575
2014-11-13 01:00:00+00:00,17.2625
2014-11-13 02:00:00+00:00,14.2325
2014-11-13 03:00:00+00:00,13.9
2014-11-13 04:00:00+00:00,17.0075
2014-11-13 05:00:00+00:00,30.185
2014-11-13 06:00:00+00:00,45.8675
2014-11-13 07:00:00+00:00,50.0
2014-11-13 08:00:00+00:00,43.03
2014-11-13 09:00:00+00:00,30.39
2014-11-13 10:00:00+00:00,21.6975
2014-11-13 11:00:00+00:00,22.2625
2014-11-13 12:00:00+00:00,20.985
2014-11-13 13:00:00+00:00,21.8125
2014-11-13 14:00:00+00:00,30.1175
2014-11-13 15:00:00+00:00,38.845
2014-11-13 16:00:00+00:00,45.0425
2014-11-13 17:00:00+00:00,53.96
2014-11-13 18:00:00+00:00,53.1225
2014-11-13 19:00:00+00:00,49.1875
2014-11-13 20:00:00+00:00,44.5325
2014-11-13 21:00:00+00:00,33.375
2014-11-13 22:00:00+00:00,22.705
2014-11-13 23:00:00+00:00,19.3975
2014-11-14 00:00:00+00:00,19.4425
2014-11-14 01:00:00+00:00,12.7275
2014-11-14 02:00:00+00:00,8.925
2014-11-14 03:00:00+00:00,5.315
2014-11-14 04:00:00+00:00,11.365
2014-11-14 05:00:00+00:00,16.1875
2014-11-14 06:00:00+00:00,41.5625
2014-11-14 07:00:00+00:00,50.58
2014-11-14 08:00:00+00:00,34.665
2014-11-14 09:00:00+00:00,14.67
2014-11-14 10:00:00+00:00,18.94
2014-11-14 11:00:00+00:00,21.03
2014-11-14 12:00:00+00:00,17.0825
2014-11-14 13:00:00+00:00,20.8075
2014-11-14 14:00:00+00:00,23.87
2014-11-14 15:00:00+00:00,29.4
2014-11-14 16:00:00+00:00,47.5525
2014-11-14 17:00:00+00:00,54.935
2014-11-14 18:00:00+00:00,57.9675
2014-11-14 19:00:00+00:00,54.9925
2014-11-14 20:00:00+00:00,49.365
2014-11-14 21:00:00+00:00,41.3775
2014-11-14 22:00:00+00:00,33.2825
2014-11-14 23:00:00+00:00,22.9875
2014-11-15 00:00:00+00:00,19.755000000000003
2014-11-15 01:00:00+00:00,17.6
2014-11-15 02:00:00+00:00,16.8825
2014-11-15 03:00:00+00:00,16.495
2014-11-15 04:00:00+00:00,17.1025
2014-11-15 05:00:00+00:00,19.6425
2014-11-15 06:00:00+00:00,21.3
2014-11-15 07:00:00+00:00,30.725
2014-11-15 08:00:00+00:00,28.855
2014-11-15 09:00:00+00:00,24.3175
2014-11-15 10:00:00+00:00,18.16
2014-11-15 11:00:00+00:00,23.0425
2014-11-15 12:00:00+00:00,24.595
2014-11-15 13:00:00+00:00,31.755
2014-11-15 14:00:00+00:00,36.0975
2014-11-15 15:00:00+00:00,40.74
2014-11-15 16:00:00+00:00,48.165
2014-11-15 17:00:00+00:00,65.0525
2014-11-15 18:00:00+00:00,58.6175
2014-11-15 19:00:00+00:00,48.275
2014-11-15 20:00:00+00:00,45.2525
2014-11-15 21:00:00+00:00,41.1775
2014-11-15 22:00:00+00:00,38.515
2014-11-15 23:00:00+00:00,35.315
2014-11-16 00:00:00+00:00,29.455
2014-11-16 01:00:00+00:00,25.7725
2014-11-16 02:00:00+00:00,23.5775
2014-11-16 03:00:00+00:00,22.9475
2014-11-16 04:00:00+00:00,23.0775
2014-11-16 05:00:00+00:00,24.09
2014-11-16 06:00:00+00:00,31.0775
2014-11-16 07:00:00+00:00,22.9725
2014-11-16 08:00:00+00:00,15.83
2014-11-16 09:00:00+00:00,3.0275
2014-11-16 10:00:00+00:00,0.245
2014-11-16 11:00:00+00:00,0.0
2014-11-16 12:00:00+00:00,0.0075
2014-11-16 13:00:00+00:00,0.2525
2014-11-16 14:00:00+00:00,3.6375
2014-11-16 15:00:00+00:00,20.065
2014-11-16 16:00:00+00:00,52.24
2014-11-16 17:00:00+00:00,72.6125
2014-11-16 18:00:00+00:00,82.44
2014-11-16 19:00:00+00:00,91.5875
2014-11-16 20:00:00+00:00,96.1325
2014-11-16 21:00:00+00:00,78.33
2014-11-16 22:00:00+00:00,64.6425
2014-11-16 23:00:00+00:00,77.53
2014-11-17 00:00:00+00:00,70.045
2014-11-17 01:00:00+00:00,66.235
2014-11-17 02:00:00+00:00,65.36
2014-11-17 03:00:00+00:00,65.91499999999999
2014-11-17 04:00:00+00:00,74.3425
2014-11-17 05:00:00+00:00,91.865
2014-11-17 06:00:00+00:00,125.675
2014-11-17 07:00:00+00:00,136.4225
2014-11-17 08:00:00+00:00,82.4175
2014-11-17 09:00:00+00:00,66.8475
2014-11-17 10:00:00+00:00,57.185
2014-11-17 11:00:00+00:00,50.9475
2014-11-17 12:00:00+00:00,39.1
2014-11-17 13:00:00+00:00,37.620000000000005
2014-11-17 14:00:00+00:00,46.5075
2014-11-17 15:00:00+00:00,69.3575
2014-11-17 16:00:00+00:00,92.4925
2014-11-17 17:00:00+00:00,112.8175
2014-11-17 18:00:00+00:00,110.735
2014-11-17 19:00:00+00:00,103.73
2014-11-17 20:00:00+00:00,90.1875
2014-11-17 21:00:00+00:00,87.4675
2014-11-17 22:00:00+00:00,80.16
2014-11-17 23:00:00+00:00,78.99249999999999
2014-11-18 00:00:00+00:00,75.4425
2014-11-18 01:00:00+00:00,71.5275
2014-11-18 02:00:00+00:00,69.425
2014-11-18 03:00:00+00:00,68.7125
2014-11-18 04:00:00+00:00,68.8725
2014-11-18 05:00:00+00:00,90.4075
2014-11-18 06:00:00+00:00,103.0425
2014-11-18 07:00:00+00:00,103.5
2014-11-18 08:00:00+00:00,76.09
2014-11-18 09:00:00+00:00,42.0225
2014-11-18 10:00:00+00:00,13.9475
2014-11-18 11:00:00+00:00,9.055
2014-11-18 12:00:00+00:00,19.625
2014-11-18 13:00:00+00:00,25.645
2014-11-18 14:00:00+00:00,48.83
2014-11-18 15:00:00+00:00,82.72749999999999
2014-11-18 16:00:00+00:00,106.0625
2014-11-18 17:00:00+00:00,131.675
2014-11-18 18:00:00+00:00,133.0475
2014-11-18 19:00:00+00:00,134.3825
2014-11-18 20:00:00+00:00,134.4225
2014-11-18 21:00:00+00:00,112.6525
2014-11-18 22:00:00+00:00,97.7575
2014-11-18 23:00:00+00:00,119.36
2014-11-19 00:00:00+00:00,104.925
2014-11-19 01:00:00+00:00,97.005
2014-11-19 02:00:00+00:00,96.91
2014-11-19 03:00:00+00:00,95.585
2014-11-19 04:00:00+00:00,97.96
2014-11-19 05:00:00+00:00,113.2275
2014-11-19 06:00:00+00:00,114.14
2014-11-19 07:00:00+00:00,116.6225
2014-11-19 08:00:00+00:00,99.45
2014-11-19 09:00:00+00:00,92.105
2014-11-19 10:00:00+00:00,74.905
2014-11-19 11:00:00+00:00,70.9625
2014-11-19 12:00:00+00:00,66.99249999999999
2014-11-19 13:00:00+00:00,69.06
2014-11-19 14:00:00+00:00,82.22
2014-11-19 15:00:00+00:00,89.595
2014-11-19 16:00:00+00:00,114.2425
2014-11-19 17:00:00+00:00,120.0175
2014-11-19 18:00:00+00:00,124.0575
2014-11-19 19:00:00+00:00,129.2475
2014-11-19 20:00:00+00:00,114.5075
2014-11-19 21:00:00+00:00,104.155
2014-11-19 22:00:00+00:00,96.68
2014-11-19 23:00:00+00:00,83.53
2014-11-20 00:00:00+00:00,75.745
2014-11-20 01:00:00+00:00,74.1825
2014-11-20 02:00:00+00:00,72.415
2014-11-20 03:00:00+00:00,72.8725
2014-11-20 04:00:00+00:00,83.53999999999999
2014-11-20 05:00:00+00:00,94.7
2014-11-20 06:00:00+00:00,106.425
2014-11-20 07:00:00+00:00,117.2675
2014-11-20 08:00:00+00:00,91.05
2014-11-20 09:00:00+00:00,70.085
2014-11-20 10:00:00+00:00,62.7125
2014-11-20 11:00:00+00:00,56.1525
2014-11-20 12:00:00+00:00,46.345
2014-11-20 13:00:00+00:00,34.8775
2014-11-20 14:00:00+00:00,45.1125
2014-11-20 15:00:00+00:00,77.1875
2014-11-20 16:00:00+00:00,102.8775
2014-11-20 17:00:00+00:00,116.58
2014-11-20 18:00:00+00:00,124.385
2014-11-20 19:00:00+00:00,125.1025
2014-11-20 20:00:00+00:00,105.72
2014-11-20 21:00:00+00:00,100.9625
2014-11-20 22:00:00+00:00,89.25
2014-11-20 23:00:00+00:00,73.175
2014-11-21 00:00:00+00:00,64.36
2014-11-21 01:00:00+00:00,62.3475
2014-11-21 02:00:00+00:00,58.585
2014-11-21 03:00:00+00:00,58.2775
2014-11-21 04:00:00+00:00,52.9775
2014-11-21 05:00:00+00:00,59.5
2014-11-21 06:00:00+00:00,71.935
2014-11-21 07:00:00+00:00,73.8575
2014-11-21 08:00:00+00:00,27.8275
2014-11-21 09:00:00+00:00,0.25
2014-11-21 10:00:00+00:00,0.2925
2014-11-21 11:00:00+00:00,0.75
2014-11-21 12:00:00+00:00,0.82
2014-11-21 13:00:00+00:00,1.935
2014-11-21 14:00:00+00:00,14.8325
2014-11-21 15:00:00+00:00,41.4625
2014-11-21 16:00:00+00:00,88.3
2014-11-21 17:00:00+00:00,113.375
2014-11-21 18:00:00+00:00,147.4275
2014-11-21 19:00:00+00:00,135.34
2014-11-21 20:00:00+00:00,104.3075
2014-11-21 21:00:00+00:00,99.185
2014-11-21 22:00:00+00:00,92.265
2014-11-21 23:00:00+00:00,89.52000000000001
2014-11-22 00:00:00+00:00,79.16
2014-11-22 01:00:00+00:00,75.44749999999999
2014-11-22 02:00:00+00:00,70.025
2014-11-22 03:00:00+00:00,67.22
2014-11-22 04:00:00+00:00,67.22
2014-11-22 05:00:00+00:00,74.47
2014-11-22 06:00:00+00:00,83.765
2014-11-22 07:00:00+00:00,76.9375
2014-11-22 08:00:00+00:00,34.6775
2014-11-22 09:00:00+00:00,2.1325
2014-11-22 10:00:00+00:00,0.5275
2014-11-22 11:00:00+00:00,0.65
2014-11-22 12:00:00+00:00,0.6525000000000001
2014-11-22 13:00:00+00:00,0.7925
2014-11-22 14:00:00+00:00,2.78
2014-11-22 15:00:00+00:00,42.905
2014-11-22 16:00:00+00:00,90.25
2014-11-22 17:00:00+00:00,98.8525
2014-11-22 18:00:00+00:00,102.83
2014-11-22 19:00:00+00:00,91.1325
2014-11-22 20:00:00+00:00,92.1725
2014-11-22 21:00:00+00:00,90.225
2014-11-22 22:00:00+00:00,83.325
2014-11-22 23:00:00+00:00,73.2775
2014-11-23 00:00:00+00:00,62.28
2014-11-23 01:00:00+00:00,41.865
2014-11-23 02:00:00+00:00,39.39
2014-11-23 03:00:00+00:00,34.625
2014-11-23 04:00:00+00:00,42.0925
2014-11-23 05:00:00+00:00,47.425
2014-11-23 06:00:00+00:00,64.2075
2014-11-23 07:00:00+00:00,58.0625
2014-11-23 08:00:00+00:00,16.4425
2014-11-23 09:00:00+00:00,1.6375
2014-11-23 10:00:00+00:00,0.0249999999999999
2014-11-23 11:00:00+00:00,0.0
2014-11-23 12:00:00+00:00,0.0
2014-11-23 13:00:00+00:00,0.0
2014-11-23 14:00:00+00:00,0.2825
2014-11-23 15:00:00+00:00,14.0975
2014-11-23 16:00:00+00:00,58.8075
2014-11-23 17:00:00+00:00,68.755
2014-11-23 18:00:00+00:00,73.51
2014-11-23 19:00:00+00:00,79.15
2014-11-23 20:00:00+00:00,72.6475
2014-11-23 21:00:00+00:00,65.185
2014-11-23 22:00:00+00:00,43.255
2014-11-23 23:00:00+00:00,27.5975
2014-11-24 00:00:00+00:00,10.8
2014-11-24 01:00:00+00:00,3.91
2014-11-24 02:00:00+00:00,3.52
2014-11-24 03:00:00+00:00,3.52
2014-11-24 04:00:00+00:00,3.52
2014-11-24 05:00:00+00:00,15.935
2014-11-24 06:00:00+00:00,47.08
2014-11-24 07:00:00+00:00,61.28
2014-11-24 08:00:00+00:00,47.8825
2014-11-24 09:00:00+00:00,39.197500000000005
2014-11-24 10:00:00+00:00,31.4875
2014-11-24 11:00:00+00:00,28.125
2014-11-24 12:00:00+00:00,34.1725
2014-11-24 13:00:00+00:00,38.6725
2014-11-24 14:00:00+00:00,45.255
2014-11-24 15:00:00+00:00,55.785
2014-11-24 16:00:00+00:00,61.6825
2014-11-24 17:00:00+00:00,73.0625
2014-11-24 18:00:00+00:00,74.8225
2014-11-24 19:00:00+00:00,82.07
2014-11-24 20:00:00+00:00,77.74
2014-11-24 21:00:00+00:00,71.2675
2014-11-24 22:00:00+00:00,64.195
2014-11-24 23:00:00+00:00,42.915
2014-11-25 00:00:00+00:00,39.75
2014-11-25 01:00:00+00:00,29.8375
2014-11-25 02:00:00+00:00,21.505
2014-11-25 03:00:00+00:00,16.705
2014-11-25 04:00:00+00:00,31.825
2014-11-25 05:00:00+00:00,59.78
2014-11-25 06:00:00+00:00,77.68
2014-11-25 07:00:00+00:00,82.115
2014-11-25 08:00:00+00:00,58.04
2014-11-25 09:00:00+00:00,13.46
2014-11-25 10:00:00+00:00,3.24
2014-11-25 11:00:00+00:00,0.9625
2014-11-25 12:00:00+00:00,0.655
2014-11-25 13:00:00+00:00,0.655
2014-11-25 14:00:00+00:00,2.6875
2014-11-25 15:00:00+00:00,27.555
2014-11-25 16:00:00+00:00,89.125
2014-11-25 17:00:00+00:00,99.83
2014-11-25 18:00:00+00:00,102.1075
2014-11-25 19:00:00+00:00,96.2775
2014-11-25 20:00:00+00:00,90.3125
2014-11-25 21:00:00+00:00,88.595
2014-11-25 22:00:00+00:00,80.3775
2014-11-25 23:00:00+00:00,78.135
2014-11-26 00:00:00+00:00,68.97
2014-11-26 01:00:00+00:00,62.3775
2014-11-26 02:00:00+00:00,63.08
2014-11-26 03:00:00+00:00,61.99
2014-11-26 04:00:00+00:00,73.9125
2014-11-26 05:00:00+00:00,81.0475
2014-11-26 06:00:00+00:00,94.5425
2014-11-26 07:00:00+00:00,104.6675
2014-11-26 08:00:00+00:00,69.2
2014-11-26 09:00:00+00:00,33.7875
2014-11-26 10:00:00+00:00,5.3025
2014-11-26 11:00:00+00:00,3.58
2014-11-26 12:00:00+00:00,3.56
2014-11-26 13:00:00+00:00,4.05
2014-11-26 14:00:00+00:00,17.2175
2014-11-26 15:00:00+00:00,69.9575
2014-11-26 16:00:00+00:00,97.455
2014-11-26 17:00:00+00:00,120.43
2014-11-26 18:00:00+00:00,142.01
2014-11-26 19:00:00+00:00,124.83
2014-11-26 20:00:00+00:00,100.21
2014-11-26 21:00:00+00:00,91.89
2014-11-26 22:00:00+00:00,88.89
2014-11-26 23:00:00+00:00,88.89
2014-11-27 00:00:00+00:00,81.46000000000001
2014-11-27 01:00:00+00:00,73.8125
2014-11-27 02:00:00+00:00,68.41
2014-11-27 03:00:00+00:00,66.3825
2014-11-27 04:00:00+00:00,68.9675
2014-11-27 05:00:00+00:00,77.4625
2014-11-27 06:00:00+00:00,96.7125
2014-11-27 07:00:00+00:00,99.8925
2014-11-27 08:00:00+00:00,84.16499999999999
2014-11-27 09:00:00+00:00,55.37
2014-11-27 10:00:00+00:00,45.305
2014-11-27 11:00:00+00:00,45.905
2014-11-27 12:00:00+00:00,51.59
2014-11-27 13:00:00+00:00,55.475
2014-11-27 14:00:00+00:00,63.8325
2014-11-27 15:00:00+00:00,84.1
2014-11-27 16:00:00+00:00,101.5575
2014-11-27 17:00:00+00:00,114.715
2014-11-27 18:00:00+00:00,119.0075
2014-11-27 19:00:00+00:00,147.39499999999998
2014-11-27 20:00:00+00:00,155.925
2014-11-27 21:00:00+00:00,115.75
2014-11-27 22:00:00+00:00,102.2975
2014-11-27 23:00:00+00:00,91.6975
2014-11-28 00:00:00+00:00,87.075
2014-11-28 01:00:00+00:00,90.7075
2014-11-28 02:00:00+00:00,88.89250000000001
2014-11-28 03:00:00+00:00,88.795
2014-11-28 04:00:00+00:00,92.19
2014-11-28 05:00:00+00:00,97.4775
2014-11-28 06:00:00+00:00,128.6575
2014-11-28 07:00:00+00:00,134.4175
2014-11-28 08:00:00+00:00,101.9725
2014-11-28 09:00:00+00:00,88.0375
2014-11-28 10:00:00+00:00,77.89
2014-11-28 11:00:00+00:00,77.3475
2014-11-28 12:00:00+00:00,71.75
2014-11-28 13:00:00+00:00,69.0475
2014-11-28 14:00:00+00:00,74.725
2014-11-28 15:00:00+00:00,87.035
2014-11-28 16:00:00+00:00,105.3925
2014-11-28 17:00:00+00:00,120.015
2014-11-28 18:00:00+00:00,128.1925
2014-11-28 19:00:00+00:00,143.065
2014-11-28 20:00:00+00:00,123.49
2014-11-28 21:00:00+00:00,102.5875
2014-11-28 22:00:00+00:00,99.035
2014-11-28 23:00:00+00:00,105.72
2014-11-29 00:00:00+00:00,99.525
2014-11-29 01:00:00+00:00,97.055
2014-11-29 02:00:00+00:00,94.375
2014-11-29 03:00:00+00:00,84.6425
2014-11-29 04:00:00+00:00,83.2575
2014-11-29 05:00:00+00:00,85.6
2014-11-29 06:00:00+00:00,91.915
2014-11-29 07:00:00+00:00,93.795
2014-11-29 08:00:00+00:00,80.555
2014-11-29 09:00:00+00:00,62.88
2014-11-29 10:00:00+00:00,50.0575
2014-11-29 11:00:00+00:00,50.5275
2014-11-29 12:00:00+00:00,44.395
2014-11-29 13:00:00+00:00,47.6375
2014-11-29 14:00:00+00:00,56.845
2014-11-29 15:00:00+00:00,72.33
2014-11-29 16:00:00+00:00,95.85
2014-11-29 17:00:00+00:00,97.78
2014-11-29 18:00:00+00:00,100.2425
2014-11-29 19:00:00+00:00,100.555
2014-11-29 20:00:00+00:00,99.6075
2014-11-29 21:00:00+00:00,91.895
2014-11-29 22:00:00+00:00,86.58500000000001
2014-11-29 23:00:00+00:00,76.85249999999999
2014-11-30 00:00:00+00:00,70.755
2014-11-30 01:00:00+00:00,68.4975
2014-11-30 02:00:00+00:00,66.4025
2014-11-30 03:00:00+00:00,65.9575
2014-11-30 04:00:00+00:00,66.44749999999999
2014-11-30 05:00:00+00:00,65.205
2014-11-30 06:00:00+00:00,69.37
2014-11-30 07:00:00+00:00,73.84
2014-11-30 08:00:00+00:00,77.8275
2014-11-30 09:00:00+00:00,67.92
2014-11-30 10:00:00+00:00,56.155
2014-11-30 11:00:00+00:00,41.55
2014-11-30 12:00:00+00:00,48.8
2014-11-30 13:00:00+00:00,51.4875
2014-11-30 14:00:00+00:00,60.4425
2014-11-30 15:00:00+00:00,80.35
2014-11-30 16:00:00+00:00,99.2725
2014-11-30 17:00:00+00:00,105.3775
2014-11-30 18:00:00+00:00,106.8075
2014-11-30 19:00:00+00:00,101.4225
2014-11-30 20:00:00+00:00,95.9275
2014-11-30 21:00:00+00:00,93.6
2014-11-30 22:00:00+00:00,87.71000000000001
2014-11-30 23:00:00+00:00,87.02
2014-12-01 00:00:00+00:00,75.7825
2014-12-01 01:00:00+00:00,70.5
2014-12-01 02:00:00+00:00,70.155
2014-12-01 03:00:00+00:00,77.3125
2014-12-01 04:00:00+00:00,88.7375
2014-12-01 05:00:00+00:00,99.6725
2014-12-01 06:00:00+00:00,108.345
2014-12-01 07:00:00+00:00,113.505
2014-12-01 08:00:00+00:00,95.21
2014-12-01 09:00:00+00:00,75.1175
2014-12-01 10:00:00+00:00,68.2
2014-12-01 11:00:00+00:00,70.7975
2014-12-01 12:00:00+00:00,69.57249999999999
2014-12-01 13:00:00+00:00,69.8825
2014-12-01 14:00:00+00:00,73.375
2014-12-01 15:00:00+00:00,85.6525
2014-12-01 16:00:00+00:00,95.12
2014-12-01 17:00:00+00:00,104.87
2014-12-01 18:00:00+00:00,122.9575
2014-12-01 19:00:00+00:00,137.87
2014-12-01 20:00:00+00:00,138.245
2014-12-01 21:00:00+00:00,109.005
2014-12-01 22:00:00+00:00,95.7775
2014-12-01 23:00:00+00:00,79.025
2014-12-02 00:00:00+00:00,76.36
2014-12-02 01:00:00+00:00,72.22999999999999
2014-12-02 02:00:00+00:00,68.77250000000001
2014-12-02 03:00:00+00:00,67.955
2014-12-02 04:00:00+00:00,70.10249999999999
2014-12-02 05:00:00+00:00,80.995
2014-12-02 06:00:00+00:00,90.29
2014-12-02 07:00:00+00:00,95.4875
2014-12-02 08:00:00+00:00,91.4175
2014-12-02 09:00:00+00:00,84.8925
2014-12-02 10:00:00+00:00,82.5125
2014-12-02 11:00:00+00:00,80.3
2014-12-02 12:00:00+00:00,73.9
2014-12-02 13:00:00+00:00,72.4175
2014-12-02 14:00:00+00:00,84.46000000000001
2014-12-02 15:00:00+00:00,87.6775
2014-12-02 16:00:00+00:00,111.4325
2014-12-02 17:00:00+00:00,125.885
2014-12-02 18:00:00+00:00,126.315
2014-12-02 19:00:00+00:00,120.3025
2014-12-02 20:00:00+00:00,103.155
2014-12-02 21:00:00+00:00,94.0275
2014-12-02 22:00:00+00:00,87.6775
2014-12-02 23:00:00+00:00,85.0475
2014-12-03 00:00:00+00:00,79.35749999999999
2014-12-03 01:00:00+00:00,74.5175
2014-12-03 02:00:00+00:00,68.15
2014-12-03 03:00:00+00:00,67.1425
2014-12-03 04:00:00+00:00,72.23
2014-12-03 05:00:00+00:00,77.9
2014-12-03 06:00:00+00:00,93.07
2014-12-03 07:00:00+00:00,99.84
2014-12-03 08:00:00+00:00,83.8775
2014-12-03 09:00:00+00:00,67.38
2014-12-03 10:00:00+00:00,38.1375
2014-12-03 11:00:00+00:00,20.6325
2014-12-03 12:00:00+00:00,15.4425
2014-12-03 13:00:00+00:00,14.5875
2014-12-03 14:00:00+00:00,31.1125
2014-12-03 15:00:00+00:00,64.4725
2014-12-03 16:00:00+00:00,88.2875
2014-12-03 17:00:00+00:00,102.435
2014-12-03 18:00:00+00:00,99.2175
2014-12-03 19:00:00+00:00,96.8825
2014-12-03 20:00:00+00:00,88.75999999999999
2014-12-03 21:00:00+00:00,85.475
2014-12-03 22:00:00+00:00,76.045
2014-12-03 23:00:00+00:00,61.075
2014-12-04 00:00:00+00:00,55.945
2014-12-04 01:00:00+00:00,47.8
2014-12-04 02:00:00+00:00,43.04
2014-12-04 03:00:00+00:00,35.7
2014-12-04 04:00:00+00:00,46.4975
2014-12-04 05:00:00+00:00,61.5625
2014-12-04 06:00:00+00:00,77.215
2014-12-04 07:00:00+00:00,84.46000000000001
2014-12-04 08:00:00+00:00,77.9275
2014-12-04 09:00:00+00:00,65.975
2014-12-04 10:00:00+00:00,57.9925
2014-12-04 11:00:00+00:00,51.6
2014-12-04 12:00:00+00:00,47.9375
2014-12-04 13:00:00+00:00,47.3325
2014-12-04 14:00:00+00:00,53.2975
2014-12-04 15:00:00+00:00,65.605
2014-12-04 16:00:00+00:00,79.1075
2014-12-04 17:00:00+00:00,85.51249999999999
2014-12-04 18:00:00+00:00,88.96
2014-12-04 19:00:00+00:00,88.8425
2014-12-04 20:00:00+00:00,85.4375
2014-12-04 21:00:00+00:00,80.225
2014-12-04 22:00:00+00:00,65.35
2014-12-04 23:00:00+00:00,73.8875
2014-12-05 00:00:00+00:00,62.555
2014-12-05 01:00:00+00:00,56.61
2014-12-05 02:00:00+00:00,55.322500000000005
2014-12-05 03:00:00+00:00,54.7525
2014-12-05 04:00:00+00:00,59.4375
2014-12-05 05:00:00+00:00,71.0825
2014-12-05 06:00:00+00:00,79.88499999999999
2014-12-05 07:00:00+00:00,88.005
2014-12-05 08:00:00+00:00,84.85249999999999
2014-12-05 09:00:00+00:00,82.0325
2014-12-05 10:00:00+00:00,74.78
2014-12-05 11:00:00+00:00,65.2375
2014-12-05 12:00:00+00:00,55.4175
2014-12-05 13:00:00+00:00,54.835
2014-12-05 14:00:00+00:00,67.875
2014-12-05 15:00:00+00:00,78.285
2014-12-05 16:00:00+00:00,84.3175
2014-12-05 17:00:00+00:00,87.155
2014-12-05 18:00:00+00:00,83.0
2014-12-05 19:00:00+00:00,79.185
2014-12-05 20:00:00+00:00,71.8225
2014-12-05 21:00:00+00:00,67.9375
2014-12-05 22:00:00+00:00,56.47
2014-12-05 23:00:00+00:00,33.8275
2014-12-06 00:00:00+00:00,22.84
2014-12-06 01:00:00+00:00,19.2825
2014-12-06 02:00:00+00:00,15.14
2014-12-06 03:00:00+00:00,12.6975
2014-12-06 04:00:00+00:00,13.6725
2014-12-06 05:00:00+00:00,17.62
2014-12-06 06:00:00+00:00,23.345
2014-12-06 07:00:00+00:00,25.0575
2014-12-06 08:00:00+00:00,30.185
2014-12-06 09:00:00+00:00,26.24
2014-12-06 10:00:00+00:00,17.5975
2014-12-06 11:00:00+00:00,18.575
2014-12-06 12:00:00+00:00,15.315
2014-12-06 13:00:00+00:00,16.61
2014-12-06 14:00:00+00:00,19.51
2014-12-06 15:00:00+00:00,30.365
2014-12-06 16:00:00+00:00,52.0025
2014-12-06 17:00:00+00:00,61.05
2014-12-06 18:00:00+00:00,64.9475
2014-12-06 19:00:00+00:00,69.9025
2014-12-06 20:00:00+00:00,68.645
2014-12-06 21:00:00+00:00,66.945
2014-12-06 22:00:00+00:00,52.37
2014-12-06 23:00:00+00:00,33.3225
2014-12-07 00:00:00+00:00,23.9975
2014-12-07 01:00:00+00:00,22.7125
2014-12-07 02:00:00+00:00,17.675
2014-12-07 03:00:00+00:00,11.0
2014-12-07 04:00:00+00:00,14.53
2014-12-07 05:00:00+00:00,18.37
2014-12-07 06:00:00+00:00,18.9925
2014-12-07 07:00:00+00:00,19.92
2014-12-07 08:00:00+00:00,16.3325
2014-12-07 09:00:00+00:00,11.135
2014-12-07 10:00:00+00:00,6.265
2014-12-07 11:00:00+00:00,0.7425
2014-12-07 12:00:00+00:00,0.5
2014-12-07 13:00:00+00:00,0.805
2014-12-07 14:00:00+00:00,4.5475
2014-12-07 15:00:00+00:00,15.08
2014-12-07 16:00:00+00:00,49.9175
2014-12-07 17:00:00+00:00,73.6325
2014-12-07 18:00:00+00:00,83.0325
2014-12-07 19:00:00+00:00,89.59
2014-12-07 20:00:00+00:00,91.14
2014-12-07 21:00:00+00:00,80.3025
2014-12-07 22:00:00+00:00,71.595
2014-12-07 23:00:00+00:00,71.3375
2014-12-08 00:00:00+00:00,65.525
2014-12-08 01:00:00+00:00,52.42
2014-12-08 02:00:00+00:00,50.0
2014-12-08 03:00:00+00:00,47.46
2014-12-08 04:00:00+00:00,50.175
2014-12-08 05:00:00+00:00,52.045
2014-12-08 06:00:00+00:00,67.4025
2014-12-08 07:00:00+00:00,64.145
2014-12-08 08:00:00+00:00,45.205
2014-12-08 09:00:00+00:00,27.817500000000003
2014-12-08 10:00:00+00:00,23.02
2014-12-08 11:00:00+00:00,20.9225
2014-12-08 12:00:00+00:00,14.1225
2014-12-08 13:00:00+00:00,15.54
2014-12-08 14:00:00+00:00,24.8075
2014-12-08 15:00:00+00:00,39.375
2014-12-08 16:00:00+00:00,76.055
2014-12-08 17:00:00+00:00,83.305
2014-12-08 18:00:00+00:00,91.0925
2014-12-08 19:00:00+00:00,96.2675
2014-12-08 20:00:00+00:00,95.29
2014-12-08 21:00:00+00:00,81.52250000000001
2014-12-08 22:00:00+00:00,72.88
2014-12-08 23:00:00+00:00,55.6775
2014-12-09 00:00:00+00:00,47.1675
2014-12-09 01:00:00+00:00,43.7075
2014-12-09 02:00:00+00:00,39.975
2014-12-09 03:00:00+00:00,36.6125
2014-12-09 04:00:00+00:00,42.12
2014-12-09 05:00:00+00:00,57.0075
2014-12-09 06:00:00+00:00,79.55
2014-12-09 07:00:00+00:00,85.77
2014-12-09 08:00:00+00:00,62.18
2014-12-09 09:00:00+00:00,36.645
2014-12-09 10:00:00+00:00,11.6075
2014-12-09 11:00:00+00:00,11.1675
2014-12-09 12:00:00+00:00,11.605
2014-12-09 13:00:00+00:00,16.7875
2014-12-09 14:00:00+00:00,38.6725
2014-12-09 15:00:00+00:00,69.755
2014-12-09 16:00:00+00:00,92.6925
2014-12-09 17:00:00+00:00,104.3175
2014-12-09 18:00:00+00:00,117.5975
2014-12-09 19:00:00+00:00,126.465
2014-12-09 20:00:00+00:00,130.1725
2014-12-09 21:00:00+00:00,104.44
2014-12-09 22:00:00+00:00,94.435
2014-12-09 23:00:00+00:00,97.1275
2014-12-10 00:00:00+00:00,87.475
2014-12-10 01:00:00+00:00,85.4575
2014-12-10 02:00:00+00:00,81.8
2014-12-10 03:00:00+00:00,84.1
2014-12-10 04:00:00+00:00,87.4325
2014-12-10 05:00:00+00:00,96.49
2014-12-10 06:00:00+00:00,108.25
2014-12-10 07:00:00+00:00,114.3925
2014-12-10 08:00:00+00:00,108.5225
2014-12-10 09:00:00+00:00,104.27
2014-12-10 10:00:00+00:00,100.6475
2014-12-10 11:00:00+00:00,98.4275
2014-12-10 12:00:00+00:00,97.42
2014-12-10 13:00:00+00:00,98.4475
2014-12-10 14:00:00+00:00,101.08
2014-12-10 15:00:00+00:00,108.4025
2014-12-10 16:00:00+00:00,115.1825
2014-12-10 17:00:00+00:00,118.2825
2014-12-10 18:00:00+00:00,119.9275
2014-12-10 19:00:00+00:00,124.67
2014-12-10 20:00:00+00:00,119.9175
2014-12-10 21:00:00+00:00,112.205
2014-12-10 22:00:00+00:00,102.2175
2014-12-10 23:00:00+00:00,103.52
2014-12-11 00:00:00+00:00,93.805
2014-12-11 01:00:00+00:00,92.33
2014-12-11 02:00:00+00:00,82.845
2014-12-11 03:00:00+00:00,80.46000000000001
2014-12-11 04:00:00+00:00,82.2675
2014-12-11 05:00:00+00:00,95.085
2014-12-11 06:00:00+00:00,112.995
2014-12-11 07:00:00+00:00,118.51
2014-12-11 08:00:00+00:00,105.225
2014-12-11 09:00:00+00:00,85.5
2014-12-11 10:00:00+00:00,78.765
2014-12-11 11:00:00+00:00,76.5475
2014-12-11 12:00:00+00:00,75.015
2014-12-11 13:00:00+00:00,75.15
2014-12-11 14:00:00+00:00,77.84
2014-12-11 15:00:00+00:00,92.7625
2014-12-11 16:00:00+00:00,112.775
2014-12-11 17:00:00+00:00,110.995
2014-12-11 18:00:00+00:00,115.5775
2014-12-11 19:00:00+00:00,124.5225
2014-12-11 20:00:00+00:00,118.0025
2014-12-11 21:00:00+00:00,103.2875
2014-12-11 22:00:00+00:00,94.745
2014-12-11 23:00:00+00:00,94.045
2014-12-12 00:00:00+00:00,79.0575
2014-12-12 01:00:00+00:00,76.7825
2014-12-12 02:00:00+00:00,75.24
2014-12-12 03:00:00+00:00,75.7125
2014-12-12 04:00:00+00:00,82.2675
2014-12-12 05:00:00+00:00,94.4375
2014-12-12 06:00:00+00:00,104.185
2014-12-12 07:00:00+00:00,119.175
2014-12-12 08:00:00+00:00,110.1875
2014-12-12 09:00:00+00:00,102.9275
2014-12-12 10:00:00+00:00,103.6275
2014-12-12 11:00:00+00:00,100.19
2014-12-12 12:00:00+00:00,98.145
2014-12-12 13:00:00+00:00,99.1125
2014-12-12 14:00:00+00:00,94.435
2014-12-12 15:00:00+00:00,97.27
2014-12-12 16:00:00+00:00,105.0475
2014-12-12 17:00:00+00:00,112.9775
2014-12-12 18:00:00+00:00,109.445
2014-12-12 19:00:00+00:00,108.9925
2014-12-12 20:00:00+00:00,104.82
2014-12-12 21:00:00+00:00,96.125
2014-12-12 22:00:00+00:00,88.235
2014-12-12 23:00:00+00:00,90.73
2014-12-13 00:00:00+00:00,81.0925
2014-12-13 01:00:00+00:00,74.39
2014-12-13 02:00:00+00:00,68.945
2014-12-13 03:00:00+00:00,65.74
2014-12-13 04:00:00+00:00,67.1225
2014-12-13 05:00:00+00:00,70.575
2014-12-13 06:00:00+00:00,78.3075
2014-12-13 07:00:00+00:00,84.9575
2014-12-13 08:00:00+00:00,80.7875
2014-12-13 09:00:00+00:00,72.435
2014-12-13 10:00:00+00:00,67.6375
2014-12-13 11:00:00+00:00,65.52250000000001
2014-12-13 12:00:00+00:00,59.31
2014-12-13 13:00:00+00:00,59.9825
2014-12-13 14:00:00+00:00,66.4225
2014-12-13 15:00:00+00:00,76.62
2014-12-13 16:00:00+00:00,91.905
2014-12-13 17:00:00+00:00,99.41
2014-12-13 18:00:00+00:00,96.28
2014-12-13 19:00:00+00:00,97.8975
2014-12-13 20:00:00+00:00,98.6175
2014-12-13 21:00:00+00:00,98.2275
2014-12-13 22:00:00+00:00,87.8075
2014-12-13 23:00:00+00:00,86.78
2014-12-14 00:00:00+00:00,76.0575
2014-12-14 01:00:00+00:00,70.7375
2014-12-14 02:00:00+00:00,68.46000000000001
2014-12-14 03:00:00+00:00,65.07499999999999
2014-12-14 04:00:00+00:00,66.03
2014-12-14 05:00:00+00:00,70.7625
2014-12-14 06:00:00+00:00,72.5275
2014-12-14 07:00:00+00:00,73.465
2014-12-14 08:00:00+00:00,72.36
2014-12-14 09:00:00+00:00,68.1
2014-12-14 10:00:00+00:00,61.69
2014-12-14 11:00:00+00:00,62.285
2014-12-14 12:00:00+00:00,59.0025
2014-12-14 13:00:00+00:00,59.1275
2014-12-14 14:00:00+00:00,63.4225
2014-12-14 15:00:00+00:00,74.8925
2014-12-14 16:00:00+00:00,93.1275
2014-12-14 17:00:00+00:00,105.97
2014-12-14 18:00:00+00:00,105.935
2014-12-14 19:00:00+00:00,106.68
2014-12-14 20:00:00+00:00,106.055
2014-12-14 21:00:00+00:00,102.145
2014-12-14 22:00:00+00:00,94.9
2014-12-14 23:00:00+00:00,83.43
2014-12-15 00:00:00+00:00,71.72749999999999
2014-12-15 01:00:00+00:00,71.1775
2014-12-15 02:00:00+00:00,70.1225
2014-12-15 03:00:00+00:00,67.03
2014-12-15 04:00:00+00:00,70.97749999999999
2014-12-15 05:00:00+00:00,83.105
2014-12-15 06:00:00+00:00,96.5775
2014-12-15 07:00:00+00:00,106.1
2014-12-15 08:00:00+00:00,101.325
2014-12-15 09:00:00+00:00,95.6
2014-12-15 10:00:00+00:00,88.5575
2014-12-15 11:00:00+00:00,84.64500000000001
2014-12-15 12:00:00+00:00,85.44
2014-12-15 13:00:00+00:00,91.2014
2014-12-15 14:00:00+00:00,99.3875
2014-12-15 15:00:00+00:00,104.3525
2014-12-15 16:00:00+00:00,104.255
2014-12-15 17:00:00+00:00,102.52
2014-12-15 18:00:00+00:00,105.4325
2014-12-15 19:00:00+00:00,115.0425
2014-12-15 20:00:00+00:00,112.5375
2014-12-15 21:00:00+00:00,109.765
2014-12-15 22:00:00+00:00,98.9725
2014-12-15 23:00:00+00:00,95.725
2014-12-16 00:00:00+00:00,86.0
2014-12-16 01:00:00+00:00,81.4775
2014-12-16 02:00:00+00:00,76.4575
2014-12-16 03:00:00+00:00,74.5
2014-12-16 04:00:00+00:00,76.13
2014-12-16 05:00:00+00:00,87.6325
2014-12-16 06:00:00+00:00,93.17
2014-12-16 07:00:00+00:00,99.2275
2014-12-16 08:00:00+00:00,99.0625
2014-12-16 09:00:00+00:00,92.6925
2014-12-16 10:00:00+00:00,89.45
2014-12-16 11:00:00+00:00,88.5
2014-12-16 12:00:00+00:00,85.89750000000001
2014-12-16 13:00:00+00:00,88.4875
2014-12-16 14:00:00+00:00,95.7125
2014-12-16 15:00:00+00:00,99.4225
2014-12-16 16:00:00+00:00,107.7275
2014-12-16 17:00:00+00:00,122.4025
2014-12-16 18:00:00+00:00,132.915
2014-12-16 19:00:00+00:00,115.3725
2014-12-16 20:00:00+00:00,102.0625
2014-12-16 21:00:00+00:00,93.6775
2014-12-16 22:00:00+00:00,84.945
2014-12-16 23:00:00+00:00,83.135
2014-12-17 00:00:00+00:00,82.2625
2014-12-17 01:00:00+00:00,81.2125
2014-12-17 02:00:00+00:00,77.5325
2014-12-17 03:00:00+00:00,76.525
2014-12-17 04:00:00+00:00,78.59
2014-12-17 05:00:00+00:00,97.9275
2014-12-17 06:00:00+00:00,113.8225
2014-12-17 07:00:00+00:00,136.1575
2014-12-17 08:00:00+00:00,114.845
2014-12-17 09:00:00+00:00,98.46
2014-12-17 10:00:00+00:00,90.665
2014-12-17 11:00:00+00:00,87.86
2014-12-17 12:00:00+00:00,84.375
2014-12-17 13:00:00+00:00,86.235
2014-12-17 14:00:00+00:00,94.0075
2014-12-17 15:00:00+00:00,110.1325
2014-12-17 16:00:00+00:00,112.4025
2014-12-17 17:00:00+00:00,124.2175
2014-12-17 18:00:00+00:00,123.0525
2014-12-17 19:00:00+00:00,136.155
2014-12-17 20:00:00+00:00,123.4825
2014-12-17 21:00:00+00:00,115.1425
2014-12-17 22:00:00+00:00,105.655
2014-12-17 23:00:00+00:00,109.35
2014-12-18 00:00:00+00:00,99.6125
2014-12-18 01:00:00+00:00,97.335
2014-12-18 02:00:00+00:00,87.7825
2014-12-18 03:00:00+00:00,84.25
2014-12-18 04:00:00+00:00,84.785
2014-12-18 05:00:00+00:00,93.4775
2014-12-18 06:00:00+00:00,98.46
2014-12-18 07:00:00+00:00,105.3775
2014-12-18 08:00:00+00:00,92.0275
2014-12-18 09:00:00+00:00,76.2325
2014-12-18 10:00:00+00:00,46.1775
2014-12-18 11:00:00+00:00,40.6625
2014-12-18 12:00:00+00:00,30.4725
2014-12-18 13:00:00+00:00,32.4375
2014-12-18 14:00:00+00:00,60.975
2014-12-18 15:00:00+00:00,79.79
2014-12-18 16:00:00+00:00,99.1825
2014-12-18 17:00:00+00:00,103.595
2014-12-18 18:00:00+00:00,108.605
2014-12-18 19:00:00+00:00,110.8475
2014-12-18 20:00:00+00:00,109.185
2014-12-18 21:00:00+00:00,98.3325
2014-12-18 22:00:00+00:00,92.225
2014-12-18 23:00:00+00:00,89.4725
2014-12-19 00:00:00+00:00,86.5625
2014-12-19 01:00:00+00:00,83.3175
2014-12-19 02:00:00+00:00,81.4025
2014-12-19 03:00:00+00:00,83.1725
2014-12-19 04:00:00+00:00,88.41499999999999
2014-12-19 05:00:00+00:00,99.1575
2014-12-19 06:00:00+00:00,113.2014
2014-12-19 07:00:00+00:00,113.595
2014-12-19 08:00:00+00:00,109.0625
2014-12-19 09:00:00+00:00,105.105
2014-12-19 10:00:00+00:00,104.5125
2014-12-19 11:00:00+00:00,103.43
2014-12-19 12:00:00+00:00,104.3
2014-12-19 13:00:00+00:00,107.2125
2014-12-19 14:00:00+00:00,107.7375
2014-12-19 15:00:00+00:00,103.0475
2014-12-19 16:00:00+00:00,103.825
2014-12-19 17:00:00+00:00,113.7925
2014-12-19 18:00:00+00:00,116.095
2014-12-19 19:00:00+00:00,117.51
2014-12-19 20:00:00+00:00,115.5475
2014-12-19 21:00:00+00:00,110.8775
2014-12-19 22:00:00+00:00,105.895
2014-12-19 23:00:00+00:00,92.98
2014-12-20 00:00:00+00:00,83.505
2014-12-20 01:00:00+00:00,77.63
2014-12-20 02:00:00+00:00,68.245
2014-12-20 03:00:00+00:00,67.5925
2014-12-20 04:00:00+00:00,67.055
2014-12-20 05:00:00+00:00,73.2
2014-12-20 06:00:00+00:00,75.54499999999999
2014-12-20 07:00:00+00:00,79.25
2014-12-20 08:00:00+00:00,80.8375
2014-12-20 09:00:00+00:00,75.0275
2014-12-20 10:00:00+00:00,65.0775
2014-12-20 11:00:00+00:00,59.8525
2014-12-20 12:00:00+00:00,49.8675
2014-12-20 13:00:00+00:00,52.515
2014-12-20 14:00:00+00:00,54.92
2014-12-20 15:00:00+00:00,63.7175
2014-12-20 16:00:00+00:00,74.5825
2014-12-20 17:00:00+00:00,76.4375
2014-12-20 18:00:00+00:00,77.535
2014-12-20 19:00:00+00:00,73.2825
2014-12-20 20:00:00+00:00,69.4075
2014-12-20 21:00:00+00:00,73.16749999999999
2014-12-20 22:00:00+00:00,67.2014
2014-12-20 23:00:00+00:00,49.7825
2014-12-21 00:00:00+00:00,56.4375
2014-12-21 01:00:00+00:00,51.5
2014-12-21 02:00:00+00:00,46.6175
2014-12-21 03:00:00+00:00,42.64
2014-12-21 04:00:00+00:00,41.71
2014-12-21 05:00:00+00:00,48.96
2014-12-21 06:00:00+00:00,55.7225
2014-12-21 07:00:00+00:00,63.6875
2014-12-21 08:00:00+00:00,64.69999999999999
2014-12-21 09:00:00+00:00,61.555
2014-12-21 10:00:00+00:00,60.8
2014-12-21 11:00:00+00:00,63.23
2014-12-21 12:00:00+00:00,58.7275
2014-12-21 13:00:00+00:00,56.4625
2014-12-21 14:00:00+00:00,59.35
2014-12-21 15:00:00+00:00,62.58
2014-12-21 16:00:00+00:00,67.32
2014-12-21 17:00:00+00:00,76.61749999999999
2014-12-21 18:00:00+00:00,82.33500000000001
2014-12-21 19:00:00+00:00,81.5075
2014-12-21 20:00:00+00:00,75.575
2014-12-21 21:00:00+00:00,76.7825
2014-12-21 22:00:00+00:00,70.91
2014-12-21 23:00:00+00:00,56.155
2014-12-22 00:00:00+00:00,46.5025
2014-12-22 01:00:00+00:00,43.715
2014-12-22 02:00:00+00:00,37.625
2014-12-22 03:00:00+00:00,26.085
2014-12-22 04:00:00+00:00,36.4
2014-12-22 05:00:00+00:00,58.6575
2014-12-22 06:00:00+00:00,79.3625
2014-12-22 07:00:00+00:00,87.25999999999999
2014-12-22 08:00:00+00:00,88.4175
2014-12-22 09:00:00+00:00,84.975
2014-12-22 10:00:00+00:00,72.455
2014-12-22 11:00:00+00:00,66.74
2014-12-22 12:00:00+00:00,59.9175
2014-12-22 13:00:00+00:00,62.025
2014-12-22 14:00:00+00:00,69.58
2014-12-22 15:00:00+00:00,84.75
2014-12-22 16:00:00+00:00,95.3125
2014-12-22 17:00:00+00:00,101.5725
2014-12-22 18:00:00+00:00,97.9225
2014-12-22 19:00:00+00:00,91.74
2014-12-22 20:00:00+00:00,85.28
2014-12-22 21:00:00+00:00,84.095
2014-12-22 22:00:00+00:00,77.85
2014-12-22 23:00:00+00:00,70.89
2014-12-23 00:00:00+00:00,62.0525
2014-12-23 01:00:00+00:00,61.3475
2014-12-23 02:00:00+00:00,59.425
2014-12-23 03:00:00+00:00,56.6525
2014-12-23 04:00:00+00:00,60.8475
2014-12-23 05:00:00+00:00,70.4
2014-12-23 06:00:00+00:00,81.0025
2014-12-23 07:00:00+00:00,87.16499999999999
2014-12-23 08:00:00+00:00,88.765
2014-12-23 09:00:00+00:00,85.1375
2014-12-23 10:00:00+00:00,83.4025
2014-12-23 11:00:00+00:00,84.175
2014-12-23 12:00:00+00:00,81.1675
2014-12-23 13:00:00+00:00,80.67
2014-12-23 14:00:00+00:00,84.32
2014-12-23 15:00:00+00:00,82.87
2014-12-23 16:00:00+00:00,85.8875
2014-12-23 17:00:00+00:00,87.4575
2014-12-23 18:00:00+00:00,86.08500000000001
2014-12-23 19:00:00+00:00,89.9675
2014-12-23 20:00:00+00:00,89.07
2014-12-23 21:00:00+00:00,81.3725
2014-12-23 22:00:00+00:00,69.82249999999999
2014-12-23 23:00:00+00:00,70.45
2014-12-24 00:00:00+00:00,48.6275
2014-12-24 01:00:00+00:00,31.525
2014-12-24 02:00:00+00:00,30.9225
2014-12-24 03:00:00+00:00,26.21
2014-12-24 04:00:00+00:00,25.425
2014-12-24 05:00:00+00:00,23.5475
2014-12-24 06:00:00+00:00,35.7725
2014-12-24 07:00:00+00:00,58.65
2014-12-24 08:00:00+00:00,50.68
2014-12-24 09:00:00+00:00,39.6475
2014-12-24 10:00:00+00:00,25.39
2014-12-24 11:00:00+00:00,17.8725
2014-12-24 12:00:00+00:00,16.6525
2014-12-24 13:00:00+00:00,17.45
2014-12-24 14:00:00+00:00,23.655
2014-12-24 15:00:00+00:00,36.27
2014-12-24 16:00:00+00:00,53.7325
2014-12-24 17:00:00+00:00,72.845
2014-12-24 18:00:00+00:00,69.06
2014-12-24 19:00:00+00:00,63.2325
2014-12-24 20:00:00+00:00,55.4
2014-12-24 21:00:00+00:00,43.8425
2014-12-24 22:00:00+00:00,38.5075
2014-12-24 23:00:00+00:00,33.1775
2014-12-25 00:00:00+00:00,30.1575
2014-12-25 01:00:00+00:00,23.3925
2014-12-25 02:00:00+00:00,15.3225
2014-12-25 03:00:00+00:00,10.6225
2014-12-25 04:00:00+00:00,15.97
2014-12-25 05:00:00+00:00,21.8375
2014-12-25 06:00:00+00:00,38.0
2014-12-25 07:00:00+00:00,42.6425
2014-12-25 08:00:00+00:00,38.9675
2014-12-25 09:00:00+00:00,30.715
2014-12-25 10:00:00+00:00,24.2825
2014-12-25 11:00:00+00:00,31.4625
2014-12-25 12:00:00+00:00,30.9775
2014-12-25 13:00:00+00:00,23.225
2014-12-25 14:00:00+00:00,35.495000000000005
2014-12-25 15:00:00+00:00,63.21
2014-12-25 16:00:00+00:00,89.5125
2014-12-25 17:00:00+00:00,95.7675
2014-12-25 18:00:00+00:00,93.2675
2014-12-25 19:00:00+00:00,97.03
2014-12-25 20:00:00+00:00,99.1675
2014-12-25 21:00:00+00:00,94.0
2014-12-25 22:00:00+00:00,90.5675
2014-12-25 23:00:00+00:00,97.1
2014-12-26 00:00:00+00:00,91.0525
2014-12-26 01:00:00+00:00,85.0825
2014-12-26 02:00:00+00:00,80.1925
2014-12-26 03:00:00+00:00,72.31
2014-12-26 04:00:00+00:00,73.03999999999999
2014-12-26 05:00:00+00:00,82.7175
2014-12-26 06:00:00+00:00,90.8575
2014-12-26 07:00:00+00:00,92.94
2014-12-26 08:00:00+00:00,93.1875
2014-12-26 09:00:00+00:00,89.25
2014-12-26 10:00:00+00:00,84.9925
2014-12-26 11:00:00+00:00,82.3125
2014-12-26 12:00:00+00:00,80.33
2014-12-26 13:00:00+00:00,77.53
2014-12-26 14:00:00+00:00,78.1125
2014-12-26 15:00:00+00:00,85.005
2014-12-26 16:00:00+00:00,93.4625
2014-12-26 17:00:00+00:00,99.95
2014-12-26 18:00:00+00:00,100.46
2014-12-26 19:00:00+00:00,111.5775
2014-12-26 20:00:00+00:00,109.495
2014-12-26 21:00:00+00:00,98.5025
2014-12-26 22:00:00+00:00,91.2625
2014-12-26 23:00:00+00:00,92.34
2014-12-27 00:00:00+00:00,88.0775
2014-12-27 01:00:00+00:00,80.525
2014-12-27 02:00:00+00:00,70.9625
2014-12-27 03:00:00+00:00,69.36
2014-12-27 04:00:00+00:00,68.945
2014-12-27 05:00:00+00:00,69.1725
2014-12-27 06:00:00+00:00,72.50750000000001
2014-12-27 07:00:00+00:00,86.79249999999999
2014-12-27 08:00:00+00:00,88.11500000000001
2014-12-27 09:00:00+00:00,75.37
2014-12-27 10:00:00+00:00,69.2575
2014-12-27 11:00:00+00:00,68.8475
2014-12-27 12:00:00+00:00,69.135
2014-12-27 13:00:00+00:00,69.35499999999999
2014-12-27 14:00:00+00:00,69.9925
2014-12-27 15:00:00+00:00,81.97749999999999
2014-12-27 16:00:00+00:00,91.1575
2014-12-27 17:00:00+00:00,96.57
2014-12-27 18:00:00+00:00,98.4
2014-12-27 19:00:00+00:00,91.765
2014-12-27 20:00:00+00:00,86.70750000000001
2014-12-27 21:00:00+00:00,86.6275
2014-12-27 22:00:00+00:00,80.82
2014-12-27 23:00:00+00:00,62.5025
2014-12-28 00:00:00+00:00,63.7525
2014-12-28 01:00:00+00:00,54.505
2014-12-28 02:00:00+00:00,48.855
2014-12-28 03:00:00+00:00,51.8625
2014-12-28 04:00:00+00:00,55.2
2014-12-28 05:00:00+00:00,65.87
2014-12-28 06:00:00+00:00,70.3075
2014-12-28 07:00:00+00:00,79.5375
2014-12-28 08:00:00+00:00,82.9975
2014-12-28 09:00:00+00:00,79.1
2014-12-28 10:00:00+00:00,72.37
2014-12-28 11:00:00+00:00,79.31
2014-12-28 12:00:00+00:00,76.145
2014-12-28 13:00:00+00:00,78.08500000000001
2014-12-28 14:00:00+00:00,82.4325
2014-12-28 15:00:00+00:00,91.4375
2014-12-28 16:00:00+00:00,98.555
2014-12-28 17:00:00+00:00,103.045
2014-12-28 18:00:00+00:00,105.2075
2014-12-28 19:00:00+00:00,105.01
2014-12-28 20:00:00+00:00,99.4675
2014-12-28 21:00:00+00:00,98.2825
2014-12-28 22:00:00+00:00,90.6275
2014-12-28 23:00:00+00:00,99.575
2014-12-29 00:00:00+00:00,91.3325
2014-12-29 01:00:00+00:00,89.755
2014-12-29 02:00:00+00:00,88.0275
2014-12-29 03:00:00+00:00,89.99000000000001
2014-12-29 04:00:00+00:00,92.0575
2014-12-29 05:00:00+00:00,101.29
2014-12-29 06:00:00+00:00,116.99
2014-12-29 07:00:00+00:00,127.165
2014-12-29 08:00:00+00:00,114.06
2014-12-29 09:00:00+00:00,102.985
2014-12-29 10:00:00+00:00,93.27
2014-12-29 11:00:00+00:00,89.74249999999999
2014-12-29 12:00:00+00:00,89.5925
2014-12-29 13:00:00+00:00,95.1575
2014-12-29 14:00:00+00:00,95.7675
2014-12-29 15:00:00+00:00,102.85
2014-12-29 16:00:00+00:00,113.01
2014-12-29 17:00:00+00:00,123.85
2014-12-29 18:00:00+00:00,125.005
2014-12-29 19:00:00+00:00,158.135
2014-12-29 20:00:00+00:00,147.54500000000002
2014-12-29 21:00:00+00:00,120.86
2014-12-29 22:00:00+00:00,104.73
2014-12-29 23:00:00+00:00,104.79
2014-12-30 00:00:00+00:00,97.6725
2014-12-30 01:00:00+00:00,87.3375
2014-12-30 02:00:00+00:00,85.47999999999999
2014-12-30 03:00:00+00:00,82.09
2014-12-30 04:00:00+00:00,82.355
2014-12-30 05:00:00+00:00,84.1975
2014-12-30 06:00:00+00:00,90.105
2014-12-30 07:00:00+00:00,99.6075
2014-12-30 08:00:00+00:00,94.9725
2014-12-30 09:00:00+00:00,85.92
2014-12-30 10:00:00+00:00,79.38
2014-12-30 11:00:00+00:00,76.155
2014-12-30 12:00:00+00:00,73.0425
2014-12-30 13:00:00+00:00,73.025
2014-12-30 14:00:00+00:00,75.85
2014-12-30 15:00:00+00:00,87.15
2014-12-30 16:00:00+00:00,99.595
2014-12-30 17:00:00+00:00,104.8975
2014-12-30 18:00:00+00:00,105.765
2014-12-30 19:00:00+00:00,105.2725
2014-12-30 20:00:00+00:00,106.52
2014-12-30 21:00:00+00:00,104.745
2014-12-30 22:00:00+00:00,103.7075
2014-12-30 23:00:00+00:00,100.4025
2014-12-31 00:00:00+00:00,85.3575
2014-12-31 01:00:00+00:00,81.535
2014-12-31 02:00:00+00:00,76.58
2014-12-31 03:00:00+00:00,75.1575
2014-12-31 04:00:00+00:00,77.38499999999999
2014-12-31 05:00:00+00:00,83.6
2014-12-31 06:00:00+00:00,95.0775
2014-12-31 07:00:00+00:00,105.935
2014-12-31 08:00:00+00:00,102.255
2014-12-31 09:00:00+00:00,97.335
2014-12-31 10:00:00+00:00,84.4975
2014-12-31 11:00:00+00:00,83.0475
2014-12-31 12:00:00+00:00,85.17
2014-12-31 13:00:00+00:00,87.595
2014-12-31 14:00:00+00:00,94.415
2014-12-31 15:00:00+00:00,104.21
2014-12-31 16:00:00+00:00,112.02
2014-12-31 17:00:00+00:00,129.115
2014-12-31 18:00:00+00:00,135.43
2014-12-31 19:00:00+00:00,131.115
2014-12-31 20:00:00+00:00,113.655
2014-12-31 21:00:00+00:00,105.8275
2014-12-31 22:00:00+00:00,100.9475
